[
    {
        "char_e": 215,
        "char_s": 0,
        "speaker": "Autor",
        "text": "Ah, Mići Princu, tako san malo po malo razumiv tvoje miće, tužno živjenje. Tvoja je jedina razonod dugo vrimena bila samo lipota sunčeviga zahajanja! Tu san novu pojedinost doznav četrtiga dana jutro kad si mi rekav:",
        "time_e": 90.54,
        "time_s": 73.15,
        "words": [
            {
                "char_e": 2,
                "char_s": 0,
                "time_e": 73.33,
                "time_s": 73.15
            },
            {
                "char_e": 8,
                "char_s": 4,
                "time_e": 73.77,
                "time_s": 73.42
            },
            {
                "char_e": 15,
                "char_s": 9,
                "time_e": 74.33,
                "time_s": 73.78
            },
            {
                "char_e": 21,
                "char_s": 17,
                "time_e": 74.91,
                "time_s": 74.59
            },
            {
                "char_e": 25,
                "char_s": 22,
                "time_e": 75.08,
                "time_s": 74.92
            },
            {
                "char_e": 30,
                "char_s": 26,
                "time_e": 75.42,
                "time_s": 75.09
            },
            {
                "char_e": 33,
                "char_s": 31,
                "time_e": 75.59,
                "time_s": 75.43
            },
            {
                "char_e": 38,
                "char_s": 34,
                "time_e": 75.96,
                "time_s": 75.6
            },
            {
                "char_e": 46,
                "char_s": 39,
                "time_e": 76.57,
                "time_s": 75.97
            },
            {
                "char_e": 52,
                "char_s": 47,
                "time_e": 76.94,
                "time_s": 76.64
            },
            {
                "char_e": 57,
                "char_s": 53,
                "time_e": 77.41,
                "time_s": 76.95
            },
            {
                "char_e": 64,
                "char_s": 59,
                "time_e": 77.89,
                "time_s": 77.42
            },
            {
                "char_e": 73,
                "char_s": 65,
                "time_e": 78.56,
                "time_s": 77.9
            },
            {
                "char_e": 80,
                "char_s": 75,
                "time_e": 79.38,
                "time_s": 78.94
            },
            {
                "char_e": 83,
                "char_s": 81,
                "time_e": 79.58,
                "time_s": 79.39
            },
            {
                "char_e": 90,
                "char_s": 84,
                "time_e": 80.0,
                "time_s": 79.59
            },
            {
                "char_e": 98,
                "char_s": 91,
                "time_e": 80.65,
                "time_s": 80.01
            },
            {
                "char_e": 103,
                "char_s": 99,
                "time_e": 81.23,
                "time_s": 80.82
            },
            {
                "char_e": 111,
                "char_s": 104,
                "time_e": 81.7,
                "time_s": 81.24
            },
            {
                "char_e": 116,
                "char_s": 112,
                "time_e": 82.32,
                "time_s": 81.71
            },
            {
                "char_e": 121,
                "char_s": 117,
                "time_e": 82.89,
                "time_s": 82.39
            },
            {
                "char_e": 128,
                "char_s": 122,
                "time_e": 83.49,
                "time_s": 82.9
            },
            {
                "char_e": 138,
                "char_s": 129,
                "time_e": 84.33,
                "time_s": 83.5
            },
            {
                "char_e": 148,
                "char_s": 139,
                "time_e": 85.11,
                "time_s": 84.37
            },
            {
                "char_e": 152,
                "char_s": 150,
                "time_e": 85.93,
                "time_s": 85.74
            },
            {
                "char_e": 156,
                "char_s": 153,
                "time_e": 86.24,
                "time_s": 85.94
            },
            {
                "char_e": 161,
                "char_s": 157,
                "time_e": 86.53,
                "time_s": 86.25
            },
            {
                "char_e": 172,
                "char_s": 162,
                "time_e": 87.24,
                "time_s": 86.54
            },
            {
                "char_e": 179,
                "char_s": 173,
                "time_e": 87.85,
                "time_s": 87.25
            },
            {
                "char_e": 188,
                "char_s": 180,
                "time_e": 88.7,
                "time_s": 87.92
            },
            {
                "char_e": 193,
                "char_s": 189,
                "time_e": 89.17,
                "time_s": 88.71
            },
            {
                "char_e": 199,
                "char_s": 194,
                "time_e": 89.63,
                "time_s": 89.22
            },
            {
                "char_e": 203,
                "char_s": 200,
                "time_e": 89.79,
                "time_s": 89.64
            },
            {
                "char_e": 206,
                "char_s": 204,
                "time_e": 89.95,
                "time_s": 89.8
            },
            {
                "char_e": 209,
                "char_s": 207,
                "time_e": 90.09,
                "time_s": 89.96
            },
            {
                "char_e": 215,
                "char_s": 210,
                "time_e": 90.54,
                "time_s": 90.1
            }
        ],
        "chars": [
            [
                73.15,
                73.43
            ],
            [
                73.43,
                73.33
            ],
            [
                73.45,
                73.33
            ],
            [
                73.49,
                73.33
            ],
            [
                73.51,
                73.33
            ],
            [
                73.55,
                73.33
            ],
            [
                73.65,
                73.33
            ],
            [
                73.67,
                73.77
            ],
            [
                73.81,
                73.77
            ],
            [
                73.83,
                73.77
            ],
            [
                73.87,
                73.77
            ],
            [
                73.93,
                73.77
            ],
            [
                74.05,
                73.77
            ],
            [
                74.15,
                73.77
            ],
            [
                74.19,
                74.33
            ],
            [
                74.59,
                74.33
            ],
            [
                74.61,
                74.33
            ],
            [
                74.65,
                74.33
            ],
            [
                74.69,
                74.33
            ],
            [
                74.83,
                74.33
            ],
            [
                74.87,
                74.33
            ],
            [
                74.89,
                74.91
            ],
            [
                74.97,
                74.91
            ],
            [
                75.01,
                75.08
            ],
            [
                75.11,
                75.08
            ],
            [
                75.13,
                75.08
            ],
            [
                75.17,
                75.08
            ],
            [
                75.21,
                75.08
            ],
            [
                75.31,
                75.08
            ],
            [
                75.35,
                75.08
            ],
            [
                75.41,
                75.42
            ],
            [
                75.49,
                75.42
            ],
            [
                75.53,
                75.59
            ],
            [
                75.65,
                75.59
            ],
            [
                75.67,
                75.59
            ],
            [
                75.69,
                75.59
            ],
            [
                75.83,
                75.59
            ],
            [
                75.87,
                75.59
            ],
            [
                75.93,
                75.96
            ],
            [
                76.01,
                75.96
            ],
            [
                76.05,
                75.96
            ],
            [
                76.15,
                75.96
            ],
            [
                76.19,
                75.96
            ],
            [
                76.29,
                75.96
            ],
            [
                76.35,
                75.96
            ],
            [
                76.49,
                76.57
            ],
            [
                76.61,
                76.57
            ],
            [
                76.69,
                76.57
            ],
            [
                76.73,
                76.57
            ],
            [
                76.77,
                76.57
            ],
            [
                76.85,
                76.57
            ],
            [
                76.87,
                76.57
            ],
            [
                76.91,
                76.94
            ],
            [
                77.01,
                76.94
            ],
            [
                77.07,
                76.94
            ],
            [
                77.25,
                76.94
            ],
            [
                77.31,
                77.41
            ],
            [
                77.43,
                77.41
            ],
            [
                77.45,
                77.41
            ],
            [
                77.53,
                77.41
            ],
            [
                77.57,
                77.41
            ],
            [
                77.71,
                77.41
            ],
            [
                77.77,
                77.41
            ],
            [
                77.83,
                77.41
            ],
            [
                77.89,
                77.89
            ],
            [
                77.97,
                77.89
            ],
            [
                78.01,
                77.89
            ],
            [
                78.11,
                77.89
            ],
            [
                78.19,
                77.89
            ],
            [
                78.23,
                77.89
            ],
            [
                78.39,
                77.89
            ],
            [
                78.43,
                77.89
            ],
            [
                78.47,
                78.56
            ],
            [
                78.95,
                78.56
            ],
            [
                78.97,
                78.56
            ],
            [
                79.01,
                78.56
            ],
            [
                79.09,
                78.56
            ],
            [
                79.11,
                78.56
            ],
            [
                79.25,
                78.56
            ],
            [
                79.29,
                79.38
            ],
            [
                79.39,
                79.38
            ],
            [
                79.43,
                79.38
            ],
            [
                79.47,
                79.38
            ],
            [
                79.49,
                79.38
            ],
            [
                79.53,
                79.38
            ],
            [
                79.55,
                79.58
            ],
            [
                79.73,
                79.58
            ],
            [
                79.77,
                79.58
            ],
            [
                79.87,
                79.58
            ],
            [
                79.93,
                79.58
            ],
            [
                79.97,
                80.0
            ],
            [
                80.03,
                80.0
            ],
            [
                80.07,
                80.0
            ],
            [
                80.19,
                80.0
            ],
            [
                80.23,
                80.0
            ],
            [
                80.35,
                80.0
            ],
            [
                80.39,
                80.0
            ],
            [
                80.55,
                80.65
            ],
            [
                80.87,
                80.65
            ],
            [
                80.97,
                80.65
            ],
            [
                81.03,
                80.65
            ],
            [
                81.13,
                80.65
            ],
            [
                81.17,
                80.65
            ],
            [
                81.23,
                81.23
            ],
            [
                81.29,
                81.23
            ],
            [
                81.33,
                81.23
            ],
            [
                81.39,
                81.23
            ],
            [
                81.47,
                81.23
            ],
            [
                81.51,
                81.23
            ],
            [
                81.59,
                81.23
            ],
            [
                81.63,
                81.23
            ],
            [
                81.69,
                81.7
            ],
            [
                81.79,
                81.7
            ],
            [
                81.83,
                81.7
            ],
            [
                81.95,
                81.7
            ],
            [
                81.99,
                82.32
            ],
            [
                82.43,
                82.32
            ],
            [
                82.63,
                82.32
            ],
            [
                82.69,
                82.32
            ],
            [
                82.79,
                82.32
            ],
            [
                82.85,
                82.32
            ],
            [
                82.89,
                82.89
            ],
            [
                82.95,
                82.89
            ],
            [
                82.99,
                82.89
            ],
            [
                83.17,
                82.89
            ],
            [
                83.21,
                82.89
            ],
            [
                83.35,
                82.89
            ],
            [
                83.41,
                83.49
            ],
            [
                83.51,
                83.49
            ],
            [
                83.59,
                83.49
            ],
            [
                83.67,
                83.49
            ],
            [
                83.75,
                83.49
            ],
            [
                83.87,
                83.49
            ],
            [
                83.93,
                83.49
            ],
            [
                84.01,
                83.49
            ],
            [
                84.05,
                83.49
            ],
            [
                84.15,
                83.49
            ],
            [
                84.19,
                84.33
            ],
            [
                84.41,
                84.33
            ],
            [
                84.49,
                84.33
            ],
            [
                84.53,
                84.33
            ],
            [
                84.67,
                84.33
            ],
            [
                84.71,
                84.33
            ],
            [
                84.85,
                84.33
            ],
            [
                84.89,
                84.33
            ],
            [
                84.99,
                84.33
            ],
            [
                85.03,
                84.33
            ],
            [
                85.07,
                85.11
            ],
            [
                85.69,
                85.11
            ],
            [
                85.71,
                85.11
            ],
            [
                85.81,
                85.11
            ],
            [
                85.85,
                85.11
            ],
            [
                85.93,
                85.93
            ],
            [
                86.03,
                85.93
            ],
            [
                86.07,
                85.93
            ],
            [
                86.19,
                85.93
            ],
            [
                86.21,
                86.24
            ],
            [
                86.27,
                86.24
            ],
            [
                86.31,
                86.24
            ],
            [
                86.41,
                86.24
            ],
            [
                86.47,
                86.24
            ],
            [
                86.51,
                86.53
            ],
            [
                86.63,
                86.53
            ],
            [
                86.65,
                86.53
            ],
            [
                86.75,
                86.53
            ],
            [
                86.79,
                86.53
            ],
            [
                86.89,
                86.53
            ],
            [
                86.95,
                86.53
            ],
            [
                87.07,
                86.53
            ],
            [
                87.11,
                86.53
            ],
            [
                87.21,
                86.53
            ],
            [
                87.23,
                87.24
            ],
            [
                87.25,
                87.24
            ],
            [
                87.33,
                87.24
            ],
            [
                87.37,
                87.24
            ],
            [
                87.47,
                87.24
            ],
            [
                87.55,
                87.24
            ],
            [
                87.61,
                87.24
            ],
            [
                87.75,
                87.85
            ],
            [
                87.91,
                87.85
            ],
            [
                88.01,
                87.85
            ],
            [
                88.43,
                87.85
            ],
            [
                88.59,
                87.85
            ],
            [
                88.61,
                87.85
            ],
            [
                88.63,
                87.85
            ],
            [
                88.65,
                87.85
            ],
            [
                88.67,
                87.85
            ],
            [
                88.69,
                88.7
            ],
            [
                88.71,
                88.7
            ],
            [
                88.77,
                88.7
            ],
            [
                88.81,
                88.7
            ],
            [
                88.97,
                88.7
            ],
            [
                89.01,
                89.17
            ],
            [
                89.25,
                89.17
            ],
            [
                89.35,
                89.17
            ],
            [
                89.39,
                89.17
            ],
            [
                89.49,
                89.17
            ],
            [
                89.55,
                89.17
            ],
            [
                89.57,
                89.17
            ],
            [
                89.63,
                89.63
            ],
            [
                89.69,
                89.63
            ],
            [
                89.73,
                89.79
            ],
            [
                89.85,
                89.79
            ],
            [
                89.87,
                89.79
            ],
            [
                89.89,
                89.79
            ],
            [
                89.91,
                89.95
            ],
            [
                89.97,
                89.95
            ],
            [
                89.99,
                89.95
            ],
            [
                90.05,
                89.95
            ],
            [
                90.09,
                90.09
            ],
            [
                90.11,
                90.09
            ],
            [
                90.19,
                90.09
            ],
            [
                90.31,
                90.09
            ],
            [
                90.37,
                90.09
            ],
            [
                90.47,
                90.09
            ],
            [
                90.51,
                90.09
            ]
        ]
    },
    {
        "char_e": 275,
        "char_s": 219,
        "speaker": "Mići Princ",
        "text": "Volin kad sunce zahaja van. Ala, homo gledat kako zapada!",
        "time_e": 94.87,
        "time_s": 91.14,
        "words": [
            {
                "char_e": 224,
                "char_s": 219,
                "time_e": 91.4,
                "time_s": 91.14
            },
            {
                "char_e": 228,
                "char_s": 225,
                "time_e": 91.59,
                "time_s": 91.41
            },
            {
                "char_e": 234,
                "char_s": 229,
                "time_e": 91.84,
                "time_s": 91.6
            },
            {
                "char_e": 241,
                "char_s": 235,
                "time_e": 92.56,
                "time_s": 91.97
            },
            {
                "char_e": 245,
                "char_s": 242,
                "time_e": 92.9,
                "time_s": 92.57
            },
            {
                "char_e": 250,
                "char_s": 247,
                "time_e": 93.4,
                "time_s": 93.2
            },
            {
                "char_e": 256,
                "char_s": 252,
                "time_e": 93.66,
                "time_s": 93.5
            },
            {
                "char_e": 263,
                "char_s": 257,
                "time_e": 93.96,
                "time_s": 93.67
            },
            {
                "char_e": 268,
                "char_s": 264,
                "time_e": 94.23,
                "time_s": 93.97
            },
            {
                "char_e": 275,
                "char_s": 269,
                "time_e": 94.87,
                "time_s": 94.24
            }
        ],
        "chars": [
            [
                91.14,
                91.18
            ],
            [
                91.18,
                91.26
            ],
            [
                91.26,
                91.3
            ],
            [
                91.3,
                91.36
            ],
            [
                91.36,
                91.38
            ],
            [
                91.38,
                91.4
            ],
            [
                91.44,
                91.4
            ],
            [
                91.48,
                91.4
            ],
            [
                91.54,
                91.4
            ],
            [
                91.56,
                91.59
            ],
            [
                91.64,
                91.59
            ],
            [
                91.68,
                91.59
            ],
            [
                91.76,
                91.84
            ],
            [
                91.86,
                91.84
            ],
            [
                91.92,
                91.84
            ],
            [
                91.96,
                91.84
            ],
            [
                92.02,
                91.84
            ],
            [
                92.06,
                91.84
            ],
            [
                92.22,
                91.84
            ],
            [
                92.28,
                91.84
            ],
            [
                92.46,
                91.84
            ],
            [
                92.5,
                92.56
            ],
            [
                92.6,
                92.56
            ],
            [
                92.62,
                92.56
            ],
            [
                92.64,
                92.56
            ],
            [
                92.78,
                92.9
            ],
            [
                93.22,
                92.9
            ],
            [
                93.24,
                92.9
            ],
            [
                93.28,
                92.9
            ],
            [
                93.32,
                92.9
            ],
            [
                93.4,
                93.4
            ],
            [
                93.42,
                93.4
            ],
            [
                93.44,
                93.4
            ],
            [
                93.46,
                93.4
            ],
            [
                93.52,
                93.4
            ],
            [
                93.6,
                93.4
            ],
            [
                93.64,
                93.4
            ],
            [
                93.66,
                93.66
            ],
            [
                93.72,
                93.66
            ],
            [
                93.76,
                93.66
            ],
            [
                93.8,
                93.66
            ],
            [
                93.86,
                93.66
            ],
            [
                93.88,
                93.66
            ],
            [
                93.9,
                93.66
            ],
            [
                93.94,
                93.96
            ],
            [
                94.0,
                93.96
            ],
            [
                94.02,
                93.96
            ],
            [
                94.12,
                93.96
            ],
            [
                94.16,
                93.96
            ],
            [
                94.2,
                93.96
            ],
            [
                94.22,
                94.23
            ],
            [
                94.32,
                94.23
            ],
            [
                94.48,
                94.23
            ],
            [
                94.52,
                94.23
            ],
            [
                94.74,
                94.23
            ],
            [
                94.78,
                94.23
            ],
            [
                94.84,
                94.23
            ]
        ]
    },
    {
        "char_e": 292,
        "char_s": 279,
        "speaker": "Autor",
        "text": "Ma rabi čekat!",
        "time_e": 96.11,
        "time_s": 95.19,
        "words": [
            {
                "char_e": 281,
                "char_s": 279,
                "time_e": 95.33,
                "time_s": 95.19
            },
            {
                "char_e": 286,
                "char_s": 282,
                "time_e": 95.61,
                "time_s": 95.34
            },
            {
                "char_e": 292,
                "char_s": 287,
                "time_e": 96.11,
                "time_s": 95.62
            }
        ],
        "chars": [
            [
                95.19,
                95.29
            ],
            [
                95.29,
                95.33
            ],
            [
                95.35,
                95.33
            ],
            [
                95.37,
                95.33
            ],
            [
                95.41,
                95.33
            ],
            [
                95.51,
                95.33
            ],
            [
                95.55,
                95.33
            ],
            [
                95.61,
                95.61
            ],
            [
                95.69,
                95.61
            ],
            [
                95.75,
                95.61
            ],
            [
                95.89,
                95.61
            ],
            [
                95.93,
                95.61
            ],
            [
                96.03,
                95.61
            ],
            [
                96.07,
                95.61
            ]
        ]
    },
    {
        "char_e": 309,
        "char_s": 296,
        "speaker": "Mići Princ",
        "text": "Ča rabi čekat?",
        "time_e": 97.51,
        "time_s": 96.65,
        "words": [
            {
                "char_e": 298,
                "char_s": 296,
                "time_e": 96.74,
                "time_s": 96.65
            },
            {
                "char_e": 303,
                "char_s": 299,
                "time_e": 97.11,
                "time_s": 96.93
            },
            {
                "char_e": 309,
                "char_s": 304,
                "time_e": 97.51,
                "time_s": 97.12
            }
        ],
        "chars": [
            [
                96.65,
                96.81
            ],
            [
                96.81,
                96.74
            ],
            [
                96.83,
                96.74
            ],
            [
                96.85,
                96.74
            ],
            [
                96.89,
                96.74
            ],
            [
                97.01,
                96.74
            ],
            [
                97.05,
                97.11
            ],
            [
                97.31,
                97.11
            ],
            [
                97.33,
                97.11
            ],
            [
                97.35,
                97.11
            ],
            [
                97.37,
                97.11
            ],
            [
                97.41,
                97.11
            ],
            [
                97.45,
                97.11
            ],
            [
                97.47,
                97.11
            ]
        ]
    },
    {
        "char_e": 341,
        "char_s": 313,
        "speaker": "Autor",
        "text": "Čekat da sunce počne zapadat.",
        "time_e": 99.98,
        "time_s": 97.78,
        "words": [
            {
                "char_e": 318,
                "char_s": 313,
                "time_e": 98.23,
                "time_s": 97.78
            },
            {
                "char_e": 321,
                "char_s": 319,
                "time_e": 98.49,
                "time_s": 98.37
            },
            {
                "char_e": 327,
                "char_s": 322,
                "time_e": 98.85,
                "time_s": 98.5
            },
            {
                "char_e": 333,
                "char_s": 328,
                "time_e": 99.31,
                "time_s": 98.94
            },
            {
                "char_e": 341,
                "char_s": 334,
                "time_e": 99.98,
                "time_s": 99.32
            }
        ],
        "chars": [
            [
                97.78,
                97.94
            ],
            [
                97.94,
                98.04
            ],
            [
                98.04,
                98.08
            ],
            [
                98.08,
                98.2
            ],
            [
                98.2,
                98.23
            ],
            [
                98.36,
                98.23
            ],
            [
                98.42,
                98.23
            ],
            [
                98.44,
                98.23
            ],
            [
                98.48,
                98.49
            ],
            [
                98.56,
                98.49
            ],
            [
                98.64,
                98.49
            ],
            [
                98.74,
                98.49
            ],
            [
                98.82,
                98.85
            ],
            [
                98.88,
                98.85
            ],
            [
                98.92,
                98.85
            ],
            [
                99.0,
                98.85
            ],
            [
                99.04,
                98.85
            ],
            [
                99.18,
                98.85
            ],
            [
                99.24,
                98.85
            ],
            [
                99.28,
                99.31
            ],
            [
                99.32,
                99.31
            ],
            [
                99.38,
                99.31
            ],
            [
                99.42,
                99.31
            ],
            [
                99.54,
                99.31
            ],
            [
                99.58,
                99.31
            ],
            [
                99.72,
                99.31
            ],
            [
                99.76,
                99.31
            ],
            [
                99.88,
                99.31
            ],
            [
                99.94,
                99.31
            ]
        ]
    },
    {
        "char_e": 370,
        "char_s": 345,
        "speaker": "Mići Princ",
        "text": "Smiron mislin da san doma!",
        "time_e": 101.87,
        "time_s": 100.61,
        "words": [
            {
                "char_e": 351,
                "char_s": 345,
                "time_e": 100.99,
                "time_s": 100.61
            },
            {
                "char_e": 358,
                "char_s": 352,
                "time_e": 101.31,
                "time_s": 101.0
            },
            {
                "char_e": 361,
                "char_s": 359,
                "time_e": 101.41,
                "time_s": 101.32
            },
            {
                "char_e": 365,
                "char_s": 362,
                "time_e": 101.61,
                "time_s": 101.42
            },
            {
                "char_e": 370,
                "char_s": 366,
                "time_e": 101.87,
                "time_s": 101.62
            }
        ],
        "chars": [
            [
                100.61,
                100.75
            ],
            [
                100.75,
                100.83
            ],
            [
                100.83,
                100.87
            ],
            [
                100.87,
                100.91
            ],
            [
                100.91,
                100.97
            ],
            [
                100.97,
                100.99
            ],
            [
                100.99,
                100.99
            ],
            [
                101.03,
                100.99
            ],
            [
                101.07,
                100.99
            ],
            [
                101.15,
                100.99
            ],
            [
                101.19,
                100.99
            ],
            [
                101.23,
                100.99
            ],
            [
                101.27,
                100.99
            ],
            [
                101.29,
                101.31
            ],
            [
                101.33,
                101.31
            ],
            [
                101.37,
                101.31
            ],
            [
                101.41,
                101.41
            ],
            [
                101.47,
                101.41
            ],
            [
                101.49,
                101.41
            ],
            [
                101.59,
                101.41
            ],
            [
                101.61,
                101.61
            ],
            [
                101.65,
                101.61
            ],
            [
                101.69,
                101.61
            ],
            [
                101.79,
                101.61
            ],
            [
                101.81,
                101.61
            ],
            [
                101.83,
                101.61
            ]
        ]
    },
    {
        "char_e": 720,
        "char_s": 372,
        "speaker": "Autor",
        "text": "I zaspraven, kad je va Meriki povne, sȉ znaju da va Francuski sunce već zapada. Bilo bi dosti kad bi čovik mogav va hipu poć va Francusku da bude tamo kad sunce zapada. Na žalost, Francuska je jako, jako dugo. Ma tebi je, na tvojin tako mićimu planetu, bilo dosti povuć kantridu za par koraki.\nI gledav biš kako sunce zapada kada god biš to poželiv.",
        "time_e": 127.81,
        "time_s": 103.02,
        "words": [
            {
                "char_e": 373,
                "char_s": 372,
                "time_e": 103.12,
                "time_s": 103.02
            },
            {
                "char_e": 383,
                "char_s": 374,
                "time_e": 103.73,
                "time_s": 103.13
            },
            {
                "char_e": 388,
                "char_s": 385,
                "time_e": 104.35,
                "time_s": 104.14
            },
            {
                "char_e": 391,
                "char_s": 389,
                "time_e": 104.47,
                "time_s": 104.36
            },
            {
                "char_e": 394,
                "char_s": 392,
                "time_e": 104.63,
                "time_s": 104.48
            },
            {
                "char_e": 401,
                "char_s": 395,
                "time_e": 105.1,
                "time_s": 104.64
            },
            {
                "char_e": 407,
                "char_s": 402,
                "time_e": 105.64,
                "time_s": 105.11
            },
            {
                "char_e": 411,
                "char_s": 409,
                "time_e": 105.95,
                "time_s": 105.71
            },
            {
                "char_e": 417,
                "char_s": 412,
                "time_e": 106.5,
                "time_s": 105.96
            },
            {
                "char_e": 420,
                "char_s": 418,
                "time_e": 106.66,
                "time_s": 106.54
            },
            {
                "char_e": 423,
                "char_s": 421,
                "time_e": 106.79,
                "time_s": 106.67
            },
            {
                "char_e": 433,
                "char_s": 424,
                "time_e": 107.53,
                "time_s": 106.8
            },
            {
                "char_e": 439,
                "char_s": 434,
                "time_e": 107.89,
                "time_s": 107.64
            },
            {
                "char_e": 443,
                "char_s": 440,
                "time_e": 108.2,
                "time_s": 107.98
            },
            {
                "char_e": 450,
                "char_s": 444,
                "time_e": 108.85,
                "time_s": 108.21
            },
            {
                "char_e": 456,
                "char_s": 452,
                "time_e": 109.2,
                "time_s": 108.89
            },
            {
                "char_e": 459,
                "char_s": 457,
                "time_e": 109.31,
                "time_s": 109.21
            },
            {
                "char_e": 465,
                "char_s": 460,
                "time_e": 109.69,
                "time_s": 109.32
            },
            {
                "char_e": 469,
                "char_s": 466,
                "time_e": 109.85,
                "time_s": 109.7
            },
            {
                "char_e": 472,
                "char_s": 470,
                "time_e": 109.95,
                "time_s": 109.86
            },
            {
                "char_e": 478,
                "char_s": 473,
                "time_e": 110.39,
                "time_s": 109.96
            },
            {
                "char_e": 484,
                "char_s": 479,
                "time_e": 110.87,
                "time_s": 110.4
            },
            {
                "char_e": 487,
                "char_s": 485,
                "time_e": 111.15,
                "time_s": 110.95
            },
            {
                "char_e": 492,
                "char_s": 488,
                "time_e": 111.5,
                "time_s": 111.16
            },
            {
                "char_e": 496,
                "char_s": 493,
                "time_e": 111.85,
                "time_s": 111.51
            },
            {
                "char_e": 499,
                "char_s": 497,
                "time_e": 111.98,
                "time_s": 111.86
            },
            {
                "char_e": 509,
                "char_s": 500,
                "time_e": 112.82,
                "time_s": 111.99
            },
            {
                "char_e": 512,
                "char_s": 510,
                "time_e": 113.0,
                "time_s": 112.86
            },
            {
                "char_e": 517,
                "char_s": 513,
                "time_e": 113.29,
                "time_s": 113.01
            },
            {
                "char_e": 522,
                "char_s": 518,
                "time_e": 113.68,
                "time_s": 113.3
            },
            {
                "char_e": 526,
                "char_s": 523,
                "time_e": 113.91,
                "time_s": 113.69
            },
            {
                "char_e": 532,
                "char_s": 527,
                "time_e": 114.26,
                "time_s": 113.92
            },
            {
                "char_e": 539,
                "char_s": 533,
                "time_e": 115.05,
                "time_s": 114.4
            },
            {
                "char_e": 543,
                "char_s": 541,
                "time_e": 115.33,
                "time_s": 115.16
            },
            {
                "char_e": 550,
                "char_s": 544,
                "time_e": 115.76,
                "time_s": 115.34
            },
            {
                "char_e": 561,
                "char_s": 552,
                "time_e": 116.5,
                "time_s": 115.89
            },
            {
                "char_e": 564,
                "char_s": 562,
                "time_e": 116.64,
                "time_s": 116.51
            },
            {
                "char_e": 569,
                "char_s": 565,
                "time_e": 117.0,
                "time_s": 116.65
            },
            {
                "char_e": 575,
                "char_s": 571,
                "time_e": 117.34,
                "time_s": 117.01
            },
            {
                "char_e": 580,
                "char_s": 576,
                "time_e": 117.79,
                "time_s": 117.35
            },
            {
                "char_e": 584,
                "char_s": 582,
                "time_e": 118.17,
                "time_s": 118.01
            },
            {
                "char_e": 589,
                "char_s": 585,
                "time_e": 118.58,
                "time_s": 118.18
            },
            {
                "char_e": 592,
                "char_s": 590,
                "time_e": 118.72,
                "time_s": 118.59
            },
            {
                "char_e": 596,
                "char_s": 594,
                "time_e": 119.06,
                "time_s": 118.91
            },
            {
                "char_e": 603,
                "char_s": 597,
                "time_e": 119.4,
                "time_s": 119.07
            },
            {
                "char_e": 608,
                "char_s": 604,
                "time_e": 119.73,
                "time_s": 119.41
            },
            {
                "char_e": 615,
                "char_s": 609,
                "time_e": 120.24,
                "time_s": 119.74
            },
            {
                "char_e": 623,
                "char_s": 616,
                "time_e": 120.96,
                "time_s": 120.25
            },
            {
                "char_e": 629,
                "char_s": 625,
                "time_e": 121.48,
                "time_s": 121.2
            },
            {
                "char_e": 635,
                "char_s": 630,
                "time_e": 121.83,
                "time_s": 121.49
            },
            {
                "char_e": 641,
                "char_s": 636,
                "time_e": 122.25,
                "time_s": 121.84
            },
            {
                "char_e": 650,
                "char_s": 642,
                "time_e": 122.9,
                "time_s": 122.26
            },
            {
                "char_e": 653,
                "char_s": 651,
                "time_e": 123.04,
                "time_s": 122.91
            },
            {
                "char_e": 657,
                "char_s": 654,
                "time_e": 123.31,
                "time_s": 123.05
            },
            {
                "char_e": 664,
                "char_s": 658,
                "time_e": 123.82,
                "time_s": 123.32
            },
            {
                "char_e": 667,
                "char_s": 666,
                "time_e": 124.23,
                "time_s": 124.1
            },
            {
                "char_e": 674,
                "char_s": 668,
                "time_e": 124.64,
                "time_s": 124.24
            },
            {
                "char_e": 678,
                "char_s": 675,
                "time_e": 124.87,
                "time_s": 124.65
            },
            {
                "char_e": 683,
                "char_s": 679,
                "time_e": 125.14,
                "time_s": 124.88
            },
            {
                "char_e": 689,
                "char_s": 684,
                "time_e": 125.5,
                "time_s": 125.15
            },
            {
                "char_e": 696,
                "char_s": 690,
                "time_e": 126.13,
                "time_s": 125.54
            },
            {
                "char_e": 701,
                "char_s": 697,
                "time_e": 126.53,
                "time_s": 126.29
            },
            {
                "char_e": 705,
                "char_s": 702,
                "time_e": 126.76,
                "time_s": 126.54
            },
            {
                "char_e": 709,
                "char_s": 706,
                "time_e": 127.03,
                "time_s": 126.77
            },
            {
                "char_e": 712,
                "char_s": 710,
                "time_e": 127.18,
                "time_s": 127.04
            },
            {
                "char_e": 720,
                "char_s": 713,
                "time_e": 127.81,
                "time_s": 127.19
            }
        ],
        "chars": [
            [
                103.02,
                103.16
            ],
            [
                103.16,
                103.12
            ],
            [
                103.18,
                103.12
            ],
            [
                103.22,
                103.12
            ],
            [
                103.32,
                103.12
            ],
            [
                103.4,
                103.12
            ],
            [
                103.44,
                103.12
            ],
            [
                103.48,
                103.12
            ],
            [
                103.6,
                103.12
            ],
            [
                103.64,
                103.73
            ],
            [
                104.14,
                103.73
            ],
            [
                104.16,
                103.73
            ],
            [
                104.18,
                103.73
            ],
            [
                104.2,
                103.73
            ],
            [
                104.24,
                103.73
            ],
            [
                104.3,
                104.35
            ],
            [
                104.36,
                104.35
            ],
            [
                104.4,
                104.35
            ],
            [
                104.44,
                104.47
            ],
            [
                104.48,
                104.47
            ],
            [
                104.52,
                104.47
            ],
            [
                104.56,
                104.47
            ],
            [
                104.58,
                104.63
            ],
            [
                104.7,
                104.63
            ],
            [
                104.74,
                104.63
            ],
            [
                104.84,
                104.63
            ],
            [
                104.86,
                104.63
            ],
            [
                105.0,
                104.63
            ],
            [
                105.04,
                104.63
            ],
            [
                105.08,
                105.1
            ],
            [
                105.2,
                105.1
            ],
            [
                105.26,
                105.1
            ],
            [
                105.42,
                105.1
            ],
            [
                105.48,
                105.1
            ],
            [
                105.54,
                105.64
            ],
            [
                105.72,
                105.64
            ],
            [
                105.74,
                105.64
            ],
            [
                105.8,
                105.64
            ],
            [
                105.94,
                105.95
            ],
            [
                105.96,
                105.95
            ],
            [
                106.0,
                105.95
            ],
            [
                106.08,
                105.95
            ],
            [
                106.12,
                105.95
            ],
            [
                106.26,
                105.95
            ],
            [
                106.28,
                106.5
            ],
            [
                106.52,
                106.5
            ],
            [
                106.58,
                106.5
            ],
            [
                106.62,
                106.66
            ],
            [
                106.68,
                106.66
            ],
            [
                106.7,
                106.66
            ],
            [
                106.74,
                106.79
            ],
            [
                106.8,
                106.79
            ],
            [
                106.86,
                106.79
            ],
            [
                106.92,
                106.79
            ],
            [
                106.96,
                106.79
            ],
            [
                107.04,
                106.79
            ],
            [
                107.12,
                106.79
            ],
            [
                107.16,
                106.79
            ],
            [
                107.28,
                106.79
            ],
            [
                107.34,
                106.79
            ],
            [
                107.4,
                107.53
            ],
            [
                107.58,
                107.53
            ],
            [
                107.66,
                107.53
            ],
            [
                107.72,
                107.53
            ],
            [
                107.8,
                107.89
            ],
            [
                107.9,
                107.89
            ],
            [
                107.94,
                107.89
            ],
            [
                108.0,
                107.89
            ],
            [
                108.02,
                107.89
            ],
            [
                108.18,
                107.89
            ],
            [
                108.2,
                108.2
            ],
            [
                108.22,
                108.2
            ],
            [
                108.24,
                108.2
            ],
            [
                108.28,
                108.2
            ],
            [
                108.42,
                108.2
            ],
            [
                108.46,
                108.2
            ],
            [
                108.6,
                108.2
            ],
            [
                108.64,
                108.85
            ],
            [
                108.9,
                108.85
            ],
            [
                108.92,
                108.85
            ],
            [
                109.0,
                108.85
            ],
            [
                109.04,
                108.85
            ],
            [
                109.12,
                108.85
            ],
            [
                109.14,
                108.85
            ],
            [
                109.18,
                109.2
            ],
            [
                109.24,
                109.2
            ],
            [
                109.26,
                109.2
            ],
            [
                109.3,
                109.31
            ],
            [
                109.36,
                109.31
            ],
            [
                109.42,
                109.31
            ],
            [
                109.54,
                109.31
            ],
            [
                109.58,
                109.31
            ],
            [
                109.62,
                109.31
            ],
            [
                109.66,
                109.69
            ],
            [
                109.74,
                109.69
            ],
            [
                109.76,
                109.69
            ],
            [
                109.8,
                109.85
            ],
            [
                109.86,
                109.85
            ],
            [
                109.88,
                109.85
            ],
            [
                109.9,
                109.85
            ],
            [
                109.92,
                109.95
            ],
            [
                110.02,
                109.95
            ],
            [
                110.08,
                109.95
            ],
            [
                110.18,
                109.95
            ],
            [
                110.24,
                109.95
            ],
            [
                110.32,
                109.95
            ],
            [
                110.38,
                110.39
            ],
            [
                110.46,
                110.39
            ],
            [
                110.48,
                110.39
            ],
            [
                110.6,
                110.39
            ],
            [
                110.64,
                110.87
            ],
            [
                110.98,
                110.87
            ],
            [
                111.0,
                110.87
            ],
            [
                111.06,
                110.87
            ],
            [
                111.1,
                111.15
            ],
            [
                111.22,
                111.15
            ],
            [
                111.24,
                111.15
            ],
            [
                111.28,
                111.15
            ],
            [
                111.42,
                111.15
            ],
            [
                111.46,
                111.15
            ],
            [
                111.5,
                111.5
            ],
            [
                111.6,
                111.5
            ],
            [
                111.66,
                111.5
            ],
            [
                111.78,
                111.5
            ],
            [
                111.84,
                111.85
            ],
            [
                111.88,
                111.85
            ],
            [
                111.92,
                111.85
            ],
            [
                111.96,
                111.98
            ],
            [
                112.04,
                111.98
            ],
            [
                112.1,
                111.98
            ],
            [
                112.16,
                111.98
            ],
            [
                112.28,
                111.98
            ],
            [
                112.36,
                111.98
            ],
            [
                112.4,
                111.98
            ],
            [
                112.5,
                111.98
            ],
            [
                112.6,
                111.98
            ],
            [
                112.64,
                112.82
            ],
            [
                112.86,
                112.82
            ],
            [
                112.94,
                112.82
            ],
            [
                112.96,
                112.82
            ],
            [
                113.0,
                113.0
            ],
            [
                113.06,
                113.0
            ],
            [
                113.1,
                113.0
            ],
            [
                113.18,
                113.0
            ],
            [
                113.22,
                113.0
            ],
            [
                113.28,
                113.29
            ],
            [
                113.38,
                113.29
            ],
            [
                113.42,
                113.29
            ],
            [
                113.56,
                113.29
            ],
            [
                113.6,
                113.68
            ],
            [
                113.76,
                113.68
            ],
            [
                113.82,
                113.68
            ],
            [
                113.84,
                113.68
            ],
            [
                113.86,
                113.91
            ],
            [
                113.92,
                113.91
            ],
            [
                113.98,
                113.91
            ],
            [
                114.06,
                113.91
            ],
            [
                114.14,
                113.91
            ],
            [
                114.24,
                114.26
            ],
            [
                114.3,
                114.26
            ],
            [
                114.36,
                114.26
            ],
            [
                114.42,
                114.26
            ],
            [
                114.46,
                114.26
            ],
            [
                114.62,
                114.26
            ],
            [
                114.66,
                114.26
            ],
            [
                114.8,
                114.26
            ],
            [
                114.84,
                115.05
            ],
            [
                115.16,
                115.05
            ],
            [
                115.18,
                115.05
            ],
            [
                115.24,
                115.05
            ],
            [
                115.28,
                115.33
            ],
            [
                115.38,
                115.33
            ],
            [
                115.4,
                115.33
            ],
            [
                115.44,
                115.33
            ],
            [
                115.56,
                115.33
            ],
            [
                115.6,
                115.33
            ],
            [
                115.7,
                115.76
            ],
            [
                115.78,
                115.76
            ],
            [
                115.88,
                115.76
            ],
            [
                115.98,
                115.76
            ],
            [
                116.0,
                115.76
            ],
            [
                116.02,
                115.76
            ],
            [
                116.04,
                115.76
            ],
            [
                116.12,
                115.76
            ],
            [
                116.2,
                115.76
            ],
            [
                116.24,
                115.76
            ],
            [
                116.32,
                115.76
            ],
            [
                116.38,
                115.76
            ],
            [
                116.44,
                115.76
            ],
            [
                116.46,
                115.76
            ],
            [
                116.48,
                115.76
            ],
            [
                116.5,
                116.5
            ],
            [
                116.52,
                116.5
            ],
            [
                116.54,
                116.5
            ],
            [
                116.56,
                116.5
            ],
            [
                116.58,
                116.5
            ],
            [
                116.6,
                116.5
            ],
            [
                116.62,
                116.5
            ],
            [
                116.64,
                116.64
            ],
            [
                116.7,
                116.64
            ],
            [
                116.74,
                116.64
            ],
            [
                116.92,
                116.64
            ],
            [
                116.96,
                116.64
            ],
            [
                117.0,
                117.0
            ],
            [
                117.42,
                117.34
            ],
            [
                117.48,
                117.34
            ],
            [
                117.6,
                117.34
            ],
            [
                117.64,
                117.79
            ],
            [
                117.96,
                117.79
            ],
            [
                117.98,
                117.79
            ],
            [
                118.06,
                117.79
            ],
            [
                118.1,
                118.17
            ],
            [
                118.22,
                118.17
            ],
            [
                118.24,
                118.17
            ],
            [
                118.28,
                118.17
            ],
            [
                118.4,
                118.17
            ],
            [
                118.44,
                118.17
            ],
            [
                118.58,
                118.58
            ],
            [
                118.6,
                118.58
            ],
            [
                118.64,
                118.72
            ],
            [
                118.9,
                118.72
            ],
            [
                118.92,
                118.72
            ],
            [
                118.98,
                118.72
            ],
            [
                119.0,
                118.72
            ],
            [
                119.04,
                119.06
            ],
            [
                119.1,
                119.06
            ],
            [
                119.16,
                119.06
            ],
            [
                119.18,
                119.06
            ],
            [
                119.26,
                119.06
            ],
            [
                119.3,
                119.06
            ],
            [
                119.38,
                119.06
            ],
            [
                119.4,
                119.4
            ],
            [
                119.48,
                119.4
            ],
            [
                119.52,
                119.4
            ],
            [
                119.64,
                119.4
            ],
            [
                119.68,
                119.4
            ],
            [
                119.72,
                119.73
            ],
            [
                119.74,
                119.73
            ],
            [
                119.88,
                119.73
            ],
            [
                120.0,
                119.73
            ],
            [
                120.06,
                119.73
            ],
            [
                120.12,
                119.73
            ],
            [
                120.18,
                119.73
            ],
            [
                120.22,
                120.24
            ],
            [
                120.32,
                120.24
            ],
            [
                120.36,
                120.24
            ],
            [
                120.4,
                120.24
            ],
            [
                120.52,
                120.24
            ],
            [
                120.56,
                120.24
            ],
            [
                120.74,
                120.24
            ],
            [
                120.78,
                120.96
            ],
            [
                121.18,
                120.96
            ],
            [
                121.2,
                120.96
            ],
            [
                121.26,
                120.96
            ],
            [
                121.3,
                120.96
            ],
            [
                121.38,
                120.96
            ],
            [
                121.4,
                120.96
            ],
            [
                121.42,
                120.96
            ],
            [
                121.46,
                120.96
            ],
            [
                121.48,
                121.48
            ],
            [
                121.5,
                121.48
            ],
            [
                121.72,
                121.48
            ],
            [
                121.78,
                121.48
            ],
            [
                121.82,
                121.83
            ],
            [
                121.92,
                121.83
            ],
            [
                121.96,
                121.83
            ],
            [
                122.06,
                121.83
            ],
            [
                122.1,
                121.83
            ],
            [
                122.22,
                122.25
            ],
            [
                122.26,
                122.25
            ],
            [
                122.32,
                122.25
            ],
            [
                122.36,
                122.25
            ],
            [
                122.42,
                122.25
            ],
            [
                122.5,
                122.25
            ],
            [
                122.58,
                122.25
            ],
            [
                122.62,
                122.25
            ],
            [
                122.8,
                122.25
            ],
            [
                122.84,
                122.25
            ],
            [
                122.9,
                122.9
            ],
            [
                122.96,
                122.9
            ],
            [
                123.0,
                122.9
            ],
            [
                123.04,
                123.04
            ],
            [
                123.12,
                123.04
            ],
            [
                123.16,
                123.04
            ],
            [
                123.24,
                123.04
            ],
            [
                123.3,
                123.31
            ],
            [
                123.36,
                123.31
            ],
            [
                123.4,
                123.31
            ],
            [
                123.48,
                123.31
            ],
            [
                123.52,
                123.31
            ],
            [
                123.76,
                123.82
            ],
            [
                124.12,
                123.82
            ],
            [
                124.14,
                123.82
            ],
            [
                124.16,
                123.82
            ],
            [
                124.18,
                123.82
            ],
            [
                124.2,
                124.23
            ],
            [
                124.28,
                124.23
            ],
            [
                124.32,
                124.23
            ],
            [
                124.38,
                124.23
            ],
            [
                124.48,
                124.23
            ],
            [
                124.52,
                124.23
            ],
            [
                124.6,
                124.23
            ],
            [
                124.62,
                124.64
            ],
            [
                124.68,
                124.64
            ],
            [
                124.72,
                124.64
            ],
            [
                124.84,
                124.87
            ],
            [
                124.88,
                124.87
            ],
            [
                124.92,
                124.87
            ],
            [
                124.96,
                124.87
            ],
            [
                125.06,
                124.87
            ],
            [
                125.1,
                124.87
            ],
            [
                125.14,
                125.14
            ],
            [
                125.22,
                125.14
            ],
            [
                125.28,
                125.14
            ],
            [
                125.36,
                125.14
            ],
            [
                125.46,
                125.5
            ],
            [
                125.52,
                125.5
            ],
            [
                125.56,
                125.5
            ],
            [
                125.62,
                125.5
            ],
            [
                125.66,
                125.5
            ],
            [
                125.82,
                125.5
            ],
            [
                125.86,
                125.5
            ],
            [
                126.0,
                125.5
            ],
            [
                126.04,
                126.13
            ],
            [
                126.28,
                126.13
            ],
            [
                126.36,
                126.13
            ],
            [
                126.4,
                126.13
            ],
            [
                126.48,
                126.13
            ],
            [
                126.5,
                126.13
            ],
            [
                126.52,
                126.53
            ],
            [
                126.58,
                126.53
            ],
            [
                126.62,
                126.53
            ],
            [
                126.74,
                126.76
            ],
            [
                126.78,
                126.76
            ],
            [
                126.82,
                126.76
            ],
            [
                126.86,
                126.76
            ],
            [
                127.0,
                127.03
            ],
            [
                127.04,
                127.03
            ],
            [
                127.06,
                127.03
            ],
            [
                127.1,
                127.03
            ],
            [
                127.16,
                127.18
            ],
            [
                127.24,
                127.18
            ],
            [
                127.28,
                127.18
            ],
            [
                127.4,
                127.18
            ],
            [
                127.46,
                127.18
            ],
            [
                127.56,
                127.18
            ],
            [
                127.6,
                127.18
            ],
            [
                127.76,
                127.18
            ],
            [
                127.78,
                127.18
            ]
        ]
    },
    {
        "char_e": 849,
        "char_s": 724,
        "speaker": "Mići Princ",
        "text": "Jeniga dana san četrdeset i tri puti videv sunce kako zapada.\n• Znaš, kad je čovik jako žalostan, rad gleda sunce kako zapada.",
        "time_e": 138.46,
        "time_s": 128.6,
        "words": [
            {
                "char_e": 730,
                "char_s": 724,
                "time_e": 128.85,
                "time_s": 128.6
            },
            {
                "char_e": 735,
                "char_s": 731,
                "time_e": 129.17,
                "time_s": 128.86
            },
            {
                "char_e": 739,
                "char_s": 736,
                "time_e": 129.4,
                "time_s": 129.18
            },
            {
                "char_e": 749,
                "char_s": 740,
                "time_e": 130.18,
                "time_s": 129.41
            },
            {
                "char_e": 751,
                "char_s": 750,
                "time_e": 130.27,
                "time_s": 130.19
            },
            {
                "char_e": 755,
                "char_s": 752,
                "time_e": 130.59,
                "time_s": 130.28
            },
            {
                "char_e": 760,
                "char_s": 756,
                "time_e": 131.14,
                "time_s": 130.6
            },
            {
                "char_e": 766,
                "char_s": 761,
                "time_e": 131.49,
                "time_s": 131.15
            },
            {
                "char_e": 772,
                "char_s": 767,
                "time_e": 131.86,
                "time_s": 131.5
            },
            {
                "char_e": 777,
                "char_s": 773,
                "time_e": 132.31,
                "time_s": 132.0
            },
            {
                "char_e": 784,
                "char_s": 778,
                "time_e": 132.95,
                "time_s": 132.32
            },
            {
                "char_e": 792,
                "char_s": 788,
                "time_e": 134.19,
                "time_s": 133.97
            },
            {
                "char_e": 797,
                "char_s": 794,
                "time_e": 134.57,
                "time_s": 134.4
            },
            {
                "char_e": 800,
                "char_s": 798,
                "time_e": 134.68,
                "time_s": 134.58
            },
            {
                "char_e": 806,
                "char_s": 801,
                "time_e": 135.0,
                "time_s": 134.69
            },
            {
                "char_e": 811,
                "char_s": 807,
                "time_e": 135.27,
                "time_s": 135.01
            },
            {
                "char_e": 820,
                "char_s": 812,
                "time_e": 135.94,
                "time_s": 135.32
            },
            {
                "char_e": 825,
                "char_s": 822,
                "time_e": 136.89,
                "time_s": 136.63
            },
            {
                "char_e": 831,
                "char_s": 826,
                "time_e": 137.14,
                "time_s": 136.9
            },
            {
                "char_e": 837,
                "char_s": 832,
                "time_e": 137.44,
                "time_s": 137.15
            },
            {
                "char_e": 842,
                "char_s": 838,
                "time_e": 137.85,
                "time_s": 137.56
            },
            {
                "char_e": 849,
                "char_s": 843,
                "time_e": 138.46,
                "time_s": 137.86
            }
        ],
        "chars": [
            [
                128.6,
                128.62
            ],
            [
                128.62,
                128.64
            ],
            [
                128.64,
                128.7
            ],
            [
                128.7,
                128.76
            ],
            [
                128.76,
                128.8
            ],
            [
                128.8,
                128.85
            ],
            [
                128.86,
                128.85
            ],
            [
                128.92,
                128.85
            ],
            [
                128.96,
                128.85
            ],
            [
                129.08,
                128.85
            ],
            [
                129.12,
                129.17
            ],
            [
                129.18,
                129.17
            ],
            [
                129.24,
                129.17
            ],
            [
                129.28,
                129.17
            ],
            [
                129.38,
                129.17
            ],
            [
                129.4,
                129.4
            ],
            [
                130.78,
                130.59
            ],
            [
                130.8,
                130.59
            ],
            [
                130.82,
                130.59
            ],
            [
                130.84,
                130.59
            ],
            [
                130.86,
                130.59
            ],
            [
                130.88,
                130.59
            ],
            [
                130.9,
                130.59
            ],
            [
                130.92,
                130.59
            ],
            [
                130.94,
                130.59
            ],
            [
                130.96,
                130.59
            ],
            [
                130.98,
                130.59
            ],
            [
                131.0,
                130.59
            ],
            [
                131.02,
                130.59
            ],
            [
                131.04,
                130.59
            ],
            [
                131.06,
                130.59
            ],
            [
                131.08,
                130.59
            ],
            [
                131.1,
                130.59
            ],
            [
                131.12,
                130.59
            ],
            [
                131.14,
                131.14
            ],
            [
                131.16,
                131.14
            ],
            [
                131.18,
                131.14
            ],
            [
                131.2,
                131.14
            ],
            [
                131.24,
                131.14
            ],
            [
                131.34,
                131.14
            ],
            [
                131.4,
                131.14
            ],
            [
                131.46,
                131.49
            ],
            [
                131.5,
                131.49
            ],
            [
                131.6,
                131.49
            ],
            [
                131.7,
                131.49
            ],
            [
                131.8,
                131.86
            ],
            [
                131.9,
                131.86
            ],
            [
                131.94,
                131.86
            ],
            [
                131.98,
                131.86
            ],
            [
                132.06,
                131.86
            ],
            [
                132.1,
                131.86
            ],
            [
                132.22,
                131.86
            ],
            [
                132.26,
                131.86
            ],
            [
                132.3,
                132.31
            ],
            [
                132.36,
                132.31
            ],
            [
                132.4,
                132.31
            ],
            [
                132.56,
                132.31
            ],
            [
                132.6,
                132.31
            ],
            [
                132.82,
                132.31
            ],
            [
                132.86,
                132.95
            ],
            [
                133.86,
                132.95
            ],
            [
                133.88,
                132.95
            ],
            [
                133.9,
                132.95
            ],
            [
                133.92,
                132.95
            ],
            [
                133.96,
                132.95
            ],
            [
                133.98,
                132.95
            ],
            [
                134.04,
                134.19
            ],
            [
                134.2,
                134.19
            ],
            [
                134.4,
                134.19
            ],
            [
                134.42,
                134.19
            ],
            [
                134.46,
                134.19
            ],
            [
                134.5,
                134.19
            ],
            [
                134.54,
                134.57
            ],
            [
                134.58,
                134.57
            ],
            [
                134.62,
                134.57
            ],
            [
                134.64,
                134.57
            ],
            [
                134.66,
                134.57
            ],
            [
                134.68,
                134.68
            ],
            [
                134.78,
                134.68
            ],
            [
                134.84,
                134.68
            ],
            [
                134.9,
                134.68
            ],
            [
                134.94,
                134.68
            ],
            [
                134.96,
                135.0
            ],
            [
                135.04,
                135.0
            ],
            [
                135.08,
                135.0
            ],
            [
                135.18,
                135.0
            ],
            [
                135.22,
                135.27
            ],
            [
                135.28,
                135.27
            ],
            [
                135.34,
                135.27
            ],
            [
                135.4,
                135.27
            ],
            [
                135.5,
                135.27
            ],
            [
                135.54,
                135.27
            ],
            [
                135.66,
                135.27
            ],
            [
                135.7,
                135.27
            ],
            [
                135.74,
                135.27
            ],
            [
                135.82,
                135.94
            ],
            [
                136.62,
                135.94
            ],
            [
                136.64,
                135.94
            ],
            [
                136.7,
                135.94
            ],
            [
                136.76,
                135.94
            ],
            [
                136.84,
                135.94
            ],
            [
                136.86,
                136.89
            ],
            [
                136.9,
                136.89
            ],
            [
                136.94,
                136.89
            ],
            [
                136.98,
                136.89
            ],
            [
                137.06,
                136.89
            ],
            [
                137.1,
                136.89
            ],
            [
                137.14,
                137.14
            ],
            [
                137.24,
                137.14
            ],
            [
                137.3,
                137.14
            ],
            [
                137.36,
                137.44
            ],
            [
                137.46,
                137.44
            ],
            [
                137.5,
                137.44
            ],
            [
                137.54,
                137.44
            ],
            [
                137.6,
                137.44
            ],
            [
                137.64,
                137.44
            ],
            [
                137.76,
                137.44
            ],
            [
                137.8,
                137.44
            ],
            [
                137.84,
                137.85
            ],
            [
                137.9,
                137.85
            ],
            [
                137.96,
                137.85
            ],
            [
                138.1,
                137.85
            ],
            [
                138.14,
                137.85
            ],
            [
                138.32,
                137.85
            ],
            [
                138.36,
                137.85
            ],
            [
                138.42,
                137.85
            ]
        ]
    },
    {
        "char_e": 919,
        "char_s": 853,
        "speaker": "Autor",
        "text": "Ča si tiga dana sih četrdeset i tri sunčeva zapadanja biv žalostan?",
        "time_e": 143.33,
        "time_s": 138.98,
        "words": [
            {
                "char_e": 855,
                "char_s": 853,
                "time_e": 139.14,
                "time_s": 138.98
            },
            {
                "char_e": 858,
                "char_s": 856,
                "time_e": 139.32,
                "time_s": 139.15
            },
            {
                "char_e": 863,
                "char_s": 859,
                "time_e": 139.63,
                "time_s": 139.33
            },
            {
                "char_e": 868,
                "char_s": 864,
                "time_e": 139.96,
                "time_s": 139.64
            },
            {
                "char_e": 872,
                "char_s": 869,
                "time_e": 140.27,
                "time_s": 139.97
            },
            {
                "char_e": 882,
                "char_s": 873,
                "time_e": 141.0,
                "time_s": 140.28
            },
            {
                "char_e": 884,
                "char_s": 883,
                "time_e": 141.11,
                "time_s": 141.01
            },
            {
                "char_e": 888,
                "char_s": 885,
                "time_e": 141.39,
                "time_s": 141.12
            },
            {
                "char_e": 896,
                "char_s": 889,
                "time_e": 141.93,
                "time_s": 141.4
            },
            {
                "char_e": 906,
                "char_s": 897,
                "time_e": 142.58,
                "time_s": 141.94
            },
            {
                "char_e": 910,
                "char_s": 907,
                "time_e": 142.78,
                "time_s": 142.59
            },
            {
                "char_e": 919,
                "char_s": 911,
                "time_e": 143.33,
                "time_s": 142.79
            }
        ],
        "chars": [
            [
                138.98,
                139.1
            ],
            [
                139.1,
                139.14
            ],
            [
                139.16,
                139.14
            ],
            [
                139.2,
                139.14
            ],
            [
                139.24,
                139.14
            ],
            [
                139.3,
                139.32
            ],
            [
                139.36,
                139.32
            ],
            [
                139.42,
                139.32
            ],
            [
                139.52,
                139.32
            ],
            [
                139.58,
                139.63
            ],
            [
                139.64,
                139.63
            ],
            [
                139.7,
                139.63
            ],
            [
                139.74,
                139.63
            ],
            [
                139.86,
                139.63
            ],
            [
                139.9,
                139.63
            ],
            [
                139.96,
                139.96
            ],
            [
                140.02,
                139.96
            ],
            [
                140.14,
                139.96
            ],
            [
                140.22,
                139.96
            ],
            [
                140.26,
                140.27
            ],
            [
                140.32,
                141.0
            ],
            [
                141.22,
                141.11
            ],
            [
                141.24,
                141.11
            ],
            [
                141.26,
                141.11
            ],
            [
                141.28,
                141.11
            ],
            [
                141.3,
                141.11
            ],
            [
                141.32,
                141.11
            ],
            [
                141.34,
                141.11
            ],
            [
                141.36,
                141.11
            ],
            [
                141.38,
                141.39
            ],
            [
                141.4,
                141.39
            ],
            [
                141.42,
                141.39
            ],
            [
                141.44,
                141.39
            ],
            [
                141.46,
                141.39
            ],
            [
                141.48,
                141.39
            ],
            [
                141.5,
                141.39
            ],
            [
                141.52,
                141.39
            ],
            [
                141.54,
                141.39
            ],
            [
                141.62,
                141.39
            ],
            [
                141.7,
                141.39
            ],
            [
                141.76,
                141.39
            ],
            [
                141.82,
                141.39
            ],
            [
                141.86,
                141.39
            ],
            [
                141.92,
                141.93
            ],
            [
                141.98,
                141.93
            ],
            [
                142.02,
                141.93
            ],
            [
                142.16,
                141.93
            ],
            [
                142.2,
                141.93
            ],
            [
                142.3,
                141.93
            ],
            [
                142.34,
                141.93
            ],
            [
                142.44,
                141.93
            ],
            [
                142.46,
                141.93
            ],
            [
                142.48,
                141.93
            ],
            [
                142.52,
                142.58
            ],
            [
                142.64,
                142.58
            ],
            [
                142.68,
                142.58
            ],
            [
                142.76,
                142.78
            ],
            [
                142.8,
                142.78
            ],
            [
                142.88,
                142.78
            ],
            [
                142.94,
                142.78
            ],
            [
                143.04,
                142.78
            ],
            [
                143.08,
                142.78
            ],
            [
                143.18,
                142.78
            ],
            [
                143.24,
                142.78
            ],
            [
                143.26,
                142.78
            ],
            [
                143.28,
                142.78
            ],
            [
                143.3,
                142.78
            ]
        ]
    }
]