[
    {
        "char_e": 109,
        "char_s": 0,
        "speaker": "Autor",
        "text": "Na tretin planetu je bivav niki pijanac. Ta vižita bila je jako kratka, ali je jako ražalostila Mićiga Princa.",
        "time_e": 53.4,
        "time_s": 45.44,
        "words": [
            {
                "char_e": 2,
                "char_s": 0,
                "time_e": 45.54,
                "time_s": 45.44
            },
            {
                "char_e": 9,
                "char_s": 3,
                "time_e": 45.91,
                "time_s": 45.54
            },
            {
                "char_e": 17,
                "char_s": 10,
                "time_e": 46.41,
                "time_s": 45.91
            },
            {
                "char_e": 20,
                "char_s": 18,
                "time_e": 46.54,
                "time_s": 46.41
            },
            {
                "char_e": 26,
                "char_s": 21,
                "time_e": 46.97,
                "time_s": 46.54
            },
            {
                "char_e": 31,
                "char_s": 27,
                "time_e": 47.29,
                "time_s": 46.97
            },
            {
                "char_e": 39,
                "char_s": 32,
                "time_e": 48.27,
                "time_s": 47.29
            },
            {
                "char_e": 43,
                "char_s": 41,
                "time_e": 48.75,
                "time_s": 48.57
            },
            {
                "char_e": 50,
                "char_s": 44,
                "time_e": 49.24,
                "time_s": 48.75
            },
            {
                "char_e": 55,
                "char_s": 51,
                "time_e": 49.59,
                "time_s": 49.24
            },
            {
                "char_e": 58,
                "char_s": 56,
                "time_e": 49.65,
                "time_s": 49.59
            },
            {
                "char_e": 63,
                "char_s": 59,
                "time_e": 49.94,
                "time_s": 49.65
            },
            {
                "char_e": 70,
                "char_s": 64,
                "time_e": 50.6,
                "time_s": 49.94
            },
            {
                "char_e": 75,
                "char_s": 72,
                "time_e": 51.01,
                "time_s": 50.77
            },
            {
                "char_e": 78,
                "char_s": 76,
                "time_e": 51.18,
                "time_s": 51.01
            },
            {
                "char_e": 83,
                "char_s": 79,
                "time_e": 51.54,
                "time_s": 51.18
            },
            {
                "char_e": 95,
                "char_s": 84,
                "time_e": 52.31,
                "time_s": 51.54
            },
            {
                "char_e": 102,
                "char_s": 96,
                "time_e": 52.8,
                "time_s": 52.31
            },
            {
                "char_e": 109,
                "char_s": 103,
                "time_e": 53.4,
                "time_s": 52.8
            }
        ],
        "chars": [
            [
                45.44,
                45.48
            ],
            [
                45.48,
                45.5
            ],
            [
                45.5,
                45.54
            ],
            [
                45.58,
                45.54
            ],
            [
                45.64,
                45.54
            ],
            [
                45.66,
                45.54
            ],
            [
                45.74,
                45.54
            ],
            [
                45.8,
                45.54
            ],
            [
                45.86,
                45.54
            ],
            [
                45.9,
                45.91
            ],
            [
                45.96,
                45.91
            ],
            [
                46.0,
                45.91
            ],
            [
                46.04,
                45.91
            ],
            [
                46.14,
                45.91
            ],
            [
                46.18,
                45.91
            ],
            [
                46.32,
                45.91
            ],
            [
                46.36,
                45.91
            ],
            [
                46.4,
                46.41
            ],
            [
                46.46,
                46.41
            ],
            [
                46.48,
                46.41
            ],
            [
                46.52,
                46.54
            ],
            [
                46.6,
                46.54
            ],
            [
                46.64,
                46.54
            ],
            [
                46.76,
                46.54
            ],
            [
                46.8,
                46.54
            ],
            [
                46.92,
                46.54
            ],
            [
                46.96,
                46.97
            ],
            [
                47.02,
                46.97
            ],
            [
                47.2,
                46.97
            ],
            [
                47.22,
                46.97
            ],
            [
                47.24,
                46.97
            ],
            [
                47.28,
                47.29
            ],
            [
                47.4,
                47.29
            ],
            [
                47.44,
                47.29
            ],
            [
                47.56,
                47.29
            ],
            [
                47.62,
                47.29
            ],
            [
                47.82,
                47.29
            ],
            [
                47.86,
                47.29
            ],
            [
                48.08,
                48.27
            ],
            [
                48.58,
                48.27
            ],
            [
                48.6,
                48.27
            ],
            [
                48.62,
                48.27
            ],
            [
                48.66,
                48.27
            ],
            [
                48.74,
                48.75
            ],
            [
                48.82,
                48.75
            ],
            [
                48.86,
                48.75
            ],
            [
                48.94,
                48.75
            ],
            [
                49.0,
                48.75
            ],
            [
                49.12,
                48.75
            ],
            [
                49.16,
                48.75
            ],
            [
                49.22,
                49.24
            ],
            [
                49.32,
                49.24
            ],
            [
                49.34,
                49.24
            ],
            [
                49.44,
                49.24
            ],
            [
                49.48,
                49.24
            ],
            [
                49.52,
                49.24
            ],
            [
                49.56,
                49.24
            ],
            [
                49.58,
                49.59
            ],
            [
                49.6,
                49.59
            ],
            [
                49.62,
                49.65
            ],
            [
                49.72,
                49.65
            ],
            [
                49.88,
                49.65
            ],
            [
                49.9,
                49.65
            ],
            [
                49.94,
                49.94
            ],
            [
                50.04,
                49.94
            ],
            [
                50.1,
                49.94
            ],
            [
                50.14,
                49.94
            ],
            [
                50.3,
                49.94
            ],
            [
                50.4,
                49.94
            ],
            [
                50.42,
                50.6
            ],
            [
                50.8,
                50.6
            ],
            [
                50.82,
                50.6
            ],
            [
                50.84,
                50.6
            ],
            [
                50.92,
                50.6
            ],
            [
                50.98,
                50.6
            ],
            [
                51.0,
                51.01
            ],
            [
                51.06,
                51.01
            ],
            [
                51.1,
                51.01
            ],
            [
                51.12,
                51.01
            ],
            [
                51.14,
                51.01
            ],
            [
                51.16,
                51.18
            ],
            [
                51.42,
                51.18
            ],
            [
                51.46,
                51.18
            ],
            [
                51.5,
                51.54
            ],
            [
                51.56,
                51.54
            ],
            [
                51.62,
                51.54
            ],
            [
                51.72,
                51.54
            ],
            [
                51.76,
                51.54
            ],
            [
                51.86,
                51.54
            ],
            [
                51.9,
                51.54
            ],
            [
                52.02,
                51.54
            ],
            [
                52.06,
                51.54
            ],
            [
                52.12,
                51.54
            ],
            [
                52.2,
                51.54
            ],
            [
                52.24,
                51.54
            ],
            [
                52.28,
                52.31
            ],
            [
                52.36,
                52.31
            ],
            [
                52.42,
                52.31
            ],
            [
                52.56,
                52.31
            ],
            [
                52.6,
                52.31
            ],
            [
                52.68,
                52.31
            ],
            [
                52.72,
                52.8
            ],
            [
                52.84,
                52.8
            ],
            [
                52.86,
                52.8
            ],
            [
                52.9,
                52.8
            ],
            [
                52.96,
                52.8
            ],
            [
                53.06,
                52.8
            ],
            [
                53.2,
                52.8
            ],
            [
                53.26,
                52.8
            ],
            [
                53.36,
                52.8
            ]
        ]
    },
    {
        "char_e": 127,
        "char_s": 113,
        "speaker": "Mići Princ",
        "text": "Ča ti tu dilaš?",
        "time_e": 55.29,
        "time_s": 53.46,
        "words": [
            {
                "char_e": 115,
                "char_s": 113,
                "time_e": 53.9,
                "time_s": 53.46
            },
            {
                "char_e": 118,
                "char_s": 116,
                "time_e": 54.42,
                "time_s": 54.27
            },
            {
                "char_e": 121,
                "char_s": 119,
                "time_e": 54.61,
                "time_s": 54.42
            },
            {
                "char_e": 127,
                "char_s": 122,
                "time_e": 55.29,
                "time_s": 54.61
            }
        ],
        "chars": [
            [
                53.46,
                54.18
            ],
            [
                54.18,
                53.9
            ],
            [
                54.3,
                53.9
            ],
            [
                54.32,
                53.9
            ],
            [
                54.34,
                53.9
            ],
            [
                54.4,
                54.42
            ],
            [
                54.5,
                54.42
            ],
            [
                54.54,
                54.42
            ],
            [
                54.6,
                54.61
            ],
            [
                54.7,
                54.61
            ],
            [
                54.74,
                54.61
            ],
            [
                54.94,
                54.61
            ],
            [
                54.98,
                54.61
            ],
            [
                55.18,
                54.61
            ],
            [
                55.26,
                54.61
            ]
        ]
    },
    {
        "char_e": 136,
        "char_s": 131,
        "speaker": "Pijanac",
        "text": "Pijen.",
        "time_e": 56.41,
        "time_s": 55.84,
        "words": [
            {
                "char_e": 136,
                "char_s": 131,
                "time_e": 56.41,
                "time_s": 55.84
            }
        ],
        "chars": [
            [
                55.84,
                55.92
            ],
            [
                55.92,
                56.06
            ],
            [
                56.06,
                56.12
            ],
            [
                56.12,
                56.36
            ],
            [
                56.36,
                56.38
            ],
            [
                56.38,
                56.4
            ]
        ]
    },
    {
        "char_e": 149,
        "char_s": 140,
        "speaker": "Mići Princ",
        "text": "Zač piješ?",
        "time_e": 58.17,
        "time_s": 57.5,
        "words": [
            {
                "char_e": 143,
                "char_s": 140,
                "time_e": 57.72,
                "time_s": 57.5
            },
            {
                "char_e": 149,
                "char_s": 144,
                "time_e": 58.17,
                "time_s": 57.72
            }
        ],
        "chars": [
            [
                57.5,
                57.56
            ],
            [
                57.56,
                57.68
            ],
            [
                57.68,
                57.72
            ],
            [
                57.74,
                57.72
            ],
            [
                57.76,
                57.72
            ],
            [
                57.8,
                57.72
            ],
            [
                57.9,
                57.72
            ],
            [
                57.92,
                57.72
            ],
            [
                58.08,
                57.72
            ],
            [
                58.14,
                57.72
            ]
        ]
    },
    {
        "char_e": 163,
        "char_s": 153,
        "speaker": "Pijanac",
        "text": "Da pozabin.",
        "time_e": 59.79,
        "time_s": 58.65,
        "words": [
            {
                "char_e": 155,
                "char_s": 153,
                "time_e": 58.87,
                "time_s": 58.65
            },
            {
                "char_e": 163,
                "char_s": 156,
                "time_e": 59.79,
                "time_s": 59.36
            }
        ],
        "chars": [
            [
                58.65,
                58.81
            ],
            [
                58.81,
                58.85
            ],
            [
                58.85,
                58.87
            ],
            [
                58.97,
                58.87
            ],
            [
                59.01,
                58.87
            ],
            [
                59.19,
                58.87
            ],
            [
                59.21,
                58.87
            ],
            [
                59.51,
                58.87
            ],
            [
                59.53,
                58.87
            ],
            [
                59.65,
                58.87
            ],
            [
                59.75,
                58.87
            ]
        ]
    },
    {
        "char_e": 180,
        "char_s": 167,
        "speaker": "Mići Princ",
        "text": "Ča da pozabiš?",
        "time_e": 61.54,
        "time_s": 60.58,
        "words": [
            {
                "char_e": 169,
                "char_s": 167,
                "time_e": 60.74,
                "time_s": 60.58
            },
            {
                "char_e": 172,
                "char_s": 170,
                "time_e": 60.87,
                "time_s": 60.74
            },
            {
                "char_e": 180,
                "char_s": 173,
                "time_e": 61.54,
                "time_s": 60.87
            }
        ],
        "chars": [
            [
                60.58,
                60.68
            ],
            [
                60.68,
                60.74
            ],
            [
                60.76,
                60.74
            ],
            [
                60.78,
                60.74
            ],
            [
                60.8,
                60.74
            ],
            [
                60.84,
                60.87
            ],
            [
                60.92,
                60.87
            ],
            [
                60.96,
                60.87
            ],
            [
                61.06,
                60.87
            ],
            [
                61.14,
                60.87
            ],
            [
                61.3,
                60.87
            ],
            [
                61.34,
                60.87
            ],
            [
                61.48,
                60.87
            ],
            [
                61.5,
                60.87
            ]
        ]
    },
    {
        "char_e": 207,
        "char_s": 184,
        "speaker": "Pijanac",
        "text": "Da pozabin da me j sran.",
        "time_e": 63.14,
        "time_s": 61.63,
        "words": [
            {
                "char_e": 186,
                "char_s": 184,
                "time_e": 61.78,
                "time_s": 61.63
            },
            {
                "char_e": 194,
                "char_s": 187,
                "time_e": 62.41,
                "time_s": 61.78
            },
            {
                "char_e": 197,
                "char_s": 195,
                "time_e": 62.52,
                "time_s": 62.41
            },
            {
                "char_e": 200,
                "char_s": 198,
                "time_e": 62.66,
                "time_s": 62.52
            },
            {
                "char_e": 202,
                "char_s": 201,
                "time_e": 62.72,
                "time_s": 62.66
            },
            {
                "char_e": 207,
                "char_s": 203,
                "time_e": 63.14,
                "time_s": 62.72
            }
        ],
        "chars": [
            [
                61.63,
                61.71
            ],
            [
                61.71,
                61.75
            ],
            [
                61.75,
                61.78
            ],
            [
                61.87,
                61.78
            ],
            [
                61.91,
                61.78
            ],
            [
                62.03,
                61.78
            ],
            [
                62.13,
                61.78
            ],
            [
                62.29,
                61.78
            ],
            [
                62.33,
                62.41
            ],
            [
                62.43,
                62.52
            ],
            [
                62.55,
                62.52
            ],
            [
                62.57,
                62.52
            ],
            [
                62.59,
                62.52
            ],
            [
                62.61,
                62.52
            ],
            [
                62.63,
                62.52
            ],
            [
                62.65,
                62.66
            ],
            [
                62.67,
                62.66
            ],
            [
                62.69,
                62.66
            ],
            [
                62.71,
                62.72
            ],
            [
                62.79,
                62.72
            ],
            [
                62.91,
                62.72
            ],
            [
                62.95,
                62.72
            ],
            [
                63.09,
                62.72
            ],
            [
                63.11,
                62.72
            ]
        ]
    },
    {
        "char_e": 225,
        "char_s": 211,
        "speaker": "Mići Princ",
        "text": "Čiga te j sran?",
        "time_e": 64.84,
        "time_s": 63.85,
        "words": [
            {
                "char_e": 215,
                "char_s": 211,
                "time_e": 64.13,
                "time_s": 63.85
            },
            {
                "char_e": 218,
                "char_s": 216,
                "time_e": 64.33,
                "time_s": 64.13
            },
            {
                "char_e": 220,
                "char_s": 219,
                "time_e": 64.37,
                "time_s": 64.33
            },
            {
                "char_e": 225,
                "char_s": 221,
                "time_e": 64.84,
                "time_s": 64.37
            }
        ],
        "chars": [
            [
                63.85,
                63.95
            ],
            [
                63.95,
                64.03
            ],
            [
                64.03,
                64.07
            ],
            [
                64.07,
                64.11
            ],
            [
                64.11,
                64.13
            ],
            [
                64.19,
                64.13
            ],
            [
                64.23,
                64.13
            ],
            [
                64.25,
                64.13
            ],
            [
                64.27,
                64.13
            ],
            [
                64.29,
                64.33
            ],
            [
                64.45,
                64.37
            ],
            [
                64.53,
                64.37
            ],
            [
                64.57,
                64.37
            ],
            [
                64.73,
                64.37
            ],
            [
                64.81,
                64.37
            ]
        ]
    },
    {
        "char_e": 248,
        "char_s": 229,
        "speaker": "Pijanac",
        "text": "Sran me je ča pijen!",
        "time_e": 66.2,
        "time_s": 64.98,
        "words": [
            {
                "char_e": 233,
                "char_s": 229,
                "time_e": 65.36,
                "time_s": 64.98
            },
            {
                "char_e": 236,
                "char_s": 234,
                "time_e": 65.5,
                "time_s": 65.36
            },
            {
                "char_e": 239,
                "char_s": 237,
                "time_e": 65.59,
                "time_s": 65.5
            },
            {
                "char_e": 242,
                "char_s": 240,
                "time_e": 65.78,
                "time_s": 65.59
            },
            {
                "char_e": 248,
                "char_s": 243,
                "time_e": 66.2,
                "time_s": 65.78
            }
        ],
        "chars": [
            [
                64.98,
                65.16
            ],
            [
                65.16,
                65.2
            ],
            [
                65.2,
                65.36
            ],
            [
                65.36,
                65.36
            ],
            [
                65.52,
                65.5
            ],
            [
                65.54,
                65.5
            ],
            [
                65.56,
                65.5
            ],
            [
                65.58,
                65.59
            ],
            [
                65.6,
                65.59
            ],
            [
                65.62,
                65.59
            ],
            [
                65.64,
                65.59
            ],
            [
                65.66,
                65.59
            ],
            [
                65.7,
                65.59
            ],
            [
                65.76,
                65.78
            ],
            [
                65.84,
                65.78
            ],
            [
                65.88,
                65.78
            ],
            [
                66.0,
                65.78
            ],
            [
                66.04,
                65.78
            ],
            [
                66.12,
                65.78
            ],
            [
                66.16,
                65.78
            ]
        ]
    },
    {
        "char_e": 284,
        "char_s": 250,
        "speaker": "Autor",
        "text": "I Mići Princ pobigne ća vas smućen.",
        "time_e": 69.69,
        "time_s": 66.76,
        "words": [
            {
                "char_e": 251,
                "char_s": 250,
                "time_e": 66.92,
                "time_s": 66.76
            },
            {
                "char_e": 256,
                "char_s": 252,
                "time_e": 67.21,
                "time_s": 66.92
            },
            {
                "char_e": 262,
                "char_s": 257,
                "time_e": 67.59,
                "time_s": 67.21
            },
            {
                "char_e": 270,
                "char_s": 263,
                "time_e": 68.15,
                "time_s": 67.59
            },
            {
                "char_e": 273,
                "char_s": 271,
                "time_e": 68.77,
                "time_s": 68.28
            },
            {
                "char_e": 277,
                "char_s": 274,
                "time_e": 69.14,
                "time_s": 68.83
            },
            {
                "char_e": 284,
                "char_s": 278,
                "time_e": 69.69,
                "time_s": 69.17
            }
        ],
        "chars": [
            [
                66.76,
                66.86
            ],
            [
                66.86,
                66.92
            ],
            [
                66.94,
                66.92
            ],
            [
                67.0,
                66.92
            ],
            [
                67.12,
                66.92
            ],
            [
                67.16,
                66.92
            ],
            [
                67.2,
                67.21
            ],
            [
                67.3,
                67.21
            ],
            [
                67.34,
                67.21
            ],
            [
                67.4,
                67.21
            ],
            [
                67.48,
                67.21
            ],
            [
                67.54,
                67.59
            ],
            [
                67.62,
                67.59
            ],
            [
                67.68,
                67.59
            ],
            [
                67.72,
                67.59
            ],
            [
                67.82,
                67.59
            ],
            [
                67.88,
                67.59
            ],
            [
                67.98,
                67.59
            ],
            [
                68.06,
                67.59
            ],
            [
                68.12,
                68.15
            ],
            [
                68.82,
                68.77
            ],
            [
                68.96,
                68.77
            ],
            [
                68.98,
                68.77
            ],
            [
                69.02,
                69.14
            ],
            [
                69.16,
                69.14
            ],
            [
                69.18,
                69.14
            ],
            [
                69.2,
                69.14
            ],
            [
                69.26,
                69.14
            ],
            [
                69.3,
                69.14
            ],
            [
                69.32,
                69.14
            ],
            [
                69.36,
                69.14
            ],
            [
                69.56,
                69.14
            ],
            [
                69.62,
                69.14
            ],
            [
                69.64,
                69.14
            ],
            [
                69.66,
                69.14
            ]
        ]
    },
    {
        "char_e": 321,
        "char_s": 287,
        "speaker": "Mići Princ",
        "text": "Veli su zaspraven jako, jako čudni!“",
        "time_e": 72.76,
        "time_s": 70.21,
        "words": [
            {
                "char_e": 291,
                "char_s": 287,
                "time_e": 70.57,
                "time_s": 70.21
            },
            {
                "char_e": 294,
                "char_s": 292,
                "time_e": 70.75,
                "time_s": 70.57
            },
            {
                "char_e": 304,
                "char_s": 295,
                "time_e": 71.49,
                "time_s": 70.75
            },
            {
                "char_e": 309,
                "char_s": 305,
                "time_e": 71.96,
                "time_s": 71.58
            },
            {
                "char_e": 315,
                "char_s": 311,
                "time_e": 72.31,
                "time_s": 71.96
            },
            {
                "char_e": 321,
                "char_s": 316,
                "time_e": 72.76,
                "time_s": 72.31
            }
        ],
        "chars": [
            [
                70.21,
                70.35
            ],
            [
                70.35,
                70.47
            ],
            [
                70.47,
                70.51
            ],
            [
                70.51,
                70.55
            ],
            [
                70.55,
                70.57
            ],
            [
                70.63,
                70.57
            ],
            [
                70.67,
                70.57
            ],
            [
                70.71,
                70.75
            ],
            [
                70.79,
                70.75
            ],
            [
                70.83,
                70.75
            ],
            [
                70.97,
                70.75
            ],
            [
                71.09,
                70.75
            ],
            [
                71.15,
                70.75
            ],
            [
                71.19,
                70.75
            ],
            [
                71.35,
                70.75
            ],
            [
                71.41,
                71.49
            ],
            [
                71.51,
                71.49
            ],
            [
                71.57,
                71.49
            ],
            [
                71.65,
                71.49
            ],
            [
                71.71,
                71.49
            ],
            [
                71.89,
                71.49
            ],
            [
                71.93,
                71.49
            ],
            [
                71.95,
                71.96
            ],
            [
                71.97,
                71.96
            ],
            [
                72.03,
                71.96
            ],
            [
                72.07,
                71.96
            ],
            [
                72.21,
                71.96
            ],
            [
                72.25,
                71.96
            ],
            [
                72.29,
                72.31
            ],
            [
                72.41,
                72.31
            ],
            [
                72.45,
                72.31
            ],
            [
                72.57,
                72.31
            ],
            [
                72.61,
                72.31
            ],
            [
                72.67,
                72.31
            ],
            [
                72.71,
                72.31
            ],
            [
                72.73,
                72.31
            ]
        ]
    }
]