[
    {
        "char_e": 109,
        "char_s": 0,
        "speaker": "Autor",
        "text": "Na tretin planetu je bivav niki pijanac. Ta vižita bila je jako kratka, ali je jako ražalostila Mićiga Princa.",
        "time_e": 53.4,
        "time_s": 45.44,
        "words": [
            {
                "char_e": 2,
                "char_s": 0,
                "time_e": 45.54,
                "time_s": 45.44
            },
            {
                "char_e": 9,
                "char_s": 3,
                "time_e": 45.91,
                "time_s": 45.54
            },
            {
                "char_e": 17,
                "char_s": 10,
                "time_e": 46.41,
                "time_s": 45.91
            },
            {
                "char_e": 20,
                "char_s": 18,
                "time_e": 46.54,
                "time_s": 46.41
            },
            {
                "char_e": 26,
                "char_s": 21,
                "time_e": 46.97,
                "time_s": 46.54
            },
            {
                "char_e": 31,
                "char_s": 27,
                "time_e": 47.29,
                "time_s": 46.97
            },
            {
                "char_e": 39,
                "char_s": 32,
                "time_e": 48.27,
                "time_s": 47.29
            },
            {
                "char_e": 43,
                "char_s": 41,
                "time_e": 48.75,
                "time_s": 48.57
            },
            {
                "char_e": 50,
                "char_s": 44,
                "time_e": 49.24,
                "time_s": 48.75
            },
            {
                "char_e": 55,
                "char_s": 51,
                "time_e": 49.59,
                "time_s": 49.24
            },
            {
                "char_e": 58,
                "char_s": 56,
                "time_e": 49.65,
                "time_s": 49.59
            },
            {
                "char_e": 63,
                "char_s": 59,
                "time_e": 49.94,
                "time_s": 49.65
            },
            {
                "char_e": 70,
                "char_s": 64,
                "time_e": 50.6,
                "time_s": 49.94
            },
            {
                "char_e": 75,
                "char_s": 72,
                "time_e": 51.01,
                "time_s": 50.77
            },
            {
                "char_e": 78,
                "char_s": 76,
                "time_e": 51.18,
                "time_s": 51.01
            },
            {
                "char_e": 83,
                "char_s": 79,
                "time_e": 51.54,
                "time_s": 51.18
            },
            {
                "char_e": 95,
                "char_s": 84,
                "time_e": 52.31,
                "time_s": 51.54
            },
            {
                "char_e": 102,
                "char_s": 96,
                "time_e": 52.8,
                "time_s": 52.31
            },
            {
                "char_e": 109,
                "char_s": 103,
                "time_e": 53.4,
                "time_s": 52.8
            }
        ],
        "chars": [
            {
                "char": "N",
                "char_s": 0,
                "char_e": 1,
                "time_s": 45.44,
                "time_e": 45.48
            },
            {
                "char": "a",
                "char_s": 1,
                "char_e": 2,
                "time_s": 45.48,
                "time_e": 45.5
            },
            {
                "char": " ",
                "char_s": 2,
                "char_e": 3,
                "time_s": 45.5,
                "time_e": 45.54
            },
            {
                "char": "t",
                "char_s": 3,
                "char_e": 4,
                "time_s": 45.58,
                "time_e": 45.64
            },
            {
                "char": "r",
                "char_s": 4,
                "char_e": 5,
                "time_s": 45.64,
                "time_e": 45.66
            },
            {
                "char": "e",
                "char_s": 5,
                "char_e": 6,
                "time_s": 45.66,
                "time_e": 45.74
            },
            {
                "char": "t",
                "char_s": 6,
                "char_e": 7,
                "time_s": 45.74,
                "time_e": 45.8
            },
            {
                "char": "i",
                "char_s": 7,
                "char_e": 8,
                "time_s": 45.8,
                "time_e": 45.86
            },
            {
                "char": "n",
                "char_s": 8,
                "char_e": 9,
                "time_s": 45.86,
                "time_e": 45.9
            },
            {
                "char": " ",
                "char_s": 9,
                "char_e": 10,
                "time_s": 45.9,
                "time_e": 45.91
            },
            {
                "char": "p",
                "char_s": 10,
                "char_e": 11,
                "time_s": 45.96,
                "time_e": 46.0
            },
            {
                "char": "l",
                "char_s": 11,
                "char_e": 12,
                "time_s": 46.0,
                "time_e": 46.04
            },
            {
                "char": "a",
                "char_s": 12,
                "char_e": 13,
                "time_s": 46.04,
                "time_e": 46.14
            },
            {
                "char": "n",
                "char_s": 13,
                "char_e": 14,
                "time_s": 46.14,
                "time_e": 46.18
            },
            {
                "char": "e",
                "char_s": 14,
                "char_e": 15,
                "time_s": 46.18,
                "time_e": 46.32
            },
            {
                "char": "t",
                "char_s": 15,
                "char_e": 16,
                "time_s": 46.32,
                "time_e": 46.36
            },
            {
                "char": "u",
                "char_s": 16,
                "char_e": 17,
                "time_s": 46.36,
                "time_e": 46.4
            },
            {
                "char": " ",
                "char_s": 17,
                "char_e": 18,
                "time_s": 46.4,
                "time_e": 46.41
            },
            {
                "char": "j",
                "char_s": 18,
                "char_e": 19,
                "time_s": 46.46,
                "time_e": 46.48
            },
            {
                "char": "e",
                "char_s": 19,
                "char_e": 20,
                "time_s": 46.48,
                "time_e": 46.52
            },
            {
                "char": " ",
                "char_s": 20,
                "char_e": 21,
                "time_s": 46.52,
                "time_e": 46.54
            },
            {
                "char": "b",
                "char_s": 21,
                "char_e": 22,
                "time_s": 46.6,
                "time_e": 46.64
            },
            {
                "char": "i",
                "char_s": 22,
                "char_e": 23,
                "time_s": 46.64,
                "time_e": 46.76
            },
            {
                "char": "v",
                "char_s": 23,
                "char_e": 24,
                "time_s": 46.76,
                "time_e": 46.8
            },
            {
                "char": "a",
                "char_s": 24,
                "char_e": 25,
                "time_s": 46.8,
                "time_e": 46.92
            },
            {
                "char": "v",
                "char_s": 25,
                "char_e": 26,
                "time_s": 46.92,
                "time_e": 46.96
            },
            {
                "char": " ",
                "char_s": 26,
                "char_e": 27,
                "time_s": 46.96,
                "time_e": 46.97
            },
            {
                "char": "n",
                "char_s": 27,
                "char_e": 28,
                "time_s": 47.02,
                "time_e": 47.2
            },
            {
                "char": "i",
                "char_s": 28,
                "char_e": 29,
                "time_s": 47.2,
                "time_e": 47.22
            },
            {
                "char": "k",
                "char_s": 29,
                "char_e": 30,
                "time_s": 47.22,
                "time_e": 47.24
            },
            {
                "char": "i",
                "char_s": 30,
                "char_e": 31,
                "time_s": 47.24,
                "time_e": 47.28
            },
            {
                "char": " ",
                "char_s": 31,
                "char_e": 32,
                "time_s": 47.28,
                "time_e": 47.29
            },
            {
                "char": "p",
                "char_s": 32,
                "char_e": 33,
                "time_s": 47.4,
                "time_e": 47.44
            },
            {
                "char": "i",
                "char_s": 33,
                "char_e": 34,
                "time_s": 47.44,
                "time_e": 47.56
            },
            {
                "char": "j",
                "char_s": 34,
                "char_e": 35,
                "time_s": 47.56,
                "time_e": 47.62
            },
            {
                "char": "a",
                "char_s": 35,
                "char_e": 36,
                "time_s": 47.62,
                "time_e": 47.82
            },
            {
                "char": "n",
                "char_s": 36,
                "char_e": 37,
                "time_s": 47.82,
                "time_e": 47.86
            },
            {
                "char": "a",
                "char_s": 37,
                "char_e": 38,
                "time_s": 47.86,
                "time_e": 48.08
            },
            {
                "char": "c",
                "char_s": 38,
                "char_e": 39,
                "time_s": 48.08,
                "time_e": 48.27
            },
            {
                "char": ".",
                "char_s": 39,
                "char_e": 40,
                "time_s": 48.58,
                "time_e": 48.6
            },
            {
                "char": " ",
                "char_s": 40,
                "char_e": 41,
                "time_s": 48.6,
                "time_e": 48.62
            },
            {
                "char": "T",
                "char_s": 41,
                "char_e": 42,
                "time_s": 48.62,
                "time_e": 48.66
            },
            {
                "char": "a",
                "char_s": 42,
                "char_e": 43,
                "time_s": 48.66,
                "time_e": 48.74
            },
            {
                "char": " ",
                "char_s": 43,
                "char_e": 44,
                "time_s": 48.74,
                "time_e": 48.75
            },
            {
                "char": "v",
                "char_s": 44,
                "char_e": 45,
                "time_s": 48.82,
                "time_e": 48.86
            },
            {
                "char": "i",
                "char_s": 45,
                "char_e": 46,
                "time_s": 48.86,
                "time_e": 48.94
            },
            {
                "char": "ž",
                "char_s": 46,
                "char_e": 47,
                "time_s": 48.94,
                "time_e": 49.0
            },
            {
                "char": "i",
                "char_s": 47,
                "char_e": 48,
                "time_s": 49.0,
                "time_e": 49.12
            },
            {
                "char": "t",
                "char_s": 48,
                "char_e": 49,
                "time_s": 49.12,
                "time_e": 49.16
            },
            {
                "char": "a",
                "char_s": 49,
                "char_e": 50,
                "time_s": 49.16,
                "time_e": 49.22
            },
            {
                "char": " ",
                "char_s": 50,
                "char_e": 51,
                "time_s": 49.22,
                "time_e": 49.24
            },
            {
                "char": "b",
                "char_s": 51,
                "char_e": 52,
                "time_s": 49.32,
                "time_e": 49.34
            },
            {
                "char": "i",
                "char_s": 52,
                "char_e": 53,
                "time_s": 49.34,
                "time_e": 49.44
            },
            {
                "char": "l",
                "char_s": 53,
                "char_e": 54,
                "time_s": 49.44,
                "time_e": 49.48
            },
            {
                "char": "a",
                "char_s": 54,
                "char_e": 55,
                "time_s": 49.48,
                "time_e": 49.52
            },
            {
                "char": " ",
                "char_s": 55,
                "char_e": 56,
                "time_s": 49.52,
                "time_e": 49.56
            },
            {
                "char": "j",
                "char_s": 56,
                "char_e": 57,
                "time_s": 49.56,
                "time_e": 49.58
            },
            {
                "char": "e",
                "char_s": 57,
                "char_e": 58,
                "time_s": 49.58,
                "time_e": 49.59
            },
            {
                "char": " ",
                "char_s": 58,
                "char_e": 59,
                "time_s": 49.6,
                "time_e": 49.62
            },
            {
                "char": "j",
                "char_s": 59,
                "char_e": 60,
                "time_s": 49.62,
                "time_e": 49.65
            },
            {
                "char": "a",
                "char_s": 60,
                "char_e": 61,
                "time_s": 49.72,
                "time_e": 49.88
            },
            {
                "char": "k",
                "char_s": 61,
                "char_e": 62,
                "time_s": 49.88,
                "time_e": 49.9
            },
            {
                "char": "o",
                "char_s": 62,
                "char_e": 63,
                "time_s": 49.9,
                "time_e": 49.94
            },
            {
                "char": " ",
                "char_s": 63,
                "char_e": 64,
                "time_s": 49.94,
                "time_e": 50.04
            },
            {
                "char": "k",
                "char_s": 64,
                "char_e": 65,
                "time_s": 50.04,
                "time_e": 50.1
            },
            {
                "char": "r",
                "char_s": 65,
                "char_e": 66,
                "time_s": 50.1,
                "time_e": 50.14
            },
            {
                "char": "a",
                "char_s": 66,
                "char_e": 67,
                "time_s": 50.14,
                "time_e": 50.3
            },
            {
                "char": "t",
                "char_s": 67,
                "char_e": 68,
                "time_s": 50.3,
                "time_e": 50.4
            },
            {
                "char": "k",
                "char_s": 68,
                "char_e": 69,
                "time_s": 50.4,
                "time_e": 50.42
            },
            {
                "char": "a",
                "char_s": 69,
                "char_e": 70,
                "time_s": 50.42,
                "time_e": 50.6
            },
            {
                "char": ",",
                "char_s": 70,
                "char_e": 71,
                "time_s": 50.8,
                "time_e": 50.82
            },
            {
                "char": " ",
                "char_s": 71,
                "char_e": 72,
                "time_s": 50.82,
                "time_e": 50.84
            },
            {
                "char": "a",
                "char_s": 72,
                "char_e": 73,
                "time_s": 50.84,
                "time_e": 50.92
            },
            {
                "char": "l",
                "char_s": 73,
                "char_e": 74,
                "time_s": 50.92,
                "time_e": 50.98
            },
            {
                "char": "i",
                "char_s": 74,
                "char_e": 75,
                "time_s": 50.98,
                "time_e": 51.0
            },
            {
                "char": " ",
                "char_s": 75,
                "char_e": 76,
                "time_s": 51.0,
                "time_e": 51.01
            },
            {
                "char": "j",
                "char_s": 76,
                "char_e": 77,
                "time_s": 51.06,
                "time_e": 51.1
            },
            {
                "char": "e",
                "char_s": 77,
                "char_e": 78,
                "time_s": 51.1,
                "time_e": 51.12
            },
            {
                "char": " ",
                "char_s": 78,
                "char_e": 79,
                "time_s": 51.12,
                "time_e": 51.14
            },
            {
                "char": "j",
                "char_s": 79,
                "char_e": 80,
                "time_s": 51.14,
                "time_e": 51.16
            },
            {
                "char": "a",
                "char_s": 80,
                "char_e": 81,
                "time_s": 51.16,
                "time_e": 51.18
            },
            {
                "char": "k",
                "char_s": 81,
                "char_e": 82,
                "time_s": 51.42,
                "time_e": 51.46
            },
            {
                "char": "o",
                "char_s": 82,
                "char_e": 83,
                "time_s": 51.46,
                "time_e": 51.5
            },
            {
                "char": " ",
                "char_s": 83,
                "char_e": 84,
                "time_s": 51.5,
                "time_e": 51.54
            },
            {
                "char": "r",
                "char_s": 84,
                "char_e": 85,
                "time_s": 51.56,
                "time_e": 51.62
            },
            {
                "char": "a",
                "char_s": 85,
                "char_e": 86,
                "time_s": 51.62,
                "time_e": 51.72
            },
            {
                "char": "ž",
                "char_s": 86,
                "char_e": 87,
                "time_s": 51.72,
                "time_e": 51.76
            },
            {
                "char": "a",
                "char_s": 87,
                "char_e": 88,
                "time_s": 51.76,
                "time_e": 51.86
            },
            {
                "char": "l",
                "char_s": 88,
                "char_e": 89,
                "time_s": 51.86,
                "time_e": 51.9
            },
            {
                "char": "o",
                "char_s": 89,
                "char_e": 90,
                "time_s": 51.9,
                "time_e": 52.02
            },
            {
                "char": "s",
                "char_s": 90,
                "char_e": 91,
                "time_s": 52.02,
                "time_e": 52.06
            },
            {
                "char": "t",
                "char_s": 91,
                "char_e": 92,
                "time_s": 52.06,
                "time_e": 52.12
            },
            {
                "char": "i",
                "char_s": 92,
                "char_e": 93,
                "time_s": 52.12,
                "time_e": 52.2
            },
            {
                "char": "l",
                "char_s": 93,
                "char_e": 94,
                "time_s": 52.2,
                "time_e": 52.24
            },
            {
                "char": "a",
                "char_s": 94,
                "char_e": 95,
                "time_s": 52.24,
                "time_e": 52.28
            },
            {
                "char": " ",
                "char_s": 95,
                "char_e": 96,
                "time_s": 52.28,
                "time_e": 52.31
            },
            {
                "char": "M",
                "char_s": 96,
                "char_e": 97,
                "time_s": 52.36,
                "time_e": 52.42
            },
            {
                "char": "i",
                "char_s": 97,
                "char_e": 98,
                "time_s": 52.42,
                "time_e": 52.56
            },
            {
                "char": "ć",
                "char_s": 98,
                "char_e": 99,
                "time_s": 52.56,
                "time_e": 52.6
            },
            {
                "char": "i",
                "char_s": 99,
                "char_e": 100,
                "time_s": 52.6,
                "time_e": 52.68
            },
            {
                "char": "g",
                "char_s": 100,
                "char_e": 101,
                "time_s": 52.68,
                "time_e": 52.72
            },
            {
                "char": "a",
                "char_s": 101,
                "char_e": 102,
                "time_s": 52.72,
                "time_e": 52.8
            },
            {
                "char": " ",
                "char_s": 102,
                "char_e": 103,
                "time_s": 52.84,
                "time_e": 52.86
            },
            {
                "char": "P",
                "char_s": 103,
                "char_e": 104,
                "time_s": 52.86,
                "time_e": 52.9
            },
            {
                "char": "r",
                "char_s": 104,
                "char_e": 105,
                "time_s": 52.9,
                "time_e": 52.96
            },
            {
                "char": "i",
                "char_s": 105,
                "char_e": 106,
                "time_s": 52.96,
                "time_e": 53.06
            },
            {
                "char": "n",
                "char_s": 106,
                "char_e": 107,
                "time_s": 53.06,
                "time_e": 53.2
            },
            {
                "char": "c",
                "char_s": 107,
                "char_e": 108,
                "time_s": 53.2,
                "time_e": 53.26
            },
            {
                "char": "a",
                "char_s": 108,
                "char_e": 109,
                "time_s": 53.26,
                "time_e": 53.36
            },
            {
                "char": ".",
                "char_s": 109,
                "char_e": 110,
                "time_s": 53.36,
                "time_e": 53.38
            }
        ]
    },
    {
        "char_e": 127,
        "char_s": 113,
        "speaker": "Mići Princ",
        "text": "Ča ti tu dilaš?",
        "time_e": 55.29,
        "time_s": 53.46,
        "words": [
            {
                "char_e": 115,
                "char_s": 113,
                "time_e": 53.9,
                "time_s": 53.46
            },
            {
                "char_e": 118,
                "char_s": 116,
                "time_e": 54.42,
                "time_s": 54.27
            },
            {
                "char_e": 121,
                "char_s": 119,
                "time_e": 54.61,
                "time_s": 54.42
            },
            {
                "char_e": 127,
                "char_s": 122,
                "time_e": 55.29,
                "time_s": 54.61
            }
        ],
        "chars": [
            {
                "char": "Č",
                "char_s": 113,
                "char_e": 114,
                "time_s": 53.46,
                "time_e": 54.18
            },
            {
                "char": "a",
                "char_s": 114,
                "char_e": 115,
                "time_s": 54.18,
                "time_e": 54.3
            },
            {
                "char": " ",
                "char_s": 115,
                "char_e": 116,
                "time_s": 54.3,
                "time_e": 54.32
            },
            {
                "char": "t",
                "char_s": 116,
                "char_e": 117,
                "time_s": 54.32,
                "time_e": 54.34
            },
            {
                "char": "i",
                "char_s": 117,
                "char_e": 118,
                "time_s": 54.34,
                "time_e": 54.4
            },
            {
                "char": " ",
                "char_s": 118,
                "char_e": 119,
                "time_s": 54.4,
                "time_e": 54.42
            },
            {
                "char": "t",
                "char_s": 119,
                "char_e": 120,
                "time_s": 54.5,
                "time_e": 54.54
            },
            {
                "char": "u",
                "char_s": 120,
                "char_e": 121,
                "time_s": 54.54,
                "time_e": 54.6
            },
            {
                "char": " ",
                "char_s": 121,
                "char_e": 122,
                "time_s": 54.6,
                "time_e": 54.61
            },
            {
                "char": "d",
                "char_s": 122,
                "char_e": 123,
                "time_s": 54.7,
                "time_e": 54.74
            },
            {
                "char": "i",
                "char_s": 123,
                "char_e": 124,
                "time_s": 54.74,
                "time_e": 54.94
            },
            {
                "char": "l",
                "char_s": 124,
                "char_e": 125,
                "time_s": 54.94,
                "time_e": 54.98
            },
            {
                "char": "a",
                "char_s": 125,
                "char_e": 126,
                "time_s": 54.98,
                "time_e": 55.18
            },
            {
                "char": "š",
                "char_s": 126,
                "char_e": 127,
                "time_s": 55.18,
                "time_e": 55.26
            },
            {
                "char": "?",
                "char_s": 127,
                "char_e": 128,
                "time_s": 55.26,
                "time_e": 55.28
            }
        ]
    },
    {
        "char_e": 136,
        "char_s": 131,
        "speaker": "Pijanac",
        "text": "Pijen.",
        "time_e": 56.41,
        "time_s": 55.84,
        "words": [
            {
                "char_e": 136,
                "char_s": 131,
                "time_e": 56.41,
                "time_s": 55.84
            }
        ],
        "chars": [
            {
                "char": "P",
                "char_s": 131,
                "char_e": 132,
                "time_s": 55.84,
                "time_e": 55.92
            },
            {
                "char": "i",
                "char_s": 132,
                "char_e": 133,
                "time_s": 55.92,
                "time_e": 56.06
            },
            {
                "char": "j",
                "char_s": 133,
                "char_e": 134,
                "time_s": 56.06,
                "time_e": 56.12
            },
            {
                "char": "e",
                "char_s": 134,
                "char_e": 135,
                "time_s": 56.12,
                "time_e": 56.36
            },
            {
                "char": "n",
                "char_s": 135,
                "char_e": 136,
                "time_s": 56.36,
                "time_e": 56.38
            },
            {
                "char": ".",
                "char_s": 136,
                "char_e": 137,
                "time_s": 56.38,
                "time_e": 56.4
            }
        ]
    },
    {
        "char_e": 149,
        "char_s": 140,
        "speaker": "Mići Princ",
        "text": "Zač piješ?",
        "time_e": 58.17,
        "time_s": 57.5,
        "words": [
            {
                "char_e": 143,
                "char_s": 140,
                "time_e": 57.72,
                "time_s": 57.5
            },
            {
                "char_e": 149,
                "char_s": 144,
                "time_e": 58.17,
                "time_s": 57.72
            }
        ],
        "chars": [
            {
                "char": "Z",
                "char_s": 140,
                "char_e": 141,
                "time_s": 57.5,
                "time_e": 57.56
            },
            {
                "char": "a",
                "char_s": 141,
                "char_e": 142,
                "time_s": 57.56,
                "time_e": 57.68
            },
            {
                "char": "č",
                "char_s": 142,
                "char_e": 143,
                "time_s": 57.68,
                "time_e": 57.72
            },
            {
                "char": " ",
                "char_s": 143,
                "char_e": 144,
                "time_s": 57.74,
                "time_e": 57.76
            },
            {
                "char": "p",
                "char_s": 144,
                "char_e": 145,
                "time_s": 57.76,
                "time_e": 57.8
            },
            {
                "char": "i",
                "char_s": 145,
                "char_e": 146,
                "time_s": 57.8,
                "time_e": 57.9
            },
            {
                "char": "j",
                "char_s": 146,
                "char_e": 147,
                "time_s": 57.9,
                "time_e": 57.92
            },
            {
                "char": "e",
                "char_s": 147,
                "char_e": 148,
                "time_s": 57.92,
                "time_e": 58.08
            },
            {
                "char": "š",
                "char_s": 148,
                "char_e": 149,
                "time_s": 58.08,
                "time_e": 58.14
            },
            {
                "char": "?",
                "char_s": 149,
                "char_e": 150,
                "time_s": 58.14,
                "time_e": 58.16
            }
        ]
    },
    {
        "char_e": 163,
        "char_s": 153,
        "speaker": "Pijanac",
        "text": "Da pozabin.",
        "time_e": 59.79,
        "time_s": 58.65,
        "words": [
            {
                "char_e": 155,
                "char_s": 153,
                "time_e": 58.87,
                "time_s": 58.65
            },
            {
                "char_e": 163,
                "char_s": 156,
                "time_e": 59.79,
                "time_s": 59.36
            }
        ],
        "chars": [
            {
                "char": "D",
                "char_s": 153,
                "char_e": 154,
                "time_s": 58.65,
                "time_e": 58.81
            },
            {
                "char": "a",
                "char_s": 154,
                "char_e": 155,
                "time_s": 58.81,
                "time_e": 58.85
            },
            {
                "char": " ",
                "char_s": 155,
                "char_e": 156,
                "time_s": 58.85,
                "time_e": 58.87
            },
            {
                "char": "p",
                "char_s": 156,
                "char_e": 157,
                "time_s": 58.97,
                "time_e": 59.01
            },
            {
                "char": "o",
                "char_s": 157,
                "char_e": 158,
                "time_s": 59.01,
                "time_e": 59.19
            },
            {
                "char": "z",
                "char_s": 158,
                "char_e": 159,
                "time_s": 59.19,
                "time_e": 59.21
            },
            {
                "char": "a",
                "char_s": 159,
                "char_e": 160,
                "time_s": 59.21,
                "time_e": 59.51
            },
            {
                "char": "b",
                "char_s": 160,
                "char_e": 161,
                "time_s": 59.51,
                "time_e": 59.53
            },
            {
                "char": "i",
                "char_s": 161,
                "char_e": 162,
                "time_s": 59.53,
                "time_e": 59.65
            },
            {
                "char": "n",
                "char_s": 162,
                "char_e": 163,
                "time_s": 59.65,
                "time_e": 59.75
            },
            {
                "char": ".",
                "char_s": 163,
                "char_e": 164,
                "time_s": 59.75,
                "time_e": 59.77
            }
        ]
    },
    {
        "char_e": 180,
        "char_s": 167,
        "speaker": "Mići Princ",
        "text": "Ča da pozabiš?",
        "time_e": 61.54,
        "time_s": 60.58,
        "words": [
            {
                "char_e": 169,
                "char_s": 167,
                "time_e": 60.74,
                "time_s": 60.58
            },
            {
                "char_e": 172,
                "char_s": 170,
                "time_e": 60.87,
                "time_s": 60.74
            },
            {
                "char_e": 180,
                "char_s": 173,
                "time_e": 61.54,
                "time_s": 60.87
            }
        ],
        "chars": [
            {
                "char": "Č",
                "char_s": 167,
                "char_e": 168,
                "time_s": 60.58,
                "time_e": 60.68
            },
            {
                "char": "a",
                "char_s": 168,
                "char_e": 169,
                "time_s": 60.68,
                "time_e": 60.74
            },
            {
                "char": " ",
                "char_s": 169,
                "char_e": 170,
                "time_s": 60.76,
                "time_e": 60.78
            },
            {
                "char": "d",
                "char_s": 170,
                "char_e": 171,
                "time_s": 60.78,
                "time_e": 60.8
            },
            {
                "char": "a",
                "char_s": 171,
                "char_e": 172,
                "time_s": 60.8,
                "time_e": 60.84
            },
            {
                "char": " ",
                "char_s": 172,
                "char_e": 173,
                "time_s": 60.84,
                "time_e": 60.87
            },
            {
                "char": "p",
                "char_s": 173,
                "char_e": 174,
                "time_s": 60.92,
                "time_e": 60.96
            },
            {
                "char": "o",
                "char_s": 174,
                "char_e": 175,
                "time_s": 60.96,
                "time_e": 61.06
            },
            {
                "char": "z",
                "char_s": 175,
                "char_e": 176,
                "time_s": 61.06,
                "time_e": 61.14
            },
            {
                "char": "a",
                "char_s": 176,
                "char_e": 177,
                "time_s": 61.14,
                "time_e": 61.3
            },
            {
                "char": "b",
                "char_s": 177,
                "char_e": 178,
                "time_s": 61.3,
                "time_e": 61.34
            },
            {
                "char": "i",
                "char_s": 178,
                "char_e": 179,
                "time_s": 61.34,
                "time_e": 61.48
            },
            {
                "char": "š",
                "char_s": 179,
                "char_e": 180,
                "time_s": 61.48,
                "time_e": 61.5
            },
            {
                "char": "?",
                "char_s": 180,
                "char_e": 181,
                "time_s": 61.5,
                "time_e": 61.52
            }
        ]
    },
    {
        "char_e": 207,
        "char_s": 184,
        "speaker": "Pijanac",
        "text": "Da pozabin da me j sran.",
        "time_e": 63.14,
        "time_s": 61.63,
        "words": [
            {
                "char_e": 186,
                "char_s": 184,
                "time_e": 61.78,
                "time_s": 61.63
            },
            {
                "char_e": 194,
                "char_s": 187,
                "time_e": 62.41,
                "time_s": 61.78
            },
            {
                "char_e": 197,
                "char_s": 195,
                "time_e": 62.52,
                "time_s": 62.41
            },
            {
                "char_e": 200,
                "char_s": 198,
                "time_e": 62.66,
                "time_s": 62.52
            },
            {
                "char_e": 202,
                "char_s": 201,
                "time_e": 62.72,
                "time_s": 62.66
            },
            {
                "char_e": 207,
                "char_s": 203,
                "time_e": 63.14,
                "time_s": 62.72
            }
        ],
        "chars": [
            {
                "char": "D",
                "char_s": 184,
                "char_e": 185,
                "time_s": 61.63,
                "time_e": 61.71
            },
            {
                "char": "a",
                "char_s": 185,
                "char_e": 186,
                "time_s": 61.71,
                "time_e": 61.75
            },
            {
                "char": " ",
                "char_s": 186,
                "char_e": 187,
                "time_s": 61.75,
                "time_e": 61.78
            },
            {
                "char": "p",
                "char_s": 187,
                "char_e": 188,
                "time_s": 61.87,
                "time_e": 61.91
            },
            {
                "char": "o",
                "char_s": 188,
                "char_e": 189,
                "time_s": 61.91,
                "time_e": 62.03
            },
            {
                "char": "z",
                "char_s": 189,
                "char_e": 190,
                "time_s": 62.03,
                "time_e": 62.13
            },
            {
                "char": "a",
                "char_s": 190,
                "char_e": 191,
                "time_s": 62.13,
                "time_e": 62.29
            },
            {
                "char": "b",
                "char_s": 191,
                "char_e": 192,
                "time_s": 62.29,
                "time_e": 62.33
            },
            {
                "char": "i",
                "char_s": 192,
                "char_e": 193,
                "time_s": 62.33,
                "time_e": 62.41
            },
            {
                "char": "n",
                "char_s": 193,
                "char_e": 194,
                "time_s": 62.43,
                "time_e": 62.52
            },
            {
                "char": " ",
                "char_s": 194,
                "char_e": 195,
                "time_s": 62.55,
                "time_e": 62.57
            },
            {
                "char": "d",
                "char_s": 195,
                "char_e": 196,
                "time_s": 62.57,
                "time_e": 62.59
            },
            {
                "char": "a",
                "char_s": 196,
                "char_e": 197,
                "time_s": 62.59,
                "time_e": 62.61
            },
            {
                "char": " ",
                "char_s": 197,
                "char_e": 198,
                "time_s": 62.61,
                "time_e": 62.63
            },
            {
                "char": "m",
                "char_s": 198,
                "char_e": 199,
                "time_s": 62.63,
                "time_e": 62.65
            },
            {
                "char": "e",
                "char_s": 199,
                "char_e": 200,
                "time_s": 62.65,
                "time_e": 62.66
            },
            {
                "char": " ",
                "char_s": 200,
                "char_e": 201,
                "time_s": 62.67,
                "time_e": 62.69
            },
            {
                "char": "j",
                "char_s": 201,
                "char_e": 202,
                "time_s": 62.69,
                "time_e": 62.71
            },
            {
                "char": " ",
                "char_s": 202,
                "char_e": 203,
                "time_s": 62.71,
                "time_e": 62.72
            },
            {
                "char": "s",
                "char_s": 203,
                "char_e": 204,
                "time_s": 62.79,
                "time_e": 62.91
            },
            {
                "char": "r",
                "char_s": 204,
                "char_e": 205,
                "time_s": 62.91,
                "time_e": 62.95
            },
            {
                "char": "a",
                "char_s": 205,
                "char_e": 206,
                "time_s": 62.95,
                "time_e": 63.09
            },
            {
                "char": "n",
                "char_s": 206,
                "char_e": 207,
                "time_s": 63.09,
                "time_e": 63.11
            },
            {
                "char": ".",
                "char_s": 207,
                "char_e": 208,
                "time_s": 63.11,
                "time_e": 63.13
            }
        ]
    },
    {
        "char_e": 225,
        "char_s": 211,
        "speaker": "Mići Princ",
        "text": "Čiga te j sran?",
        "time_e": 64.84,
        "time_s": 63.85,
        "words": [
            {
                "char_e": 215,
                "char_s": 211,
                "time_e": 64.13,
                "time_s": 63.85
            },
            {
                "char_e": 218,
                "char_s": 216,
                "time_e": 64.33,
                "time_s": 64.13
            },
            {
                "char_e": 220,
                "char_s": 219,
                "time_e": 64.37,
                "time_s": 64.33
            },
            {
                "char_e": 225,
                "char_s": 221,
                "time_e": 64.84,
                "time_s": 64.37
            }
        ],
        "chars": [
            {
                "char": "Č",
                "char_s": 211,
                "char_e": 212,
                "time_s": 63.85,
                "time_e": 63.95
            },
            {
                "char": "i",
                "char_s": 212,
                "char_e": 213,
                "time_s": 63.95,
                "time_e": 64.03
            },
            {
                "char": "g",
                "char_s": 213,
                "char_e": 214,
                "time_s": 64.03,
                "time_e": 64.07
            },
            {
                "char": "a",
                "char_s": 214,
                "char_e": 215,
                "time_s": 64.07,
                "time_e": 64.11
            },
            {
                "char": " ",
                "char_s": 215,
                "char_e": 216,
                "time_s": 64.11,
                "time_e": 64.13
            },
            {
                "char": "t",
                "char_s": 216,
                "char_e": 217,
                "time_s": 64.19,
                "time_e": 64.23
            },
            {
                "char": "e",
                "char_s": 217,
                "char_e": 218,
                "time_s": 64.23,
                "time_e": 64.25
            },
            {
                "char": " ",
                "char_s": 218,
                "char_e": 219,
                "time_s": 64.25,
                "time_e": 64.27
            },
            {
                "char": "j",
                "char_s": 219,
                "char_e": 220,
                "time_s": 64.27,
                "time_e": 64.29
            },
            {
                "char": " ",
                "char_s": 220,
                "char_e": 221,
                "time_s": 64.29,
                "time_e": 64.33
            },
            {
                "char": "s",
                "char_s": 221,
                "char_e": 222,
                "time_s": 64.45,
                "time_e": 64.53
            },
            {
                "char": "r",
                "char_s": 222,
                "char_e": 223,
                "time_s": 64.53,
                "time_e": 64.57
            },
            {
                "char": "a",
                "char_s": 223,
                "char_e": 224,
                "time_s": 64.57,
                "time_e": 64.73
            },
            {
                "char": "n",
                "char_s": 224,
                "char_e": 225,
                "time_s": 64.73,
                "time_e": 64.81
            },
            {
                "char": "?",
                "char_s": 225,
                "char_e": 226,
                "time_s": 64.81,
                "time_e": 64.83
            }
        ]
    },
    {
        "char_e": 248,
        "char_s": 229,
        "speaker": "Pijanac",
        "text": "Sran me je ča pijen!",
        "time_e": 66.2,
        "time_s": 64.98,
        "words": [
            {
                "char_e": 233,
                "char_s": 229,
                "time_e": 65.36,
                "time_s": 64.98
            },
            {
                "char_e": 236,
                "char_s": 234,
                "time_e": 65.5,
                "time_s": 65.36
            },
            {
                "char_e": 239,
                "char_s": 237,
                "time_e": 65.59,
                "time_s": 65.5
            },
            {
                "char_e": 242,
                "char_s": 240,
                "time_e": 65.78,
                "time_s": 65.59
            },
            {
                "char_e": 248,
                "char_s": 243,
                "time_e": 66.2,
                "time_s": 65.78
            }
        ],
        "chars": [
            {
                "char": "S",
                "char_s": 229,
                "char_e": 230,
                "time_s": 64.98,
                "time_e": 65.16
            },
            {
                "char": "r",
                "char_s": 230,
                "char_e": 231,
                "time_s": 65.16,
                "time_e": 65.2
            },
            {
                "char": "a",
                "char_s": 231,
                "char_e": 232,
                "time_s": 65.2,
                "time_e": 65.36
            },
            {
                "char": "n",
                "char_s": 232,
                "char_e": 233,
                "time_s": 65.36,
                "time_e": 65.52
            },
            {
                "char": " ",
                "char_s": 233,
                "char_e": 234,
                "time_s": 65.52,
                "time_e": 65.54
            },
            {
                "char": "m",
                "char_s": 234,
                "char_e": 235,
                "time_s": 65.54,
                "time_e": 65.56
            },
            {
                "char": "e",
                "char_s": 235,
                "char_e": 236,
                "time_s": 65.56,
                "time_e": 65.58
            },
            {
                "char": " ",
                "char_s": 236,
                "char_e": 237,
                "time_s": 65.58,
                "time_e": 65.59
            },
            {
                "char": "j",
                "char_s": 237,
                "char_e": 238,
                "time_s": 65.6,
                "time_e": 65.62
            },
            {
                "char": "e",
                "char_s": 238,
                "char_e": 239,
                "time_s": 65.62,
                "time_e": 65.64
            },
            {
                "char": " ",
                "char_s": 239,
                "char_e": 240,
                "time_s": 65.64,
                "time_e": 65.66
            },
            {
                "char": "č",
                "char_s": 240,
                "char_e": 241,
                "time_s": 65.66,
                "time_e": 65.7
            },
            {
                "char": "a",
                "char_s": 241,
                "char_e": 242,
                "time_s": 65.7,
                "time_e": 65.76
            },
            {
                "char": " ",
                "char_s": 242,
                "char_e": 243,
                "time_s": 65.76,
                "time_e": 65.78
            },
            {
                "char": "p",
                "char_s": 243,
                "char_e": 244,
                "time_s": 65.84,
                "time_e": 65.88
            },
            {
                "char": "i",
                "char_s": 244,
                "char_e": 245,
                "time_s": 65.88,
                "time_e": 66.0
            },
            {
                "char": "j",
                "char_s": 245,
                "char_e": 246,
                "time_s": 66.0,
                "time_e": 66.04
            },
            {
                "char": "e",
                "char_s": 246,
                "char_e": 247,
                "time_s": 66.04,
                "time_e": 66.12
            },
            {
                "char": "n",
                "char_s": 247,
                "char_e": 248,
                "time_s": 66.12,
                "time_e": 66.16
            },
            {
                "char": "!",
                "char_s": 248,
                "char_e": 249,
                "time_s": 66.16,
                "time_e": 66.18
            }
        ]
    },
    {
        "char_e": 284,
        "char_s": 250,
        "speaker": "Autor",
        "text": "I Mići Princ pobigne ća vas smućen.",
        "time_e": 69.69,
        "time_s": 66.76,
        "words": [
            {
                "char_e": 251,
                "char_s": 250,
                "time_e": 66.92,
                "time_s": 66.76
            },
            {
                "char_e": 256,
                "char_s": 252,
                "time_e": 67.21,
                "time_s": 66.92
            },
            {
                "char_e": 262,
                "char_s": 257,
                "time_e": 67.59,
                "time_s": 67.21
            },
            {
                "char_e": 270,
                "char_s": 263,
                "time_e": 68.15,
                "time_s": 67.59
            },
            {
                "char_e": 273,
                "char_s": 271,
                "time_e": 68.77,
                "time_s": 68.28
            },
            {
                "char_e": 277,
                "char_s": 274,
                "time_e": 69.14,
                "time_s": 68.83
            },
            {
                "char_e": 284,
                "char_s": 278,
                "time_e": 69.69,
                "time_s": 69.17
            }
        ],
        "chars": [
            {
                "char": "I",
                "char_s": 250,
                "char_e": 251,
                "time_s": 66.76,
                "time_e": 66.86
            },
            {
                "char": " ",
                "char_s": 251,
                "char_e": 252,
                "time_s": 66.86,
                "time_e": 66.92
            },
            {
                "char": "M",
                "char_s": 252,
                "char_e": 253,
                "time_s": 66.94,
                "time_e": 67.0
            },
            {
                "char": "i",
                "char_s": 253,
                "char_e": 254,
                "time_s": 67.0,
                "time_e": 67.12
            },
            {
                "char": "ć",
                "char_s": 254,
                "char_e": 255,
                "time_s": 67.12,
                "time_e": 67.16
            },
            {
                "char": "i",
                "char_s": 255,
                "char_e": 256,
                "time_s": 67.16,
                "time_e": 67.2
            },
            {
                "char": " ",
                "char_s": 256,
                "char_e": 257,
                "time_s": 67.2,
                "time_e": 67.21
            },
            {
                "char": "P",
                "char_s": 257,
                "char_e": 258,
                "time_s": 67.3,
                "time_e": 67.34
            },
            {
                "char": "r",
                "char_s": 258,
                "char_e": 259,
                "time_s": 67.34,
                "time_e": 67.4
            },
            {
                "char": "i",
                "char_s": 259,
                "char_e": 260,
                "time_s": 67.4,
                "time_e": 67.48
            },
            {
                "char": "n",
                "char_s": 260,
                "char_e": 261,
                "time_s": 67.48,
                "time_e": 67.54
            },
            {
                "char": "c",
                "char_s": 261,
                "char_e": 262,
                "time_s": 67.54,
                "time_e": 67.59
            },
            {
                "char": " ",
                "char_s": 262,
                "char_e": 263,
                "time_s": 67.62,
                "time_e": 67.68
            },
            {
                "char": "p",
                "char_s": 263,
                "char_e": 264,
                "time_s": 67.68,
                "time_e": 67.72
            },
            {
                "char": "o",
                "char_s": 264,
                "char_e": 265,
                "time_s": 67.72,
                "time_e": 67.82
            },
            {
                "char": "b",
                "char_s": 265,
                "char_e": 266,
                "time_s": 67.82,
                "time_e": 67.88
            },
            {
                "char": "i",
                "char_s": 266,
                "char_e": 267,
                "time_s": 67.88,
                "time_e": 67.98
            },
            {
                "char": "g",
                "char_s": 267,
                "char_e": 268,
                "time_s": 67.98,
                "time_e": 68.06
            },
            {
                "char": "n",
                "char_s": 268,
                "char_e": 269,
                "time_s": 68.06,
                "time_e": 68.12
            },
            {
                "char": "e",
                "char_s": 269,
                "char_e": 270,
                "time_s": 68.12,
                "time_e": 68.15
            },
            {
                "char": " ",
                "char_s": 270,
                "char_e": 271,
                "time_s": 68.82,
                "time_e": 68.96
            },
            {
                "char": "ć",
                "char_s": 271,
                "char_e": 272,
                "time_s": 68.96,
                "time_e": 68.98
            },
            {
                "char": "a",
                "char_s": 272,
                "char_e": 273,
                "time_s": 68.98,
                "time_e": 69.02
            },
            {
                "char": " ",
                "char_s": 273,
                "char_e": 274,
                "time_s": 69.02,
                "time_e": 69.14
            },
            {
                "char": "v",
                "char_s": 274,
                "char_e": 275,
                "time_s": 69.16,
                "time_e": 69.18
            },
            {
                "char": "a",
                "char_s": 275,
                "char_e": 276,
                "time_s": 69.18,
                "time_e": 69.2
            },
            {
                "char": "s",
                "char_s": 276,
                "char_e": 277,
                "time_s": 69.2,
                "time_e": 69.26
            },
            {
                "char": " ",
                "char_s": 277,
                "char_e": 278,
                "time_s": 69.26,
                "time_e": 69.3
            },
            {
                "char": "s",
                "char_s": 278,
                "char_e": 279,
                "time_s": 69.3,
                "time_e": 69.32
            },
            {
                "char": "m",
                "char_s": 279,
                "char_e": 280,
                "time_s": 69.32,
                "time_e": 69.36
            },
            {
                "char": "u",
                "char_s": 280,
                "char_e": 281,
                "time_s": 69.36,
                "time_e": 69.56
            },
            {
                "char": "ć",
                "char_s": 281,
                "char_e": 282,
                "time_s": 69.56,
                "time_e": 69.62
            },
            {
                "char": "e",
                "char_s": 282,
                "char_e": 283,
                "time_s": 69.62,
                "time_e": 69.64
            },
            {
                "char": "n",
                "char_s": 283,
                "char_e": 284,
                "time_s": 69.64,
                "time_e": 69.66
            },
            {
                "char": ".",
                "char_s": 284,
                "char_e": 285,
                "time_s": 69.66,
                "time_e": 69.68
            }
        ]
    },
    {
        "char_e": 321,
        "char_s": 287,
        "speaker": "Mići Princ",
        "text": "Veli su zaspraven jako, jako čudni!“",
        "time_e": 72.76,
        "time_s": 70.21,
        "words": [
            {
                "char_e": 291,
                "char_s": 287,
                "time_e": 70.57,
                "time_s": 70.21
            },
            {
                "char_e": 294,
                "char_s": 292,
                "time_e": 70.75,
                "time_s": 70.57
            },
            {
                "char_e": 304,
                "char_s": 295,
                "time_e": 71.49,
                "time_s": 70.75
            },
            {
                "char_e": 309,
                "char_s": 305,
                "time_e": 71.96,
                "time_s": 71.58
            },
            {
                "char_e": 315,
                "char_s": 311,
                "time_e": 72.31,
                "time_s": 71.96
            },
            {
                "char_e": 321,
                "char_s": 316,
                "time_e": 72.76,
                "time_s": 72.31
            }
        ],
        "chars": [
            {
                "char": "V",
                "char_s": 287,
                "char_e": 288,
                "time_s": 70.21,
                "time_e": 70.35
            },
            {
                "char": "e",
                "char_s": 288,
                "char_e": 289,
                "time_s": 70.35,
                "time_e": 70.47
            },
            {
                "char": "l",
                "char_s": 289,
                "char_e": 290,
                "time_s": 70.47,
                "time_e": 70.51
            },
            {
                "char": "i",
                "char_s": 290,
                "char_e": 291,
                "time_s": 70.51,
                "time_e": 70.55
            },
            {
                "char": " ",
                "char_s": 291,
                "char_e": 292,
                "time_s": 70.55,
                "time_e": 70.57
            },
            {
                "char": "s",
                "char_s": 292,
                "char_e": 293,
                "time_s": 70.63,
                "time_e": 70.67
            },
            {
                "char": "u",
                "char_s": 293,
                "char_e": 294,
                "time_s": 70.67,
                "time_e": 70.71
            },
            {
                "char": " ",
                "char_s": 294,
                "char_e": 295,
                "time_s": 70.71,
                "time_e": 70.75
            },
            {
                "char": "z",
                "char_s": 295,
                "char_e": 296,
                "time_s": 70.79,
                "time_e": 70.83
            },
            {
                "char": "a",
                "char_s": 296,
                "char_e": 297,
                "time_s": 70.83,
                "time_e": 70.97
            },
            {
                "char": "s",
                "char_s": 297,
                "char_e": 298,
                "time_s": 70.97,
                "time_e": 71.09
            },
            {
                "char": "p",
                "char_s": 298,
                "char_e": 299,
                "time_s": 71.09,
                "time_e": 71.15
            },
            {
                "char": "r",
                "char_s": 299,
                "char_e": 300,
                "time_s": 71.15,
                "time_e": 71.19
            },
            {
                "char": "a",
                "char_s": 300,
                "char_e": 301,
                "time_s": 71.19,
                "time_e": 71.35
            },
            {
                "char": "v",
                "char_s": 301,
                "char_e": 302,
                "time_s": 71.35,
                "time_e": 71.41
            },
            {
                "char": "e",
                "char_s": 302,
                "char_e": 303,
                "time_s": 71.41,
                "time_e": 71.49
            },
            {
                "char": "n",
                "char_s": 303,
                "char_e": 304,
                "time_s": 71.51,
                "time_e": 71.57
            },
            {
                "char": " ",
                "char_s": 304,
                "char_e": 305,
                "time_s": 71.57,
                "time_e": 71.65
            },
            {
                "char": "j",
                "char_s": 305,
                "char_e": 306,
                "time_s": 71.65,
                "time_e": 71.71
            },
            {
                "char": "a",
                "char_s": 306,
                "char_e": 307,
                "time_s": 71.71,
                "time_e": 71.89
            },
            {
                "char": "k",
                "char_s": 307,
                "char_e": 308,
                "time_s": 71.89,
                "time_e": 71.93
            },
            {
                "char": "o",
                "char_s": 308,
                "char_e": 309,
                "time_s": 71.93,
                "time_e": 71.95
            },
            {
                "char": ",",
                "char_s": 309,
                "char_e": 310,
                "time_s": 71.95,
                "time_e": 71.96
            },
            {
                "char": " ",
                "char_s": 310,
                "char_e": 311,
                "time_s": 71.97,
                "time_e": 72.03
            },
            {
                "char": "j",
                "char_s": 311,
                "char_e": 312,
                "time_s": 72.03,
                "time_e": 72.07
            },
            {
                "char": "a",
                "char_s": 312,
                "char_e": 313,
                "time_s": 72.07,
                "time_e": 72.21
            },
            {
                "char": "k",
                "char_s": 313,
                "char_e": 314,
                "time_s": 72.21,
                "time_e": 72.25
            },
            {
                "char": "o",
                "char_s": 314,
                "char_e": 315,
                "time_s": 72.25,
                "time_e": 72.29
            },
            {
                "char": " ",
                "char_s": 315,
                "char_e": 316,
                "time_s": 72.29,
                "time_e": 72.31
            },
            {
                "char": "č",
                "char_s": 316,
                "char_e": 317,
                "time_s": 72.41,
                "time_e": 72.45
            },
            {
                "char": "u",
                "char_s": 317,
                "char_e": 318,
                "time_s": 72.45,
                "time_e": 72.57
            },
            {
                "char": "d",
                "char_s": 318,
                "char_e": 319,
                "time_s": 72.57,
                "time_e": 72.61
            },
            {
                "char": "n",
                "char_s": 319,
                "char_e": 320,
                "time_s": 72.61,
                "time_e": 72.67
            },
            {
                "char": "i",
                "char_s": 320,
                "char_e": 321,
                "time_s": 72.67,
                "time_e": 72.71
            },
            {
                "char": "!",
                "char_s": 321,
                "char_e": 322,
                "time_s": 72.71,
                "time_e": 72.73
            },
            {
                "char": "“",
                "char_s": 322,
                "char_e": 323,
                "time_s": 72.73,
                "time_e": 72.75
            }
        ]
    }
]