[
    {
        "char_e": 90,
        "char_s": 0,
        "speaker": "Autor",
        "text": "Mići Princ prepasa pustinju i srije samo jenu rožicu.\nRožica s tri latice, nikakova rožica!",
        "time_e": 83.31,
        "time_s": 76.27332966905207,
        "words": [
            {
                "char_e": 4,
                "char_s": 0,
                "time_e": 76.6,
                "time_s": 76.27332966905207
            },
            {
                "char_e": 10,
                "char_s": 5,
                "time_e": 76.96,
                "time_s": 76.61
            },
            {
                "char_e": 18,
                "char_s": 11,
                "time_e": 77.59,
                "time_s": 76.97
            },
            {
                "char_e": 27,
                "char_s": 19,
                "time_e": 78.34,
                "time_s": 77.6
            },
            {
                "char_e": 29,
                "char_s": 28,
                "time_e": 78.48,
                "time_s": 78.39
            },
            {
                "char_e": 35,
                "char_s": 30,
                "time_e": 78.82,
                "time_s": 78.49
            },
            {
                "char_e": 40,
                "char_s": 36,
                "time_e": 79.11,
                "time_s": 78.83
            },
            {
                "char_e": 45,
                "char_s": 41,
                "time_e": 79.38,
                "time_s": 79.12
            },
            {
                "char_e": 52,
                "char_s": 46,
                "time_e": 79.99,
                "time_s": 79.39
            },
            {
                "char_e": 60,
                "char_s": 54,
                "time_e": 81.06,
                "time_s": 80.53
            },
            {
                "char_e": 62,
                "char_s": 61,
                "time_e": 81.14,
                "time_s": 81.07
            },
            {
                "char_e": 66,
                "char_s": 63,
                "time_e": 81.37,
                "time_s": 81.15
            },
            {
                "char_e": 73,
                "char_s": 67,
                "time_e": 81.96,
                "time_s": 81.38
            },
            {
                "char_e": 83,
                "char_s": 75,
                "time_e": 82.67,
                "time_s": 82.1
            },
            {
                "char_e": 90,
                "char_s": 84,
                "time_e": 83.31,
                "time_s": 82.68
            }
        ],
        "chars": [
            {
                "char": "M",
                "char_s": 0,
                "char_e": 1,
                "time_s": 76.27,
                "time_e": 76.41
            },
            {
                "char": "i",
                "char_s": 1,
                "char_e": 2,
                "time_s": 76.41,
                "time_e": 76.51
            },
            {
                "char": "ć",
                "char_s": 2,
                "char_e": 3,
                "time_s": 76.51,
                "time_e": 76.57
            },
            {
                "char": "i",
                "char_s": 3,
                "char_e": 4,
                "time_s": 76.57,
                "time_e": 76.6
            },
            {
                "char": " ",
                "char_s": 4,
                "char_e": 5,
                "time_s": 76.61,
                "time_e": 76.69
            },
            {
                "char": "P",
                "char_s": 5,
                "char_e": 6,
                "time_s": 76.69,
                "time_e": 76.71
            },
            {
                "char": "r",
                "char_s": 6,
                "char_e": 7,
                "time_s": 76.71,
                "time_e": 76.75
            },
            {
                "char": "i",
                "char_s": 7,
                "char_e": 8,
                "time_s": 76.75,
                "time_e": 76.85
            },
            {
                "char": "n",
                "char_s": 8,
                "char_e": 9,
                "time_s": 76.85,
                "time_e": 76.93
            },
            {
                "char": "c",
                "char_s": 9,
                "char_e": 10,
                "time_s": 76.93,
                "time_e": 76.96
            },
            {
                "char": " ",
                "char_s": 10,
                "char_e": 11,
                "time_s": 77.01,
                "time_e": 77.05
            },
            {
                "char": "p",
                "char_s": 11,
                "char_e": 12,
                "time_s": 77.05,
                "time_e": 77.09
            },
            {
                "char": "r",
                "char_s": 12,
                "char_e": 13,
                "time_s": 77.09,
                "time_e": 77.13
            },
            {
                "char": "e",
                "char_s": 13,
                "char_e": 14,
                "time_s": 77.13,
                "time_e": 77.25
            },
            {
                "char": "p",
                "char_s": 14,
                "char_e": 15,
                "time_s": 77.25,
                "time_e": 77.29
            },
            {
                "char": "a",
                "char_s": 15,
                "char_e": 16,
                "time_s": 77.29,
                "time_e": 77.43
            },
            {
                "char": "s",
                "char_s": 16,
                "char_e": 17,
                "time_s": 77.43,
                "time_e": 77.51
            },
            {
                "char": "a",
                "char_s": 17,
                "char_e": 18,
                "time_s": 77.51,
                "time_e": 77.59
            },
            {
                "char": " ",
                "char_s": 18,
                "char_e": 19,
                "time_s": 77.61,
                "time_e": 77.73
            },
            {
                "char": "p",
                "char_s": 19,
                "char_e": 20,
                "time_s": 77.73,
                "time_e": 77.79
            },
            {
                "char": "u",
                "char_s": 20,
                "char_e": 21,
                "time_s": 77.79,
                "time_e": 77.93
            },
            {
                "char": "s",
                "char_s": 21,
                "char_e": 22,
                "time_s": 77.93,
                "time_e": 77.99
            },
            {
                "char": "t",
                "char_s": 22,
                "char_e": 23,
                "time_s": 77.99,
                "time_e": 78.05
            },
            {
                "char": "i",
                "char_s": 23,
                "char_e": 24,
                "time_s": 78.05,
                "time_e": 78.15
            },
            {
                "char": "n",
                "char_s": 24,
                "char_e": 25,
                "time_s": 78.15,
                "time_e": 78.17
            },
            {
                "char": "j",
                "char_s": 25,
                "char_e": 26,
                "time_s": 78.17,
                "time_e": 78.21
            },
            {
                "char": "u",
                "char_s": 26,
                "char_e": 27,
                "time_s": 78.21,
                "time_e": 78.34
            },
            {
                "char": " ",
                "char_s": 27,
                "char_e": 28,
                "time_s": 78.39,
                "time_e": 78.43
            },
            {
                "char": "i",
                "char_s": 28,
                "char_e": 29,
                "time_s": 78.43,
                "time_e": 78.45
            },
            {
                "char": " ",
                "char_s": 29,
                "char_e": 30,
                "time_s": 78.45,
                "time_e": 78.48
            },
            {
                "char": "s",
                "char_s": 30,
                "char_e": 31,
                "time_s": 78.53,
                "time_e": 78.63
            },
            {
                "char": "r",
                "char_s": 31,
                "char_e": 32,
                "time_s": 78.63,
                "time_e": 78.69
            },
            {
                "char": "i",
                "char_s": 32,
                "char_e": 33,
                "time_s": 78.69,
                "time_e": 78.75
            },
            {
                "char": "j",
                "char_s": 33,
                "char_e": 34,
                "time_s": 78.75,
                "time_e": 78.77
            },
            {
                "char": "e",
                "char_s": 34,
                "char_e": 35,
                "time_s": 78.77,
                "time_e": 78.81
            },
            {
                "char": " ",
                "char_s": 35,
                "char_e": 36,
                "time_s": 78.81,
                "time_e": 78.82
            },
            {
                "char": "s",
                "char_s": 36,
                "char_e": 37,
                "time_s": 78.87,
                "time_e": 78.93
            },
            {
                "char": "a",
                "char_s": 37,
                "char_e": 38,
                "time_s": 78.93,
                "time_e": 79.01
            },
            {
                "char": "m",
                "char_s": 38,
                "char_e": 39,
                "time_s": 79.01,
                "time_e": 79.05
            },
            {
                "char": "o",
                "char_s": 39,
                "char_e": 40,
                "time_s": 79.05,
                "time_e": 79.09
            },
            {
                "char": " ",
                "char_s": 40,
                "char_e": 41,
                "time_s": 79.09,
                "time_e": 79.11
            },
            {
                "char": "j",
                "char_s": 41,
                "char_e": 42,
                "time_s": 79.15,
                "time_e": 79.19
            },
            {
                "char": "e",
                "char_s": 42,
                "char_e": 43,
                "time_s": 79.19,
                "time_e": 79.27
            },
            {
                "char": "n",
                "char_s": 43,
                "char_e": 44,
                "time_s": 79.27,
                "time_e": 79.31
            },
            {
                "char": "u",
                "char_s": 44,
                "char_e": 45,
                "time_s": 79.31,
                "time_e": 79.35
            },
            {
                "char": " ",
                "char_s": 45,
                "char_e": 46,
                "time_s": 79.35,
                "time_e": 79.38
            },
            {
                "char": "r",
                "char_s": 46,
                "char_e": 47,
                "time_s": 79.43,
                "time_e": 79.47
            },
            {
                "char": "o",
                "char_s": 47,
                "char_e": 48,
                "time_s": 79.47,
                "time_e": 79.61
            },
            {
                "char": "ž",
                "char_s": 48,
                "char_e": 49,
                "time_s": 79.61,
                "time_e": 79.69
            },
            {
                "char": "i",
                "char_s": 49,
                "char_e": 50,
                "time_s": 79.69,
                "time_e": 79.83
            },
            {
                "char": "c",
                "char_s": 50,
                "char_e": 51,
                "time_s": 79.83,
                "time_e": 79.87
            },
            {
                "char": "u",
                "char_s": 51,
                "char_e": 52,
                "time_s": 79.87,
                "time_e": 79.99
            },
            {
                "char": ".",
                "char_s": 52,
                "char_e": 53,
                "time_s": 80.53,
                "time_e": 80.55
            },
            {
                "char": "\n",
                "char_s": 53,
                "char_e": 54,
                "time_s": 80.55,
                "time_e": 80.61
            },
            {
                "char": "R",
                "char_s": 54,
                "char_e": 55,
                "time_s": 80.61,
                "time_e": 80.67
            },
            {
                "char": "o",
                "char_s": 55,
                "char_e": 56,
                "time_s": 80.67,
                "time_e": 80.79
            },
            {
                "char": "ž",
                "char_s": 56,
                "char_e": 57,
                "time_s": 80.79,
                "time_e": 80.85
            },
            {
                "char": "i",
                "char_s": 57,
                "char_e": 58,
                "time_s": 80.85,
                "time_e": 80.95
            },
            {
                "char": "c",
                "char_s": 58,
                "char_e": 59,
                "time_s": 80.95,
                "time_e": 81.01
            },
            {
                "char": "a",
                "char_s": 59,
                "char_e": 60,
                "time_s": 81.01,
                "time_e": 81.05
            },
            {
                "char": " ",
                "char_s": 60,
                "char_e": 61,
                "time_s": 81.05,
                "time_e": 81.06
            },
            {
                "char": "s",
                "char_s": 61,
                "char_e": 62,
                "time_s": 81.11,
                "time_e": 81.13
            },
            {
                "char": " ",
                "char_s": 62,
                "char_e": 63,
                "time_s": 81.13,
                "time_e": 81.14
            },
            {
                "char": "t",
                "char_s": 63,
                "char_e": 64,
                "time_s": 81.19,
                "time_e": 81.25
            },
            {
                "char": "r",
                "char_s": 64,
                "char_e": 65,
                "time_s": 81.25,
                "time_e": 81.35
            },
            {
                "char": "i",
                "char_s": 65,
                "char_e": 66,
                "time_s": 81.35,
                "time_e": 81.37
            },
            {
                "char": " ",
                "char_s": 66,
                "char_e": 67,
                "time_s": 81.37,
                "time_e": 81.43
            },
            {
                "char": "l",
                "char_s": 67,
                "char_e": 68,
                "time_s": 81.43,
                "time_e": 81.47
            },
            {
                "char": "a",
                "char_s": 68,
                "char_e": 69,
                "time_s": 81.47,
                "time_e": 81.61
            },
            {
                "char": "t",
                "char_s": 69,
                "char_e": 70,
                "time_s": 81.61,
                "time_e": 81.65
            },
            {
                "char": "i",
                "char_s": 70,
                "char_e": 71,
                "time_s": 81.65,
                "time_e": 81.79
            },
            {
                "char": "c",
                "char_s": 71,
                "char_e": 72,
                "time_s": 81.79,
                "time_e": 81.85
            },
            {
                "char": "e",
                "char_s": 72,
                "char_e": 73,
                "time_s": 81.85,
                "time_e": 81.96
            },
            {
                "char": ",",
                "char_s": 73,
                "char_e": 74,
                "time_s": 82.09,
                "time_e": 82.11
            },
            {
                "char": " ",
                "char_s": 74,
                "char_e": 75,
                "time_s": 82.11,
                "time_e": 82.13
            },
            {
                "char": "n",
                "char_s": 75,
                "char_e": 76,
                "time_s": 82.13,
                "time_e": 82.23
            },
            {
                "char": "i",
                "char_s": 76,
                "char_e": 77,
                "time_s": 82.23,
                "time_e": 82.31
            },
            {
                "char": "k",
                "char_s": 77,
                "char_e": 78,
                "time_s": 82.31,
                "time_e": 82.33
            },
            {
                "char": "a",
                "char_s": 78,
                "char_e": 79,
                "time_s": 82.33,
                "time_e": 82.43
            },
            {
                "char": "k",
                "char_s": 79,
                "char_e": 80,
                "time_s": 82.43,
                "time_e": 82.49
            },
            {
                "char": "o",
                "char_s": 80,
                "char_e": 81,
                "time_s": 82.49,
                "time_e": 82.57
            },
            {
                "char": "v",
                "char_s": 81,
                "char_e": 82,
                "time_s": 82.57,
                "time_e": 82.61
            },
            {
                "char": "a",
                "char_s": 82,
                "char_e": 83,
                "time_s": 82.61,
                "time_e": 82.65
            },
            {
                "char": " ",
                "char_s": 83,
                "char_e": 84,
                "time_s": 82.65,
                "time_e": 82.67
            },
            {
                "char": "r",
                "char_s": 84,
                "char_e": 85,
                "time_s": 82.71,
                "time_e": 82.75
            },
            {
                "char": "o",
                "char_s": 85,
                "char_e": 86,
                "time_s": 82.75,
                "time_e": 82.87
            },
            {
                "char": "ž",
                "char_s": 86,
                "char_e": 87,
                "time_s": 82.87,
                "time_e": 82.93
            },
            {
                "char": "i",
                "char_s": 87,
                "char_e": 88,
                "time_s": 82.93,
                "time_e": 83.05
            },
            {
                "char": "c",
                "char_s": 88,
                "char_e": 89,
                "time_s": 83.05,
                "time_e": 83.11
            },
            {
                "char": "a",
                "char_s": 89,
                "char_e": 90,
                "time_s": 83.11,
                "time_e": 83.27
            },
            {
                "char": "!",
                "char_s": 90,
                "char_e": 91,
                "time_s": 83.27,
                "time_e": 83.29
            }
        ]
    },
    {
        "char_e": 103,
        "char_s": 94,
        "speaker": "Mići Princ",
        "text": "Dobar dan.",
        "time_e": 84.84,
        "time_s": 84.08,
        "words": [
            {
                "char_e": 99,
                "char_s": 94,
                "time_e": 84.33,
                "time_s": 84.08
            },
            {
                "char_e": 103,
                "char_s": 100,
                "time_e": 84.84,
                "time_s": 84.39
            }
        ],
        "chars": [
            {
                "char": "D",
                "char_s": 94,
                "char_e": 95,
                "time_s": 84.08,
                "time_e": 84.16
            },
            {
                "char": "o",
                "char_s": 95,
                "char_e": 96,
                "time_s": 84.16,
                "time_e": 84.24
            },
            {
                "char": "b",
                "char_s": 96,
                "char_e": 97,
                "time_s": 84.24,
                "time_e": 84.28
            },
            {
                "char": "a",
                "char_s": 97,
                "char_e": 98,
                "time_s": 84.28,
                "time_e": 84.32
            },
            {
                "char": "r",
                "char_s": 98,
                "char_e": 99,
                "time_s": 84.32,
                "time_e": 84.33
            },
            {
                "char": " ",
                "char_s": 99,
                "char_e": 100,
                "time_s": 84.36,
                "time_e": 84.42
            },
            {
                "char": "d",
                "char_s": 100,
                "char_e": 101,
                "time_s": 84.42,
                "time_e": 84.46
            },
            {
                "char": "a",
                "char_s": 101,
                "char_e": 102,
                "time_s": 84.46,
                "time_e": 84.72
            },
            {
                "char": "n",
                "char_s": 102,
                "char_e": 103,
                "time_s": 84.72,
                "time_e": 84.8
            },
            {
                "char": ".",
                "char_s": 103,
                "char_e": 104,
                "time_s": 84.8,
                "time_e": 84.82
            }
        ]
    },
    {
        "char_e": 114,
        "char_s": 107,
        "speaker": "Roža s tri pera",
        "text": "Boh daj!",
        "time_e": 86.34,
        "time_s": 85.5,
        "words": [
            {
                "char_e": 110,
                "char_s": 107,
                "time_e": 85.87,
                "time_s": 85.5
            },
            {
                "char_e": 114,
                "char_s": 111,
                "time_e": 86.34,
                "time_s": 85.88
            }
        ],
        "chars": [
            {
                "char": "B",
                "char_s": 107,
                "char_e": 108,
                "time_s": 85.5,
                "time_e": 85.68
            },
            {
                "char": "o",
                "char_s": 108,
                "char_e": 109,
                "time_s": 85.68,
                "time_e": 85.86
            },
            {
                "char": "h",
                "char_s": 109,
                "char_e": 110,
                "time_s": 85.86,
                "time_e": 85.87
            },
            {
                "char": " ",
                "char_s": 110,
                "char_e": 111,
                "time_s": 85.94,
                "time_e": 85.96
            },
            {
                "char": "d",
                "char_s": 111,
                "char_e": 112,
                "time_s": 85.96,
                "time_e": 86.0
            },
            {
                "char": "a",
                "char_s": 112,
                "char_e": 113,
                "time_s": 86.0,
                "time_e": 86.16
            },
            {
                "char": "j",
                "char_s": 113,
                "char_e": 114,
                "time_s": 86.16,
                "time_e": 86.3
            },
            {
                "char": "!",
                "char_s": 114,
                "char_e": 115,
                "time_s": 86.3,
                "time_e": 86.32
            }
        ]
    },
    {
        "char_e": 130,
        "char_s": 118,
        "speaker": "Mići Princ",
        "text": "Kadi su judi?",
        "time_e": 87.83,
        "time_s": 86.85,
        "words": [
            {
                "char_e": 122,
                "char_s": 118,
                "time_e": 87.14,
                "time_s": 86.85
            },
            {
                "char_e": 125,
                "char_s": 123,
                "time_e": 87.32,
                "time_s": 87.15
            },
            {
                "char_e": 130,
                "char_s": 126,
                "time_e": 87.83,
                "time_s": 87.33
            }
        ],
        "chars": [
            {
                "char": "K",
                "char_s": 118,
                "char_e": 119,
                "time_s": 86.85,
                "time_e": 86.95
            },
            {
                "char": "a",
                "char_s": 119,
                "char_e": 120,
                "time_s": 86.95,
                "time_e": 87.03
            },
            {
                "char": "d",
                "char_s": 120,
                "char_e": 121,
                "time_s": 87.03,
                "time_e": 87.09
            },
            {
                "char": "i",
                "char_s": 121,
                "char_e": 122,
                "time_s": 87.09,
                "time_e": 87.11
            },
            {
                "char": " ",
                "char_s": 122,
                "char_e": 123,
                "time_s": 87.11,
                "time_e": 87.14
            },
            {
                "char": "s",
                "char_s": 123,
                "char_e": 124,
                "time_s": 87.21,
                "time_e": 87.25
            },
            {
                "char": "u",
                "char_s": 124,
                "char_e": 125,
                "time_s": 87.25,
                "time_e": 87.29
            },
            {
                "char": " ",
                "char_s": 125,
                "char_e": 126,
                "time_s": 87.29,
                "time_e": 87.31
            },
            {
                "char": "j",
                "char_s": 126,
                "char_e": 127,
                "time_s": 87.31,
                "time_e": 87.32
            },
            {
                "char": "u",
                "char_s": 127,
                "char_e": 128,
                "time_s": 87.33,
                "time_e": 87.61
            },
            {
                "char": "d",
                "char_s": 128,
                "char_e": 129,
                "time_s": 87.61,
                "time_e": 87.65
            },
            {
                "char": "i",
                "char_s": 129,
                "char_e": 130,
                "time_s": 87.65,
                "time_e": 87.79
            },
            {
                "char": "?",
                "char_s": 130,
                "char_e": 131,
                "time_s": 87.79,
                "time_e": 87.81
            }
        ]
    },
    {
        "char_e": 183,
        "char_s": 132,
        "speaker": "Autor",
        "text": "Rožica je jedanput videla jenu karavanu kako pasiva.",
        "time_e": 91.85,
        "time_s": 88.2,
        "words": [
            {
                "char_e": 138,
                "char_s": 132,
                "time_e": 88.79,
                "time_s": 88.2
            },
            {
                "char_e": 141,
                "char_s": 139,
                "time_e": 88.87,
                "time_s": 88.8
            },
            {
                "char_e": 150,
                "char_s": 142,
                "time_e": 89.43,
                "time_s": 88.88
            },
            {
                "char_e": 157,
                "char_s": 151,
                "time_e": 89.9,
                "time_s": 89.44
            },
            {
                "char_e": 162,
                "char_s": 158,
                "time_e": 90.25,
                "time_s": 89.95
            },
            {
                "char_e": 171,
                "char_s": 163,
                "time_e": 90.91,
                "time_s": 90.26
            },
            {
                "char_e": 176,
                "char_s": 172,
                "time_e": 91.18,
                "time_s": 90.92
            },
            {
                "char_e": 183,
                "char_s": 177,
                "time_e": 91.85,
                "time_s": 91.19
            }
        ],
        "chars": [
            {
                "char": "R",
                "char_s": 132,
                "char_e": 133,
                "time_s": 88.2,
                "time_e": 88.3
            },
            {
                "char": "o",
                "char_s": 133,
                "char_e": 134,
                "time_s": 88.3,
                "time_e": 88.42
            },
            {
                "char": "ž",
                "char_s": 134,
                "char_e": 135,
                "time_s": 88.42,
                "time_e": 88.48
            },
            {
                "char": "i",
                "char_s": 135,
                "char_e": 136,
                "time_s": 88.48,
                "time_e": 88.58
            },
            {
                "char": "c",
                "char_s": 136,
                "char_e": 137,
                "time_s": 88.58,
                "time_e": 88.62
            },
            {
                "char": "a",
                "char_s": 137,
                "char_e": 138,
                "time_s": 88.62,
                "time_e": 88.7
            },
            {
                "char": " ",
                "char_s": 138,
                "char_e": 139,
                "time_s": 88.7,
                "time_e": 88.74
            },
            {
                "char": "j",
                "char_s": 139,
                "char_e": 140,
                "time_s": 88.74,
                "time_e": 88.78
            },
            {
                "char": "e",
                "char_s": 140,
                "char_e": 141,
                "time_s": 88.78,
                "time_e": 88.79
            },
            {
                "char": " ",
                "char_s": 141,
                "char_e": 142,
                "time_s": 88.8,
                "time_e": 88.82
            },
            {
                "char": "j",
                "char_s": 142,
                "char_e": 143,
                "time_s": 88.82,
                "time_e": 88.84
            },
            {
                "char": "e",
                "char_s": 143,
                "char_e": 144,
                "time_s": 88.84,
                "time_e": 88.87
            },
            {
                "char": "d",
                "char_s": 144,
                "char_e": 145,
                "time_s": 89.02,
                "time_e": 89.06
            },
            {
                "char": "a",
                "char_s": 145,
                "char_e": 146,
                "time_s": 89.06,
                "time_e": 89.16
            },
            {
                "char": "n",
                "char_s": 146,
                "char_e": 147,
                "time_s": 89.16,
                "time_e": 89.28
            },
            {
                "char": "p",
                "char_s": 147,
                "char_e": 148,
                "time_s": 89.28,
                "time_e": 89.3
            },
            {
                "char": "u",
                "char_s": 148,
                "char_e": 149,
                "time_s": 89.3,
                "time_e": 89.38
            },
            {
                "char": "t",
                "char_s": 149,
                "char_e": 150,
                "time_s": 89.38,
                "time_e": 89.42
            },
            {
                "char": " ",
                "char_s": 150,
                "char_e": 151,
                "time_s": 89.42,
                "time_e": 89.43
            },
            {
                "char": "v",
                "char_s": 151,
                "char_e": 152,
                "time_s": 89.48,
                "time_e": 89.5
            },
            {
                "char": "i",
                "char_s": 152,
                "char_e": 153,
                "time_s": 89.5,
                "time_e": 89.6
            },
            {
                "char": "d",
                "char_s": 153,
                "char_e": 154,
                "time_s": 89.6,
                "time_e": 89.66
            },
            {
                "char": "e",
                "char_s": 154,
                "char_e": 155,
                "time_s": 89.66,
                "time_e": 89.74
            },
            {
                "char": "l",
                "char_s": 155,
                "char_e": 156,
                "time_s": 89.74,
                "time_e": 89.76
            },
            {
                "char": "a",
                "char_s": 156,
                "char_e": 157,
                "time_s": 89.76,
                "time_e": 89.9
            },
            {
                "char": " ",
                "char_s": 157,
                "char_e": 158,
                "time_s": 89.98,
                "time_e": 90.06
            },
            {
                "char": "j",
                "char_s": 158,
                "char_e": 159,
                "time_s": 90.06,
                "time_e": 90.08
            },
            {
                "char": "e",
                "char_s": 159,
                "char_e": 160,
                "time_s": 90.08,
                "time_e": 90.18
            },
            {
                "char": "n",
                "char_s": 160,
                "char_e": 161,
                "time_s": 90.18,
                "time_e": 90.2
            },
            {
                "char": "u",
                "char_s": 161,
                "char_e": 162,
                "time_s": 90.2,
                "time_e": 90.24
            },
            {
                "char": " ",
                "char_s": 162,
                "char_e": 163,
                "time_s": 90.24,
                "time_e": 90.25
            },
            {
                "char": "k",
                "char_s": 163,
                "char_e": 164,
                "time_s": 90.32,
                "time_e": 90.36
            },
            {
                "char": "a",
                "char_s": 164,
                "char_e": 165,
                "time_s": 90.36,
                "time_e": 90.46
            },
            {
                "char": "r",
                "char_s": 165,
                "char_e": 166,
                "time_s": 90.46,
                "time_e": 90.5
            },
            {
                "char": "a",
                "char_s": 166,
                "char_e": 167,
                "time_s": 90.5,
                "time_e": 90.62
            },
            {
                "char": "v",
                "char_s": 167,
                "char_e": 168,
                "time_s": 90.62,
                "time_e": 90.66
            },
            {
                "char": "a",
                "char_s": 168,
                "char_e": 169,
                "time_s": 90.66,
                "time_e": 90.82
            },
            {
                "char": "n",
                "char_s": 169,
                "char_e": 170,
                "time_s": 90.82,
                "time_e": 90.86
            },
            {
                "char": "u",
                "char_s": 170,
                "char_e": 171,
                "time_s": 90.86,
                "time_e": 90.9
            },
            {
                "char": " ",
                "char_s": 171,
                "char_e": 172,
                "time_s": 90.9,
                "time_e": 90.91
            },
            {
                "char": "k",
                "char_s": 172,
                "char_e": 173,
                "time_s": 90.98,
                "time_e": 91.0
            },
            {
                "char": "a",
                "char_s": 173,
                "char_e": 174,
                "time_s": 91.0,
                "time_e": 91.1
            },
            {
                "char": "k",
                "char_s": 174,
                "char_e": 175,
                "time_s": 91.1,
                "time_e": 91.14
            },
            {
                "char": "o",
                "char_s": 175,
                "char_e": 176,
                "time_s": 91.14,
                "time_e": 91.16
            },
            {
                "char": " ",
                "char_s": 176,
                "char_e": 177,
                "time_s": 91.16,
                "time_e": 91.18
            },
            {
                "char": "p",
                "char_s": 177,
                "char_e": 178,
                "time_s": 91.24,
                "time_e": 91.28
            },
            {
                "char": "a",
                "char_s": 178,
                "char_e": 179,
                "time_s": 91.28,
                "time_e": 91.42
            },
            {
                "char": "s",
                "char_s": 179,
                "char_e": 180,
                "time_s": 91.42,
                "time_e": 91.5
            },
            {
                "char": "i",
                "char_s": 180,
                "char_e": 181,
                "time_s": 91.5,
                "time_e": 91.64
            },
            {
                "char": "v",
                "char_s": 181,
                "char_e": 182,
                "time_s": 91.64,
                "time_e": 91.68
            },
            {
                "char": "a",
                "char_s": 182,
                "char_e": 183,
                "time_s": 91.68,
                "time_e": 91.82
            },
            {
                "char": ".",
                "char_s": 183,
                "char_e": 184,
                "time_s": 91.82,
                "time_e": 91.84
            }
        ]
    },
    {
        "char_e": 340,
        "char_s": 187,
        "speaker": "Roža s tri pera",
        "text": "Ljudi? Mepar da ih je pet ale šest. Videla san ih pred par let. Ma, nikad ne znaš kade ćeš ih trefit. Vetar ih raznaša. Nimaju korenje, ča njin jako pači.",
        "time_e": 106.19,
        "time_s": 92.28,
        "words": [
            {
                "char_e": 192,
                "char_s": 187,
                "time_e": 92.99,
                "time_s": 92.28
            },
            {
                "char_e": 199,
                "char_s": 194,
                "time_e": 93.82,
                "time_s": 93.26
            },
            {
                "char_e": 202,
                "char_s": 200,
                "time_e": 94.12,
                "time_s": 93.93
            },
            {
                "char_e": 205,
                "char_s": 203,
                "time_e": 94.25,
                "time_s": 94.13
            },
            {
                "char_e": 208,
                "char_s": 206,
                "time_e": 94.51,
                "time_s": 94.26
            },
            {
                "char_e": 212,
                "char_s": 209,
                "time_e": 95.15,
                "time_s": 94.88
            },
            {
                "char_e": 216,
                "char_s": 213,
                "time_e": 95.49,
                "time_s": 95.31
            },
            {
                "char_e": 221,
                "char_s": 217,
                "time_e": 96.01,
                "time_s": 95.5
            },
            {
                "char_e": 229,
                "char_s": 223,
                "time_e": 96.56,
                "time_s": 96.3
            },
            {
                "char_e": 233,
                "char_s": 230,
                "time_e": 96.86,
                "time_s": 96.63
            },
            {
                "char_e": 236,
                "char_s": 234,
                "time_e": 96.97,
                "time_s": 96.87
            },
            {
                "char_e": 241,
                "char_s": 237,
                "time_e": 97.19,
                "time_s": 96.98
            },
            {
                "char_e": 245,
                "char_s": 242,
                "time_e": 97.52,
                "time_s": 97.2
            },
            {
                "char_e": 249,
                "char_s": 246,
                "time_e": 98.01,
                "time_s": 97.53
            },
            {
                "char_e": 253,
                "char_s": 251,
                "time_e": 98.53,
                "time_s": 98.39
            },
            {
                "char_e": 260,
                "char_s": 255,
                "time_e": 98.89,
                "time_s": 98.54
            },
            {
                "char_e": 263,
                "char_s": 261,
                "time_e": 99.01,
                "time_s": 98.9
            },
            {
                "char_e": 268,
                "char_s": 264,
                "time_e": 99.37,
                "time_s": 99.02
            },
            {
                "char_e": 273,
                "char_s": 269,
                "time_e": 99.66,
                "time_s": 99.38
            },
            {
                "char_e": 277,
                "char_s": 274,
                "time_e": 99.86,
                "time_s": 99.67
            },
            {
                "char_e": 280,
                "char_s": 278,
                "time_e": 99.96,
                "time_s": 99.87
            },
            {
                "char_e": 287,
                "char_s": 281,
                "time_e": 100.56,
                "time_s": 99.97
            },
            {
                "char_e": 294,
                "char_s": 289,
                "time_e": 101.5,
                "time_s": 101.04
            },
            {
                "char_e": 297,
                "char_s": 295,
                "time_e": 101.65,
                "time_s": 101.51
            },
            {
                "char_e": 305,
                "char_s": 298,
                "time_e": 102.38,
                "time_s": 101.66
            },
            {
                "char_e": 313,
                "char_s": 307,
                "time_e": 103.68,
                "time_s": 103.12
            },
            {
                "char_e": 321,
                "char_s": 314,
                "time_e": 104.4,
                "time_s": 103.69
            },
            {
                "char_e": 325,
                "char_s": 323,
                "time_e": 104.9,
                "time_s": 104.71
            },
            {
                "char_e": 330,
                "char_s": 326,
                "time_e": 105.19,
                "time_s": 104.91
            },
            {
                "char_e": 335,
                "char_s": 331,
                "time_e": 105.61,
                "time_s": 105.2
            },
            {
                "char_e": 340,
                "char_s": 336,
                "time_e": 106.19,
                "time_s": 105.62
            }
        ],
        "chars": [
            {
                "char": "L",
                "char_s": 187,
                "char_e": 188,
                "time_s": 92.28,
                "time_e": 92.42
            },
            {
                "char": "j",
                "char_s": 188,
                "char_e": 189,
                "time_s": 92.42,
                "time_e": 92.46
            },
            {
                "char": "u",
                "char_s": 189,
                "char_e": 190,
                "time_s": 92.46,
                "time_e": 92.68
            },
            {
                "char": "d",
                "char_s": 190,
                "char_e": 191,
                "time_s": 92.68,
                "time_e": 92.72
            },
            {
                "char": "i",
                "char_s": 191,
                "char_e": 192,
                "time_s": 92.72,
                "time_e": 92.99
            },
            {
                "char": "?",
                "char_s": 192,
                "char_e": 193,
                "time_s": 93.28,
                "time_e": 93.3
            },
            {
                "char": " ",
                "char_s": 193,
                "char_e": 194,
                "time_s": 93.3,
                "time_e": 93.32
            },
            {
                "char": "M",
                "char_s": 194,
                "char_e": 195,
                "time_s": 93.32,
                "time_e": 93.36
            },
            {
                "char": "e",
                "char_s": 195,
                "char_e": 196,
                "time_s": 93.36,
                "time_e": 93.5
            },
            {
                "char": "p",
                "char_s": 196,
                "char_e": 197,
                "time_s": 93.5,
                "time_e": 93.54
            },
            {
                "char": "a",
                "char_s": 197,
                "char_e": 198,
                "time_s": 93.54,
                "time_e": 93.68
            },
            {
                "char": "r",
                "char_s": 198,
                "char_e": 199,
                "time_s": 93.68,
                "time_e": 93.82
            },
            {
                "char": " ",
                "char_s": 199,
                "char_e": 200,
                "time_s": 93.94,
                "time_e": 94.0
            },
            {
                "char": "d",
                "char_s": 200,
                "char_e": 201,
                "time_s": 94.0,
                "time_e": 94.02
            },
            {
                "char": "a",
                "char_s": 201,
                "char_e": 202,
                "time_s": 94.02,
                "time_e": 94.08
            },
            {
                "char": " ",
                "char_s": 202,
                "char_e": 203,
                "time_s": 94.08,
                "time_e": 94.12
            },
            {
                "char": "i",
                "char_s": 203,
                "char_e": 204,
                "time_s": 94.12,
                "time_e": 94.22
            },
            {
                "char": "h",
                "char_s": 204,
                "char_e": 205,
                "time_s": 94.22,
                "time_e": 94.25
            },
            {
                "char": " ",
                "char_s": 205,
                "char_e": 206,
                "time_s": 94.26,
                "time_e": 94.32
            },
            {
                "char": "j",
                "char_s": 206,
                "char_e": 207,
                "time_s": 94.32,
                "time_e": 94.34
            },
            {
                "char": "e",
                "char_s": 207,
                "char_e": 208,
                "time_s": 94.34,
                "time_e": 94.51
            },
            {
                "char": " ",
                "char_s": 208,
                "char_e": 209,
                "time_s": 94.82,
                "time_e": 94.92
            },
            {
                "char": "p",
                "char_s": 209,
                "char_e": 210,
                "time_s": 94.92,
                "time_e": 95.15
            },
            {
                "char": "e",
                "char_s": 210,
                "char_e": 211,
                "time_s": 95.28,
                "time_e": 95.3
            },
            {
                "char": "t",
                "char_s": 211,
                "char_e": 212,
                "time_s": 95.3,
                "time_e": 95.32
            },
            {
                "char": " ",
                "char_s": 212,
                "char_e": 213,
                "time_s": 95.32,
                "time_e": 95.34
            },
            {
                "char": "a",
                "char_s": 213,
                "char_e": 214,
                "time_s": 95.34,
                "time_e": 95.4
            },
            {
                "char": "l",
                "char_s": 214,
                "char_e": 215,
                "time_s": 95.4,
                "time_e": 95.44
            },
            {
                "char": "e",
                "char_s": 215,
                "char_e": 216,
                "time_s": 95.44,
                "time_e": 95.46
            },
            {
                "char": " ",
                "char_s": 216,
                "char_e": 217,
                "time_s": 95.46,
                "time_e": 95.49
            },
            {
                "char": "š",
                "char_s": 217,
                "char_e": 218,
                "time_s": 95.6,
                "time_e": 96.01
            },
            {
                "char": "e",
                "char_s": 218,
                "char_e": 219,
                "time_s": 96.24,
                "time_e": 96.26
            },
            {
                "char": "s",
                "char_s": 219,
                "char_e": 220,
                "time_s": 96.26,
                "time_e": 96.28
            },
            {
                "char": "t",
                "char_s": 220,
                "char_e": 221,
                "time_s": 96.28,
                "time_e": 96.3
            },
            {
                "char": ".",
                "char_s": 221,
                "char_e": 222,
                "time_s": 96.3,
                "time_e": 96.32
            },
            {
                "char": " ",
                "char_s": 222,
                "char_e": 223,
                "time_s": 96.32,
                "time_e": 96.34
            },
            {
                "char": "V",
                "char_s": 223,
                "char_e": 224,
                "time_s": 96.34,
                "time_e": 96.38
            },
            {
                "char": "i",
                "char_s": 224,
                "char_e": 225,
                "time_s": 96.38,
                "time_e": 96.44
            },
            {
                "char": "d",
                "char_s": 225,
                "char_e": 226,
                "time_s": 96.44,
                "time_e": 96.48
            },
            {
                "char": "e",
                "char_s": 226,
                "char_e": 227,
                "time_s": 96.48,
                "time_e": 96.54
            },
            {
                "char": "l",
                "char_s": 227,
                "char_e": 228,
                "time_s": 96.54,
                "time_e": 96.56
            },
            {
                "char": "a",
                "char_s": 228,
                "char_e": 229,
                "time_s": 96.58,
                "time_e": 96.62
            },
            {
                "char": " ",
                "char_s": 229,
                "char_e": 230,
                "time_s": 96.62,
                "time_e": 96.7
            },
            {
                "char": "s",
                "char_s": 230,
                "char_e": 231,
                "time_s": 96.7,
                "time_e": 96.74
            },
            {
                "char": "a",
                "char_s": 231,
                "char_e": 232,
                "time_s": 96.74,
                "time_e": 96.82
            },
            {
                "char": "n",
                "char_s": 232,
                "char_e": 233,
                "time_s": 96.82,
                "time_e": 96.84
            },
            {
                "char": " ",
                "char_s": 233,
                "char_e": 234,
                "time_s": 96.84,
                "time_e": 96.86
            },
            {
                "char": "i",
                "char_s": 234,
                "char_e": 235,
                "time_s": 96.88,
                "time_e": 96.94
            },
            {
                "char": "h",
                "char_s": 235,
                "char_e": 236,
                "time_s": 96.94,
                "time_e": 96.96
            },
            {
                "char": " ",
                "char_s": 236,
                "char_e": 237,
                "time_s": 96.96,
                "time_e": 96.97
            },
            {
                "char": "p",
                "char_s": 237,
                "char_e": 238,
                "time_s": 97.02,
                "time_e": 97.06
            },
            {
                "char": "r",
                "char_s": 238,
                "char_e": 239,
                "time_s": 97.06,
                "time_e": 97.1
            },
            {
                "char": "e",
                "char_s": 239,
                "char_e": 240,
                "time_s": 97.1,
                "time_e": 97.16
            },
            {
                "char": "d",
                "char_s": 240,
                "char_e": 241,
                "time_s": 97.16,
                "time_e": 97.18
            },
            {
                "char": " ",
                "char_s": 241,
                "char_e": 242,
                "time_s": 97.18,
                "time_e": 97.19
            },
            {
                "char": "p",
                "char_s": 242,
                "char_e": 243,
                "time_s": 97.26,
                "time_e": 97.3
            },
            {
                "char": "a",
                "char_s": 243,
                "char_e": 244,
                "time_s": 97.3,
                "time_e": 97.42
            },
            {
                "char": "r",
                "char_s": 244,
                "char_e": 245,
                "time_s": 97.42,
                "time_e": 97.46
            },
            {
                "char": " ",
                "char_s": 245,
                "char_e": 246,
                "time_s": 97.46,
                "time_e": 97.52
            },
            {
                "char": "l",
                "char_s": 246,
                "char_e": 247,
                "time_s": 97.56,
                "time_e": 97.6
            },
            {
                "char": "e",
                "char_s": 247,
                "char_e": 248,
                "time_s": 97.6,
                "time_e": 97.86
            },
            {
                "char": "t",
                "char_s": 248,
                "char_e": 249,
                "time_s": 97.86,
                "time_e": 98.01
            },
            {
                "char": ".",
                "char_s": 249,
                "char_e": 250,
                "time_s": 98.4,
                "time_e": 98.42
            },
            {
                "char": " ",
                "char_s": 250,
                "char_e": 251,
                "time_s": 98.42,
                "time_e": 98.46
            },
            {
                "char": "M",
                "char_s": 251,
                "char_e": 252,
                "time_s": 98.46,
                "time_e": 98.48
            },
            {
                "char": "a",
                "char_s": 252,
                "char_e": 253,
                "time_s": 98.48,
                "time_e": 98.53
            },
            {
                "char": ",",
                "char_s": 253,
                "char_e": 254,
                "time_s": 98.54,
                "time_e": 98.56
            },
            {
                "char": " ",
                "char_s": 254,
                "char_e": 255,
                "time_s": 98.56,
                "time_e": 98.6
            },
            {
                "char": "n",
                "char_s": 255,
                "char_e": 256,
                "time_s": 98.6,
                "time_e": 98.64
            },
            {
                "char": "i",
                "char_s": 256,
                "char_e": 257,
                "time_s": 98.64,
                "time_e": 98.74
            },
            {
                "char": "k",
                "char_s": 257,
                "char_e": 258,
                "time_s": 98.74,
                "time_e": 98.78
            },
            {
                "char": "a",
                "char_s": 258,
                "char_e": 259,
                "time_s": 98.78,
                "time_e": 98.86
            },
            {
                "char": "d",
                "char_s": 259,
                "char_e": 260,
                "time_s": 98.86,
                "time_e": 98.89
            },
            {
                "char": " ",
                "char_s": 260,
                "char_e": 261,
                "time_s": 98.9,
                "time_e": 98.94
            },
            {
                "char": "n",
                "char_s": 261,
                "char_e": 262,
                "time_s": 98.94,
                "time_e": 98.98
            },
            {
                "char": "e",
                "char_s": 262,
                "char_e": 263,
                "time_s": 98.98,
                "time_e": 99.0
            },
            {
                "char": " ",
                "char_s": 263,
                "char_e": 264,
                "time_s": 99.0,
                "time_e": 99.01
            },
            {
                "char": "z",
                "char_s": 264,
                "char_e": 265,
                "time_s": 99.06,
                "time_e": 99.14
            },
            {
                "char": "n",
                "char_s": 265,
                "char_e": 266,
                "time_s": 99.14,
                "time_e": 99.18
            },
            {
                "char": "a",
                "char_s": 266,
                "char_e": 267,
                "time_s": 99.18,
                "time_e": 99.34
            },
            {
                "char": "š",
                "char_s": 267,
                "char_e": 268,
                "time_s": 99.34,
                "time_e": 99.36
            },
            {
                "char": " ",
                "char_s": 268,
                "char_e": 269,
                "time_s": 99.36,
                "time_e": 99.37
            },
            {
                "char": "k",
                "char_s": 269,
                "char_e": 270,
                "time_s": 99.54,
                "time_e": 99.56
            },
            {
                "char": "a",
                "char_s": 270,
                "char_e": 271,
                "time_s": 99.56,
                "time_e": 99.58
            },
            {
                "char": "d",
                "char_s": 271,
                "char_e": 272,
                "time_s": 99.58,
                "time_e": 99.6
            },
            {
                "char": "e",
                "char_s": 272,
                "char_e": 273,
                "time_s": 99.6,
                "time_e": 99.62
            },
            {
                "char": " ",
                "char_s": 273,
                "char_e": 274,
                "time_s": 99.62,
                "time_e": 99.66
            },
            {
                "char": "ć",
                "char_s": 274,
                "char_e": 275,
                "time_s": 99.72,
                "time_e": 99.74
            },
            {
                "char": "e",
                "char_s": 275,
                "char_e": 276,
                "time_s": 99.74,
                "time_e": 99.84
            },
            {
                "char": "š",
                "char_s": 276,
                "char_e": 277,
                "time_s": 99.84,
                "time_e": 99.86
            },
            {
                "char": " ",
                "char_s": 277,
                "char_e": 278,
                "time_s": 99.88,
                "time_e": 99.9
            },
            {
                "char": "i",
                "char_s": 278,
                "char_e": 279,
                "time_s": 99.9,
                "time_e": 99.96
            },
            {
                "char": "h",
                "char_s": 279,
                "char_e": 280,
                "time_s": 99.96,
                "time_e": 99.98
            },
            {
                "char": " ",
                "char_s": 280,
                "char_e": 281,
                "time_s": 99.98,
                "time_e": 100.04
            },
            {
                "char": "t",
                "char_s": 281,
                "char_e": 282,
                "time_s": 100.04,
                "time_e": 100.1
            },
            {
                "char": "r",
                "char_s": 282,
                "char_e": 283,
                "time_s": 100.1,
                "time_e": 100.14
            },
            {
                "char": "e",
                "char_s": 283,
                "char_e": 284,
                "time_s": 100.14,
                "time_e": 100.3
            },
            {
                "char": "f",
                "char_s": 284,
                "char_e": 285,
                "time_s": 100.3,
                "time_e": 100.34
            },
            {
                "char": "i",
                "char_s": 285,
                "char_e": 286,
                "time_s": 100.34,
                "time_e": 100.48
            },
            {
                "char": "t",
                "char_s": 286,
                "char_e": 287,
                "time_s": 100.48,
                "time_e": 100.56
            },
            {
                "char": ".",
                "char_s": 287,
                "char_e": 288,
                "time_s": 101.02,
                "time_e": 101.04
            },
            {
                "char": " ",
                "char_s": 288,
                "char_e": 289,
                "time_s": 101.04,
                "time_e": 101.12
            },
            {
                "char": "V",
                "char_s": 289,
                "char_e": 290,
                "time_s": 101.12,
                "time_e": 101.16
            },
            {
                "char": "e",
                "char_s": 290,
                "char_e": 291,
                "time_s": 101.16,
                "time_e": 101.32
            },
            {
                "char": "t",
                "char_s": 291,
                "char_e": 292,
                "time_s": 101.32,
                "time_e": 101.38
            },
            {
                "char": "a",
                "char_s": 292,
                "char_e": 293,
                "time_s": 101.38,
                "time_e": 101.48
            },
            {
                "char": "r",
                "char_s": 293,
                "char_e": 294,
                "time_s": 101.48,
                "time_e": 101.5
            },
            {
                "char": " ",
                "char_s": 294,
                "char_e": 295,
                "time_s": 101.5,
                "time_e": 101.54
            },
            {
                "char": "i",
                "char_s": 295,
                "char_e": 296,
                "time_s": 101.54,
                "time_e": 101.62
            },
            {
                "char": "h",
                "char_s": 296,
                "char_e": 297,
                "time_s": 101.62,
                "time_e": 101.65
            },
            {
                "char": " ",
                "char_s": 297,
                "char_e": 298,
                "time_s": 101.66,
                "time_e": 101.72
            },
            {
                "char": "r",
                "char_s": 298,
                "char_e": 299,
                "time_s": 101.72,
                "time_e": 101.74
            },
            {
                "char": "a",
                "char_s": 299,
                "char_e": 300,
                "time_s": 101.74,
                "time_e": 101.84
            },
            {
                "char": "z",
                "char_s": 300,
                "char_e": 301,
                "time_s": 101.84,
                "time_e": 101.92
            },
            {
                "char": "n",
                "char_s": 301,
                "char_e": 302,
                "time_s": 101.92,
                "time_e": 101.96
            },
            {
                "char": "a",
                "char_s": 302,
                "char_e": 303,
                "time_s": 101.96,
                "time_e": 102.24
            },
            {
                "char": "š",
                "char_s": 303,
                "char_e": 304,
                "time_s": 102.24,
                "time_e": 102.3
            },
            {
                "char": "a",
                "char_s": 304,
                "char_e": 305,
                "time_s": 102.3,
                "time_e": 102.38
            },
            {
                "char": ".",
                "char_s": 305,
                "char_e": 306,
                "time_s": 103.14,
                "time_e": 103.16
            },
            {
                "char": " ",
                "char_s": 306,
                "char_e": 307,
                "time_s": 103.16,
                "time_e": 103.24
            },
            {
                "char": "N",
                "char_s": 307,
                "char_e": 308,
                "time_s": 103.24,
                "time_e": 103.28
            },
            {
                "char": "i",
                "char_s": 308,
                "char_e": 309,
                "time_s": 103.28,
                "time_e": 103.4
            },
            {
                "char": "m",
                "char_s": 309,
                "char_e": 310,
                "time_s": 103.4,
                "time_e": 103.44
            },
            {
                "char": "a",
                "char_s": 310,
                "char_e": 311,
                "time_s": 103.44,
                "time_e": 103.52
            },
            {
                "char": "j",
                "char_s": 311,
                "char_e": 312,
                "time_s": 103.52,
                "time_e": 103.56
            },
            {
                "char": "u",
                "char_s": 312,
                "char_e": 313,
                "time_s": 103.56,
                "time_e": 103.62
            },
            {
                "char": " ",
                "char_s": 313,
                "char_e": 314,
                "time_s": 103.62,
                "time_e": 103.64
            },
            {
                "char": "k",
                "char_s": 314,
                "char_e": 315,
                "time_s": 103.64,
                "time_e": 103.66
            },
            {
                "char": "o",
                "char_s": 315,
                "char_e": 316,
                "time_s": 103.66,
                "time_e": 103.68
            },
            {
                "char": "r",
                "char_s": 316,
                "char_e": 317,
                "time_s": 103.98,
                "time_e": 104.04
            },
            {
                "char": "e",
                "char_s": 317,
                "char_e": 318,
                "time_s": 104.04,
                "time_e": 104.18
            },
            {
                "char": "n",
                "char_s": 318,
                "char_e": 319,
                "time_s": 104.18,
                "time_e": 104.22
            },
            {
                "char": "j",
                "char_s": 319,
                "char_e": 320,
                "time_s": 104.22,
                "time_e": 104.24
            },
            {
                "char": "e",
                "char_s": 320,
                "char_e": 321,
                "time_s": 104.24,
                "time_e": 104.4
            },
            {
                "char": ",",
                "char_s": 321,
                "char_e": 322,
                "time_s": 104.68,
                "time_e": 104.7
            },
            {
                "char": " ",
                "char_s": 322,
                "char_e": 323,
                "time_s": 104.7,
                "time_e": 104.8
            },
            {
                "char": "č",
                "char_s": 323,
                "char_e": 324,
                "time_s": 104.8,
                "time_e": 104.86
            },
            {
                "char": "a",
                "char_s": 324,
                "char_e": 325,
                "time_s": 104.86,
                "time_e": 104.9
            },
            {
                "char": " ",
                "char_s": 325,
                "char_e": 326,
                "time_s": 104.94,
                "time_e": 104.96
            },
            {
                "char": "n",
                "char_s": 326,
                "char_e": 327,
                "time_s": 104.96,
                "time_e": 105.0
            },
            {
                "char": "j",
                "char_s": 327,
                "char_e": 328,
                "time_s": 105.0,
                "time_e": 105.04
            },
            {
                "char": "i",
                "char_s": 328,
                "char_e": 329,
                "time_s": 105.04,
                "time_e": 105.14
            },
            {
                "char": "n",
                "char_s": 329,
                "char_e": 330,
                "time_s": 105.14,
                "time_e": 105.19
            },
            {
                "char": " ",
                "char_s": 330,
                "char_e": 331,
                "time_s": 105.24,
                "time_e": 105.26
            },
            {
                "char": "j",
                "char_s": 331,
                "char_e": 332,
                "time_s": 105.26,
                "time_e": 105.3
            },
            {
                "char": "a",
                "char_s": 332,
                "char_e": 333,
                "time_s": 105.3,
                "time_e": 105.54
            },
            {
                "char": "k",
                "char_s": 333,
                "char_e": 334,
                "time_s": 105.54,
                "time_e": 105.58
            },
            {
                "char": "o",
                "char_s": 334,
                "char_e": 335,
                "time_s": 105.58,
                "time_e": 105.61
            },
            {
                "char": " ",
                "char_s": 335,
                "char_e": 336,
                "time_s": 105.68,
                "time_e": 105.7
            },
            {
                "char": "p",
                "char_s": 336,
                "char_e": 337,
                "time_s": 105.7,
                "time_e": 105.72
            },
            {
                "char": "a",
                "char_s": 337,
                "char_e": 338,
                "time_s": 105.72,
                "time_e": 106.04
            },
            {
                "char": "č",
                "char_s": 338,
                "char_e": 339,
                "time_s": 106.04,
                "time_e": 106.1
            },
            {
                "char": "i",
                "char_s": 339,
                "char_e": 340,
                "time_s": 106.1,
                "time_e": 106.16
            },
            {
                "char": ".",
                "char_s": 340,
                "char_e": 341,
                "time_s": 106.16,
                "time_e": 106.18
            }
        ]
    },
    {
        "char_e": 351,
        "char_s": 344,
        "speaker": "Mići Princ",
        "text": "Ala boh!",
        "time_e": 107.37,
        "time_s": 106.71,
        "words": [
            {
                "char_e": 347,
                "char_s": 344,
                "time_e": 106.93,
                "time_s": 106.71
            },
            {
                "char_e": 351,
                "char_s": 348,
                "time_e": 107.37,
                "time_s": 106.94
            }
        ],
        "chars": [
            {
                "char": "A",
                "char_s": 344,
                "char_e": 345,
                "time_s": 106.71,
                "time_e": 106.85
            },
            {
                "char": "l",
                "char_s": 345,
                "char_e": 346,
                "time_s": 106.85,
                "time_e": 106.89
            },
            {
                "char": "a",
                "char_s": 346,
                "char_e": 347,
                "time_s": 106.89,
                "time_e": 106.93
            },
            {
                "char": " ",
                "char_s": 347,
                "char_e": 348,
                "time_s": 106.99,
                "time_e": 107.01
            },
            {
                "char": "b",
                "char_s": 348,
                "char_e": 349,
                "time_s": 107.01,
                "time_e": 107.03
            },
            {
                "char": "o",
                "char_s": 349,
                "char_e": 350,
                "time_s": 107.03,
                "time_e": 107.31
            },
            {
                "char": "h",
                "char_s": 350,
                "char_e": 351,
                "time_s": 107.31,
                "time_e": 107.33
            },
            {
                "char": "!",
                "char_s": 351,
                "char_e": 352,
                "time_s": 107.33,
                "time_e": 107.35
            }
        ]
    },
    {
        "char_e": 358,
        "char_s": 355,
        "speaker": "Roža s tri pera",
        "text": "Boh!",
        "time_e": 108.11,
        "time_s": 107.91,
        "words": [
            {
                "char_e": 358,
                "char_s": 355,
                "time_e": 108.11,
                "time_s": 107.91
            }
        ],
        "chars": [
            {
                "char": "B",
                "char_s": 355,
                "char_e": 356,
                "time_s": 107.91,
                "time_e": 107.93
            },
            {
                "char": "o",
                "char_s": 356,
                "char_e": 357,
                "time_s": 107.93,
                "time_e": 108.05
            },
            {
                "char": "h",
                "char_s": 357,
                "char_e": 358,
                "time_s": 108.05,
                "time_e": 108.07
            },
            {
                "char": "!",
                "char_s": 358,
                "char_e": 359,
                "time_s": 108.07,
                "time_e": 108.09
            }
        ]
    }
]