[
    {
        "char_e": 173,
        "char_s": 0,
        "speaker": "Autor",
        "text": "Mići Princ je šav zgoru na niku visoku planinu. Jedine planine ča je znav bile su puli njiga ona tri vulkana ča su mu dosegala do kolina. Zagašen vulkan mu je biv kot stolić.",
        "time_e": 72.12,
        "time_s": 59.79,
        "words": [
            {
                "char_e": 4,
                "char_s": 0,
                "time_e": 60.05,
                "time_s": 59.79
            },
            {
                "char_e": 10,
                "char_s": 5,
                "time_e": 60.41,
                "time_s": 60.06
            },
            {
                "char_e": 13,
                "char_s": 11,
                "time_e": 60.51,
                "time_s": 60.42
            },
            {
                "char_e": 17,
                "char_s": 14,
                "time_e": 60.82,
                "time_s": 60.52
            },
            {
                "char_e": 23,
                "char_s": 18,
                "time_e": 61.36,
                "time_s": 60.83
            },
            {
                "char_e": 26,
                "char_s": 24,
                "time_e": 61.66,
                "time_s": 61.5
            },
            {
                "char_e": 31,
                "char_s": 27,
                "time_e": 61.92,
                "time_s": 61.67
            },
            {
                "char_e": 38,
                "char_s": 32,
                "time_e": 62.4,
                "time_s": 61.93
            },
            {
                "char_e": 46,
                "char_s": 39,
                "time_e": 63.01,
                "time_s": 62.41
            },
            {
                "char_e": 54,
                "char_s": 48,
                "time_e": 63.66,
                "time_s": 63.23
            },
            {
                "char_e": 62,
                "char_s": 55,
                "time_e": 64.13,
                "time_s": 63.67
            },
            {
                "char_e": 65,
                "char_s": 63,
                "time_e": 64.29,
                "time_s": 64.14
            },
            {
                "char_e": 68,
                "char_s": 66,
                "time_e": 64.42,
                "time_s": 64.3
            },
            {
                "char_e": 73,
                "char_s": 69,
                "time_e": 64.89,
                "time_s": 64.43
            },
            {
                "char_e": 78,
                "char_s": 74,
                "time_e": 65.28,
                "time_s": 64.93
            },
            {
                "char_e": 81,
                "char_s": 79,
                "time_e": 65.44,
                "time_s": 65.29
            },
            {
                "char_e": 86,
                "char_s": 82,
                "time_e": 65.76,
                "time_s": 65.45
            },
            {
                "char_e": 92,
                "char_s": 87,
                "time_e": 66.12,
                "time_s": 65.77
            },
            {
                "char_e": 96,
                "char_s": 93,
                "time_e": 66.42,
                "time_s": 66.13
            },
            {
                "char_e": 100,
                "char_s": 97,
                "time_e": 66.68,
                "time_s": 66.43
            },
            {
                "char_e": 108,
                "char_s": 101,
                "time_e": 67.48,
                "time_s": 66.69
            },
            {
                "char_e": 111,
                "char_s": 109,
                "time_e": 67.75,
                "time_s": 67.59
            },
            {
                "char_e": 114,
                "char_s": 112,
                "time_e": 67.95,
                "time_s": 67.76
            },
            {
                "char_e": 117,
                "char_s": 115,
                "time_e": 68.07,
                "time_s": 67.96
            },
            {
                "char_e": 126,
                "char_s": 118,
                "time_e": 68.7,
                "time_s": 68.08
            },
            {
                "char_e": 129,
                "char_s": 127,
                "time_e": 68.85,
                "time_s": 68.71
            },
            {
                "char_e": 136,
                "char_s": 130,
                "time_e": 69.43,
                "time_s": 68.86
            },
            {
                "char_e": 145,
                "char_s": 138,
                "time_e": 70.3,
                "time_s": 69.61
            },
            {
                "char_e": 152,
                "char_s": 146,
                "time_e": 70.76,
                "time_s": 70.31
            },
            {
                "char_e": 155,
                "char_s": 153,
                "time_e": 70.99,
                "time_s": 70.77
            },
            {
                "char_e": 158,
                "char_s": 156,
                "time_e": 71.09,
                "time_s": 71.0
            },
            {
                "char_e": 162,
                "char_s": 159,
                "time_e": 71.39,
                "time_s": 71.1
            },
            {
                "char_e": 166,
                "char_s": 163,
                "time_e": 71.62,
                "time_s": 71.43
            },
            {
                "char_e": 173,
                "char_s": 167,
                "time_e": 72.12,
                "time_s": 71.63
            }
        ],
        "chars": [
            [
                59.79,
                59.87
            ],
            [
                59.87,
                59.97
            ],
            [
                59.97,
                60.01
            ],
            [
                60.01,
                60.05
            ],
            [
                60.11,
                60.05
            ],
            [
                60.13,
                60.05
            ],
            [
                60.17,
                60.05
            ],
            [
                60.21,
                60.05
            ],
            [
                60.29,
                60.05
            ],
            [
                60.37,
                60.05
            ],
            [
                60.41,
                60.41
            ],
            [
                60.45,
                60.41
            ],
            [
                60.47,
                60.41
            ],
            [
                60.51,
                60.51
            ],
            [
                60.59,
                60.51
            ],
            [
                60.65,
                60.82
            ],
            [
                60.83,
                60.82
            ],
            [
                60.85,
                60.82
            ],
            [
                60.87,
                60.82
            ],
            [
                60.97,
                60.82
            ],
            [
                61.03,
                60.82
            ],
            [
                61.17,
                60.82
            ],
            [
                61.21,
                61.36
            ],
            [
                61.53,
                61.36
            ],
            [
                61.57,
                61.36
            ],
            [
                61.61,
                61.36
            ],
            [
                61.65,
                61.66
            ],
            [
                61.69,
                61.66
            ],
            [
                61.75,
                61.66
            ],
            [
                61.83,
                61.66
            ],
            [
                61.87,
                61.66
            ],
            [
                61.91,
                61.92
            ],
            [
                61.99,
                61.92
            ],
            [
                62.03,
                61.92
            ],
            [
                62.15,
                61.92
            ],
            [
                62.21,
                61.92
            ],
            [
                62.35,
                61.92
            ],
            [
                62.37,
                62.4
            ],
            [
                62.41,
                62.4
            ],
            [
                62.49,
                62.4
            ],
            [
                62.53,
                62.4
            ],
            [
                62.57,
                62.4
            ],
            [
                62.67,
                62.4
            ],
            [
                62.73,
                62.4
            ],
            [
                62.89,
                62.4
            ],
            [
                62.93,
                63.01
            ],
            [
                63.25,
                63.01
            ],
            [
                63.27,
                63.01
            ],
            [
                63.33,
                63.01
            ],
            [
                63.35,
                63.01
            ],
            [
                63.43,
                63.01
            ],
            [
                63.47,
                63.01
            ],
            [
                63.57,
                63.01
            ],
            [
                63.61,
                63.01
            ],
            [
                63.65,
                63.66
            ],
            [
                63.73,
                63.66
            ],
            [
                63.77,
                63.66
            ],
            [
                63.81,
                63.66
            ],
            [
                63.89,
                63.66
            ],
            [
                63.95,
                63.66
            ],
            [
                64.03,
                63.66
            ],
            [
                64.07,
                63.66
            ],
            [
                64.11,
                64.13
            ],
            [
                64.19,
                64.13
            ],
            [
                64.25,
                64.29
            ],
            [
                64.31,
                64.29
            ],
            [
                64.33,
                64.29
            ],
            [
                64.35,
                64.29
            ],
            [
                64.39,
                64.42
            ],
            [
                64.47,
                64.42
            ],
            [
                64.55,
                64.42
            ],
            [
                64.59,
                64.42
            ],
            [
                64.77,
                64.89
            ],
            [
                64.97,
                64.89
            ],
            [
                65.07,
                64.89
            ],
            [
                65.11,
                64.89
            ],
            [
                65.19,
                64.89
            ],
            [
                65.23,
                64.89
            ],
            [
                65.27,
                65.28
            ],
            [
                65.35,
                65.28
            ],
            [
                65.39,
                65.28
            ],
            [
                65.41,
                65.44
            ],
            [
                65.55,
                65.44
            ],
            [
                65.59,
                65.44
            ],
            [
                65.65,
                65.44
            ],
            [
                65.69,
                65.76
            ],
            [
                65.77,
                65.76
            ],
            [
                65.79,
                65.76
            ],
            [
                65.83,
                65.76
            ],
            [
                65.89,
                65.76
            ],
            [
                65.99,
                65.76
            ],
            [
                66.03,
                66.12
            ],
            [
                66.19,
                66.12
            ],
            [
                66.25,
                66.12
            ],
            [
                66.33,
                66.12
            ],
            [
                66.37,
                66.12
            ],
            [
                66.41,
                66.42
            ],
            [
                66.51,
                66.42
            ],
            [
                66.55,
                66.42
            ],
            [
                66.67,
                66.68
            ],
            [
                66.69,
                66.68
            ],
            [
                66.75,
                66.68
            ],
            [
                66.77,
                66.68
            ],
            [
                66.83,
                66.68
            ],
            [
                66.97,
                66.68
            ],
            [
                67.03,
                66.68
            ],
            [
                67.23,
                66.68
            ],
            [
                67.29,
                67.48
            ],
            [
                67.57,
                67.48
            ],
            [
                67.65,
                67.48
            ],
            [
                67.69,
                67.48
            ],
            [
                67.75,
                67.75
            ],
            [
                67.81,
                67.75
            ],
            [
                67.87,
                67.75
            ],
            [
                67.91,
                67.95
            ],
            [
                67.97,
                67.95
            ],
            [
                68.01,
                67.95
            ],
            [
                68.07,
                68.07
            ],
            [
                68.13,
                68.07
            ],
            [
                68.17,
                68.07
            ],
            [
                68.29,
                68.07
            ],
            [
                68.35,
                68.07
            ],
            [
                68.45,
                68.07
            ],
            [
                68.51,
                68.07
            ],
            [
                68.61,
                68.07
            ],
            [
                68.65,
                68.7
            ],
            [
                68.71,
                68.7
            ],
            [
                68.77,
                68.7
            ],
            [
                68.81,
                68.7
            ],
            [
                68.85,
                68.85
            ],
            [
                68.91,
                68.85
            ],
            [
                68.97,
                68.85
            ],
            [
                69.05,
                68.85
            ],
            [
                69.09,
                68.85
            ],
            [
                69.23,
                68.85
            ],
            [
                69.29,
                69.43
            ],
            [
                69.63,
                69.43
            ],
            [
                69.65,
                69.43
            ],
            [
                69.75,
                69.43
            ],
            [
                69.79,
                69.43
            ],
            [
                69.93,
                69.43
            ],
            [
                69.97,
                69.43
            ],
            [
                70.13,
                69.43
            ],
            [
                70.19,
                69.43
            ],
            [
                70.23,
                69.43
            ],
            [
                70.27,
                70.3
            ],
            [
                70.35,
                70.3
            ],
            [
                70.37,
                70.3
            ],
            [
                70.43,
                70.3
            ],
            [
                70.55,
                70.3
            ],
            [
                70.61,
                70.3
            ],
            [
                70.75,
                70.76
            ],
            [
                70.81,
                70.76
            ],
            [
                70.87,
                70.76
            ],
            [
                70.93,
                70.76
            ],
            [
                70.97,
                70.99
            ],
            [
                71.01,
                70.99
            ],
            [
                71.05,
                70.99
            ],
            [
                71.07,
                71.09
            ],
            [
                71.17,
                71.09
            ],
            [
                71.19,
                71.09
            ],
            [
                71.33,
                71.09
            ],
            [
                71.39,
                71.39
            ],
            [
                71.49,
                71.39
            ],
            [
                71.53,
                71.39
            ],
            [
                71.61,
                71.62
            ],
            [
                71.63,
                71.62
            ],
            [
                71.67,
                71.62
            ],
            [
                71.73,
                71.62
            ],
            [
                71.79,
                71.62
            ],
            [
                71.87,
                71.62
            ],
            [
                71.91,
                71.62
            ],
            [
                72.07,
                71.62
            ],
            [
                72.09,
                71.62
            ]
        ]
    },
    {
        "char_e": 245,
        "char_s": 176,
        "speaker": "Mići Princ",
        "text": "Z vako visoke planine z jednin ću pogledon zajet civ planet i sȅ jude",
        "time_e": 77.83,
        "time_s": 72.57,
        "words": [
            {
                "char_e": 177,
                "char_s": 176,
                "time_e": 72.59,
                "time_s": 72.57
            },
            {
                "char_e": 182,
                "char_s": 178,
                "time_e": 72.92,
                "time_s": 72.6
            },
            {
                "char_e": 189,
                "char_s": 183,
                "time_e": 73.44,
                "time_s": 72.96
            },
            {
                "char_e": 197,
                "char_s": 190,
                "time_e": 74.16,
                "time_s": 73.45
            },
            {
                "char_e": 199,
                "char_s": 198,
                "time_e": 74.84,
                "time_s": 74.82
            },
            {
                "char_e": 206,
                "char_s": 200,
                "time_e": 75.2,
                "time_s": 74.85
            },
            {
                "char_e": 209,
                "char_s": 207,
                "time_e": 75.35,
                "time_s": 75.21
            },
            {
                "char_e": 218,
                "char_s": 210,
                "time_e": 75.95,
                "time_s": 75.36
            },
            {
                "char_e": 224,
                "char_s": 219,
                "time_e": 76.38,
                "time_s": 75.96
            },
            {
                "char_e": 228,
                "char_s": 225,
                "time_e": 76.56,
                "time_s": 76.39
            },
            {
                "char_e": 235,
                "char_s": 229,
                "time_e": 76.88,
                "time_s": 76.6
            },
            {
                "char_e": 237,
                "char_s": 236,
                "time_e": 77.31,
                "time_s": 77.17
            },
            {
                "char_e": 240,
                "char_s": 238,
                "time_e": 77.58,
                "time_s": 77.32
            },
            {
                "char_e": 245,
                "char_s": 241,
                "time_e": 77.83,
                "time_s": 77.59
            }
        ],
        "chars": [
            [
                72.57,
                72.63
            ],
            [
                72.63,
                72.59
            ],
            [
                72.65,
                72.59
            ],
            [
                72.69,
                72.59
            ],
            [
                72.85,
                72.59
            ],
            [
                72.89,
                72.92
            ],
            [
                72.93,
                72.92
            ],
            [
                72.97,
                72.92
            ],
            [
                73.01,
                72.92
            ],
            [
                73.13,
                72.92
            ],
            [
                73.19,
                72.92
            ],
            [
                73.31,
                72.92
            ],
            [
                73.37,
                72.92
            ],
            [
                73.43,
                73.44
            ],
            [
                73.51,
                73.44
            ],
            [
                73.55,
                73.44
            ],
            [
                73.59,
                73.44
            ],
            [
                73.71,
                73.44
            ],
            [
                73.75,
                73.44
            ],
            [
                73.91,
                73.44
            ],
            [
                73.97,
                74.16
            ],
            [
                74.75,
                74.16
            ],
            [
                74.81,
                74.16
            ],
            [
                74.85,
                74.84
            ],
            [
                74.87,
                74.84
            ],
            [
                74.91,
                74.84
            ],
            [
                74.97,
                74.84
            ],
            [
                74.99,
                74.84
            ],
            [
                75.03,
                74.84
            ],
            [
                75.05,
                75.2
            ],
            [
                75.23,
                75.2
            ],
            [
                75.25,
                75.2
            ],
            [
                75.29,
                75.2
            ],
            [
                75.33,
                75.35
            ],
            [
                75.45,
                75.35
            ],
            [
                75.49,
                75.35
            ],
            [
                75.59,
                75.35
            ],
            [
                75.63,
                75.35
            ],
            [
                75.67,
                75.35
            ],
            [
                75.75,
                75.35
            ],
            [
                75.81,
                75.35
            ],
            [
                75.93,
                75.35
            ],
            [
                75.95,
                75.95
            ],
            [
                76.01,
                75.95
            ],
            [
                76.05,
                75.95
            ],
            [
                76.15,
                75.95
            ],
            [
                76.19,
                75.95
            ],
            [
                76.31,
                75.95
            ],
            [
                76.33,
                76.38
            ],
            [
                76.41,
                76.38
            ],
            [
                76.43,
                76.38
            ],
            [
                76.55,
                76.56
            ],
            [
                76.57,
                76.56
            ],
            [
                76.63,
                76.56
            ],
            [
                76.67,
                76.56
            ],
            [
                76.71,
                76.56
            ],
            [
                76.81,
                76.56
            ],
            [
                76.87,
                76.88
            ],
            [
                77.05,
                76.88
            ],
            [
                77.19,
                76.88
            ],
            [
                77.21,
                76.88
            ],
            [
                77.23,
                77.31
            ],
            [
                77.39,
                77.31
            ],
            [
                77.57,
                77.58
            ],
            [
                77.59,
                77.58
            ],
            [
                77.61,
                77.58
            ],
            [
                77.63,
                77.58
            ],
            [
                77.77,
                77.58
            ],
            [
                77.79,
                77.58
            ]
        ]
    },
    {
        "char_e": 288,
        "char_s": 252,
        "speaker": "Autor",
        "text": "ma je videv samo oštre vrhe od škriv.",
        "time_e": 81.74,
        "time_s": 79.11,
        "words": [
            {
                "char_e": 254,
                "char_s": 252,
                "time_e": 79.38,
                "time_s": 79.11
            },
            {
                "char_e": 257,
                "char_s": 255,
                "time_e": 79.45,
                "time_s": 79.39
            },
            {
                "char_e": 263,
                "char_s": 258,
                "time_e": 79.8,
                "time_s": 79.46
            },
            {
                "char_e": 268,
                "char_s": 264,
                "time_e": 80.23,
                "time_s": 79.81
            },
            {
                "char_e": 274,
                "char_s": 269,
                "time_e": 80.7,
                "time_s": 80.24
            },
            {
                "char_e": 279,
                "char_s": 275,
                "time_e": 81.15,
                "time_s": 80.74
            },
            {
                "char_e": 282,
                "char_s": 280,
                "time_e": 81.27,
                "time_s": 81.16
            },
            {
                "char_e": 288,
                "char_s": 283,
                "time_e": 81.74,
                "time_s": 81.28
            }
        ],
        "chars": [
            [
                79.11,
                79.27
            ],
            [
                79.27,
                79.35
            ],
            [
                79.35,
                79.37
            ],
            [
                79.37,
                79.38
            ],
            [
                79.47,
                79.45
            ],
            [
                79.49,
                79.45
            ],
            [
                79.51,
                79.45
            ],
            [
                79.55,
                79.45
            ],
            [
                79.65,
                79.45
            ],
            [
                79.71,
                79.45
            ],
            [
                79.79,
                79.8
            ],
            [
                79.85,
                79.8
            ],
            [
                79.93,
                79.8
            ],
            [
                79.99,
                79.8
            ],
            [
                80.09,
                79.8
            ],
            [
                80.13,
                79.8
            ],
            [
                80.17,
                79.8
            ],
            [
                80.23,
                80.23
            ],
            [
                80.39,
                80.23
            ],
            [
                80.47,
                80.23
            ],
            [
                80.53,
                80.23
            ],
            [
                80.59,
                80.7
            ],
            [
                80.77,
                80.7
            ],
            [
                80.87,
                80.7
            ],
            [
                80.93,
                80.7
            ],
            [
                81.03,
                80.7
            ],
            [
                81.09,
                80.7
            ],
            [
                81.13,
                81.15
            ],
            [
                81.21,
                81.27
            ],
            [
                81.35,
                81.27
            ],
            [
                81.37,
                81.27
            ],
            [
                81.45,
                81.27
            ],
            [
                81.47,
                81.27
            ],
            [
                81.51,
                81.27
            ],
            [
                81.55,
                81.27
            ],
            [
                81.65,
                81.27
            ],
            [
                81.71,
                81.27
            ]
        ]
    },
    {
        "char_e": 509,
        "char_s": 292,
        "speaker": "Mići Princ",
        "text": "Dobar dan!\n• Ki ste vi?\n• Budite mi prijateji, ja san sam!\n„Kako čudan planet!“. „Vas je suh, vas špičast i vas slan. Judi nimaju mašte. Ponavjaju ono ča jin se reče... Doma san imev jedan šipak: vavik je prvi govoriv...“.",
        "time_e": 109.5,
        "time_s": 82.49,
        "words": [
            {
                "char_e": 297,
                "char_s": 292,
                "time_e": 82.79,
                "time_s": 82.49
            },
            {
                "char_e": 301,
                "char_s": 298,
                "time_e": 83.19,
                "time_s": 82.92
            },
            {
                "char_e": 307,
                "char_s": 305,
                "time_e": 85.45,
                "time_s": 85.24
            },
            {
                "char_e": 311,
                "char_s": 308,
                "time_e": 85.7,
                "time_s": 85.46
            },
            {
                "char_e": 314,
                "char_s": 312,
                "time_e": 86.05,
                "time_s": 85.71
            },
            {
                "char_e": 324,
                "char_s": 318,
                "time_e": 88.28,
                "time_s": 87.88
            },
            {
                "char_e": 327,
                "char_s": 325,
                "time_e": 88.44,
                "time_s": 88.29
            },
            {
                "char_e": 337,
                "char_s": 328,
                "time_e": 89.34,
                "time_s": 88.45
            },
            {
                "char_e": 341,
                "char_s": 339,
                "time_e": 89.61,
                "time_s": 89.41
            },
            {
                "char_e": 345,
                "char_s": 342,
                "time_e": 89.86,
                "time_s": 89.62
            },
            {
                "char_e": 349,
                "char_s": 346,
                "time_e": 90.43,
                "time_s": 89.87
            },
            {
                "char_e": 356,
                "char_s": 352,
                "time_e": 94.82,
                "time_s": 94.5
            },
            {
                "char_e": 362,
                "char_s": 357,
                "time_e": 95.37,
                "time_s": 94.83
            },
            {
                "char_e": 369,
                "char_s": 363,
                "time_e": 96.08,
                "time_s": 95.38
            },
            {
                "char_e": 377,
                "char_s": 374,
                "time_e": 96.94,
                "time_s": 96.72
            },
            {
                "char_e": 380,
                "char_s": 378,
                "time_e": 97.1,
                "time_s": 97.01
            },
            {
                "char_e": 384,
                "char_s": 381,
                "time_e": 97.53,
                "time_s": 97.11
            },
            {
                "char_e": 389,
                "char_s": 386,
                "time_e": 98.5,
                "time_s": 98.1
            },
            {
                "char_e": 397,
                "char_s": 390,
                "time_e": 99.07,
                "time_s": 98.51
            },
            {
                "char_e": 399,
                "char_s": 398,
                "time_e": 99.43,
                "time_s": 99.23
            },
            {
                "char_e": 403,
                "char_s": 400,
                "time_e": 99.69,
                "time_s": 99.44
            },
            {
                "char_e": 408,
                "char_s": 404,
                "time_e": 100.33,
                "time_s": 99.7
            },
            {
                "char_e": 414,
                "char_s": 410,
                "time_e": 101.24,
                "time_s": 100.88
            },
            {
                "char_e": 421,
                "char_s": 415,
                "time_e": 101.7,
                "time_s": 101.25
            },
            {
                "char_e": 427,
                "char_s": 422,
                "time_e": 102.29,
                "time_s": 101.71
            },
            {
                "char_e": 438,
                "char_s": 429,
                "time_e": 103.68,
                "time_s": 102.93
            },
            {
                "char_e": 442,
                "char_s": 439,
                "time_e": 103.92,
                "time_s": 103.69
            },
            {
                "char_e": 445,
                "char_s": 443,
                "time_e": 104.07,
                "time_s": 103.93
            },
            {
                "char_e": 449,
                "char_s": 446,
                "time_e": 104.24,
                "time_s": 104.08
            },
            {
                "char_e": 452,
                "char_s": 450,
                "time_e": 104.42,
                "time_s": 104.25
            },
            {
                "char_e": 457,
                "char_s": 453,
                "time_e": 104.91,
                "time_s": 104.43
            },
            {
                "char_e": 465,
                "char_s": 461,
                "time_e": 106.17,
                "time_s": 105.93
            },
            {
                "char_e": 469,
                "char_s": 466,
                "time_e": 106.41,
                "time_s": 106.18
            },
            {
                "char_e": 474,
                "char_s": 470,
                "time_e": 106.66,
                "time_s": 106.42
            },
            {
                "char_e": 480,
                "char_s": 475,
                "time_e": 106.94,
                "time_s": 106.67
            },
            {
                "char_e": 486,
                "char_s": 481,
                "time_e": 107.72,
                "time_s": 106.95
            },
            {
                "char_e": 493,
                "char_s": 488,
                "time_e": 108.34,
                "time_s": 107.95
            },
            {
                "char_e": 496,
                "char_s": 494,
                "time_e": 108.43,
                "time_s": 108.35
            },
            {
                "char_e": 501,
                "char_s": 497,
                "time_e": 108.86,
                "time_s": 108.44
            },
            {
                "char_e": 509,
                "char_s": 502,
                "time_e": 109.5,
                "time_s": 108.87
            }
        ],
        "chars": [
            [
                82.49,
                82.59
            ],
            [
                82.59,
                82.65
            ],
            [
                82.65,
                82.69
            ],
            [
                82.69,
                82.73
            ],
            [
                82.73,
                82.77
            ],
            [
                82.77,
                82.79
            ],
            [
                82.89,
                82.79
            ],
            [
                82.91,
                82.79
            ],
            [
                83.13,
                83.19
            ],
            [
                85.17,
                83.19
            ],
            [
                85.23,
                83.19
            ],
            [
                85.25,
                83.19
            ],
            [
                85.27,
                83.19
            ],
            [
                85.29,
                83.19
            ],
            [
                85.33,
                83.19
            ],
            [
                85.43,
                85.45
            ],
            [
                85.51,
                85.45
            ],
            [
                85.57,
                85.45
            ],
            [
                85.63,
                85.45
            ],
            [
                85.67,
                85.7
            ],
            [
                85.77,
                85.7
            ],
            [
                85.81,
                86.05
            ],
            [
                87.83,
                86.05
            ],
            [
                87.85,
                86.05
            ],
            [
                87.87,
                86.05
            ],
            [
                87.89,
                86.05
            ],
            [
                87.91,
                86.05
            ],
            [
                87.93,
                86.05
            ],
            [
                88.03,
                86.05
            ],
            [
                88.07,
                86.05
            ],
            [
                88.19,
                86.05
            ],
            [
                88.21,
                86.05
            ],
            [
                88.27,
                88.28
            ],
            [
                88.33,
                88.28
            ],
            [
                88.35,
                88.28
            ],
            [
                88.41,
                88.44
            ],
            [
                88.55,
                88.44
            ],
            [
                88.59,
                88.44
            ],
            [
                88.63,
                88.44
            ],
            [
                88.71,
                88.44
            ],
            [
                88.75,
                88.44
            ],
            [
                88.89,
                88.44
            ],
            [
                88.93,
                88.44
            ],
            [
                89.09,
                88.44
            ],
            [
                89.15,
                89.34
            ],
            [
                89.41,
                89.34
            ],
            [
                89.43,
                89.34
            ],
            [
                89.49,
                89.34
            ],
            [
                89.53,
                89.34
            ],
            [
                89.61,
                89.61
            ],
            [
                89.69,
                89.61
            ],
            [
                89.73,
                89.86
            ],
            [
                89.87,
                89.86
            ],
            [
                89.89,
                89.86
            ],
            [
                89.99,
                89.86
            ],
            [
                90.07,
                89.86
            ],
            [
                90.31,
                90.43
            ],
            [
                94.49,
                90.43
            ],
            [
                94.51,
                90.43
            ],
            [
                94.53,
                90.43
            ],
            [
                94.55,
                90.43
            ],
            [
                94.61,
                90.43
            ],
            [
                94.71,
                90.43
            ],
            [
                94.75,
                90.43
            ],
            [
                94.79,
                94.82
            ],
            [
                94.99,
                94.82
            ],
            [
                95.05,
                94.82
            ],
            [
                95.17,
                94.82
            ],
            [
                95.21,
                94.82
            ],
            [
                95.29,
                94.82
            ],
            [
                95.33,
                95.37
            ],
            [
                95.43,
                95.37
            ],
            [
                95.47,
                95.37
            ],
            [
                95.51,
                95.37
            ],
            [
                95.67,
                95.37
            ],
            [
                95.71,
                95.37
            ],
            [
                95.97,
                96.08
            ],
            [
                96.65,
                96.08
            ],
            [
                96.67,
                96.08
            ],
            [
                96.69,
                96.08
            ],
            [
                96.71,
                96.08
            ],
            [
                96.73,
                96.08
            ],
            [
                96.75,
                96.08
            ],
            [
                96.79,
                96.08
            ],
            [
                96.93,
                96.94
            ],
            [
                96.97,
                96.94
            ],
            [
                97.03,
                96.94
            ],
            [
                97.05,
                96.94
            ],
            [
                97.09,
                97.1
            ],
            [
                97.25,
                97.1
            ],
            [
                97.33,
                97.53
            ],
            [
                97.55,
                97.53
            ],
            [
                98.07,
                97.53
            ],
            [
                98.09,
                97.53
            ],
            [
                98.15,
                97.53
            ],
            [
                98.17,
                97.53
            ],
            [
                98.29,
                97.53
            ],
            [
                98.37,
                97.53
            ],
            [
                98.45,
                98.5
            ],
            [
                98.59,
                98.5
            ],
            [
                98.63,
                98.5
            ],
            [
                98.81,
                98.5
            ],
            [
                98.87,
                98.5
            ],
            [
                99.01,
                98.5
            ],
            [
                99.07,
                99.07
            ],
            [
                99.25,
                99.07
            ],
            [
                99.27,
                99.07
            ],
            [
                99.29,
                99.43
            ],
            [
                99.49,
                99.43
            ],
            [
                99.53,
                99.43
            ],
            [
                99.67,
                99.43
            ],
            [
                99.69,
                99.69
            ],
            [
                99.71,
                99.69
            ],
            [
                99.93,
                99.69
            ],
            [
                99.99,
                99.69
            ],
            [
                100.19,
                100.33
            ],
            [
                100.93,
                100.33
            ],
            [
                100.95,
                100.33
            ],
            [
                100.99,
                100.33
            ],
            [
                101.03,
                100.33
            ],
            [
                101.15,
                100.33
            ],
            [
                101.17,
                100.33
            ],
            [
                101.19,
                101.24
            ],
            [
                101.29,
                101.24
            ],
            [
                101.33,
                101.24
            ],
            [
                101.47,
                101.24
            ],
            [
                101.51,
                101.24
            ],
            [
                101.61,
                101.24
            ],
            [
                101.65,
                101.7
            ],
            [
                101.71,
                101.7
            ],
            [
                101.81,
                101.7
            ],
            [
                101.85,
                101.7
            ],
            [
                102.03,
                101.7
            ],
            [
                102.15,
                101.7
            ],
            [
                102.19,
                102.29
            ],
            [
                102.89,
                102.29
            ],
            [
                102.91,
                102.29
            ],
            [
                102.97,
                102.29
            ],
            [
                103.01,
                102.29
            ],
            [
                103.15,
                102.29
            ],
            [
                103.19,
                102.29
            ],
            [
                103.37,
                102.29
            ],
            [
                103.43,
                102.29
            ],
            [
                103.45,
                102.29
            ],
            [
                103.55,
                102.29
            ],
            [
                103.59,
                103.68
            ],
            [
                103.69,
                103.68
            ],
            [
                103.75,
                103.68
            ],
            [
                103.81,
                103.68
            ],
            [
                103.85,
                103.68
            ],
            [
                103.89,
                103.92
            ],
            [
                103.99,
                103.92
            ],
            [
                104.03,
                104.07
            ],
            [
                104.09,
                104.07
            ],
            [
                104.13,
                104.07
            ],
            [
                104.15,
                104.07
            ],
            [
                104.21,
                104.07
            ],
            [
                104.23,
                104.24
            ],
            [
                104.31,
                104.24
            ],
            [
                104.35,
                104.24
            ],
            [
                104.41,
                104.42
            ],
            [
                104.45,
                104.42
            ],
            [
                104.51,
                104.42
            ],
            [
                104.71,
                104.42
            ],
            [
                104.75,
                104.91
            ],
            [
                105.89,
                104.91
            ],
            [
                105.91,
                104.91
            ],
            [
                105.93,
                104.91
            ],
            [
                105.95,
                104.91
            ],
            [
                105.97,
                104.91
            ],
            [
                106.01,
                104.91
            ],
            [
                106.11,
                104.91
            ],
            [
                106.13,
                106.17
            ],
            [
                106.21,
                106.17
            ],
            [
                106.23,
                106.17
            ],
            [
                106.27,
                106.17
            ],
            [
                106.37,
                106.17
            ],
            [
                106.39,
                106.41
            ],
            [
                106.43,
                106.41
            ],
            [
                106.53,
                106.41
            ],
            [
                106.57,
                106.41
            ],
            [
                106.63,
                106.66
            ],
            [
                106.67,
                106.66
            ],
            [
                106.71,
                106.66
            ],
            [
                106.73,
                106.66
            ],
            [
                106.79,
                106.66
            ],
            [
                106.83,
                106.66
            ],
            [
                106.91,
                106.94
            ],
            [
                106.95,
                106.94
            ],
            [
                107.03,
                106.94
            ],
            [
                107.11,
                106.94
            ],
            [
                107.33,
                106.94
            ],
            [
                107.37,
                106.94
            ],
            [
                107.57,
                107.72
            ],
            [
                107.93,
                107.72
            ],
            [
                107.95,
                107.72
            ],
            [
                107.99,
                107.72
            ],
            [
                108.03,
                107.72
            ],
            [
                108.13,
                107.72
            ],
            [
                108.17,
                107.72
            ],
            [
                108.29,
                107.72
            ],
            [
                108.33,
                108.34
            ],
            [
                108.37,
                108.34
            ],
            [
                108.39,
                108.34
            ],
            [
                108.41,
                108.43
            ],
            [
                108.55,
                108.43
            ],
            [
                108.65,
                108.43
            ],
            [
                108.73,
                108.43
            ],
            [
                108.77,
                108.43
            ],
            [
                108.81,
                108.86
            ],
            [
                108.91,
                108.86
            ],
            [
                108.95,
                108.86
            ],
            [
                109.09,
                108.86
            ],
            [
                109.13,
                108.86
            ],
            [
                109.29,
                108.86
            ],
            [
                109.35,
                108.86
            ],
            [
                109.37,
                108.86
            ],
            [
                109.39,
                108.86
            ],
            [
                109.41,
                108.86
            ],
            [
                109.43,
                108.86
            ],
            [
                109.45,
                108.86
            ],
            [
                109.47,
                108.86
            ]
        ]
    }
]