[
    {
        "char_e": 90,
        "char_s": 0,
        "speaker": "Autor",
        "text": "Mići Princ prepasa pustinju i srije samo jenu rožicu.\nRožica s tri latice, nikakova rožica!",
        "time_e": 83.31,
        "time_s": 76.27332966905207,
        "words": [
            {
                "char_e": 4,
                "char_s": 0,
                "time_e": 76.6,
                "time_s": 76.27332966905207
            },
            {
                "char_e": 10,
                "char_s": 5,
                "time_e": 76.96,
                "time_s": 76.61
            },
            {
                "char_e": 18,
                "char_s": 11,
                "time_e": 77.59,
                "time_s": 76.97
            },
            {
                "char_e": 27,
                "char_s": 19,
                "time_e": 78.34,
                "time_s": 77.6
            },
            {
                "char_e": 29,
                "char_s": 28,
                "time_e": 78.48,
                "time_s": 78.39
            },
            {
                "char_e": 35,
                "char_s": 30,
                "time_e": 78.82,
                "time_s": 78.49
            },
            {
                "char_e": 40,
                "char_s": 36,
                "time_e": 79.11,
                "time_s": 78.83
            },
            {
                "char_e": 45,
                "char_s": 41,
                "time_e": 79.38,
                "time_s": 79.12
            },
            {
                "char_e": 52,
                "char_s": 46,
                "time_e": 79.99,
                "time_s": 79.39
            },
            {
                "char_e": 60,
                "char_s": 54,
                "time_e": 81.06,
                "time_s": 80.53
            },
            {
                "char_e": 62,
                "char_s": 61,
                "time_e": 81.14,
                "time_s": 81.07
            },
            {
                "char_e": 66,
                "char_s": 63,
                "time_e": 81.37,
                "time_s": 81.15
            },
            {
                "char_e": 73,
                "char_s": 67,
                "time_e": 81.96,
                "time_s": 81.38
            },
            {
                "char_e": 83,
                "char_s": 75,
                "time_e": 82.67,
                "time_s": 82.1
            },
            {
                "char_e": 90,
                "char_s": 84,
                "time_e": 83.31,
                "time_s": 82.68
            }
        ],
        "chars": [
            [
                76.27,
                76.41
            ],
            [
                76.41,
                76.51
            ],
            [
                76.51,
                76.57
            ],
            [
                76.57,
                76.6
            ],
            [
                76.61,
                76.6
            ],
            [
                76.69,
                76.6
            ],
            [
                76.71,
                76.6
            ],
            [
                76.75,
                76.6
            ],
            [
                76.85,
                76.6
            ],
            [
                76.93,
                76.96
            ],
            [
                77.01,
                76.96
            ],
            [
                77.05,
                76.96
            ],
            [
                77.09,
                76.96
            ],
            [
                77.13,
                76.96
            ],
            [
                77.25,
                76.96
            ],
            [
                77.29,
                76.96
            ],
            [
                77.43,
                76.96
            ],
            [
                77.51,
                77.59
            ],
            [
                77.61,
                77.59
            ],
            [
                77.73,
                77.59
            ],
            [
                77.79,
                77.59
            ],
            [
                77.93,
                77.59
            ],
            [
                77.99,
                77.59
            ],
            [
                78.05,
                77.59
            ],
            [
                78.15,
                77.59
            ],
            [
                78.17,
                77.59
            ],
            [
                78.21,
                78.34
            ],
            [
                78.39,
                78.34
            ],
            [
                78.43,
                78.34
            ],
            [
                78.45,
                78.48
            ],
            [
                78.53,
                78.48
            ],
            [
                78.63,
                78.48
            ],
            [
                78.69,
                78.48
            ],
            [
                78.75,
                78.48
            ],
            [
                78.77,
                78.48
            ],
            [
                78.81,
                78.82
            ],
            [
                78.87,
                78.82
            ],
            [
                78.93,
                78.82
            ],
            [
                79.01,
                78.82
            ],
            [
                79.05,
                78.82
            ],
            [
                79.09,
                79.11
            ],
            [
                79.15,
                79.11
            ],
            [
                79.19,
                79.11
            ],
            [
                79.27,
                79.11
            ],
            [
                79.31,
                79.11
            ],
            [
                79.35,
                79.38
            ],
            [
                79.43,
                79.38
            ],
            [
                79.47,
                79.38
            ],
            [
                79.61,
                79.38
            ],
            [
                79.69,
                79.38
            ],
            [
                79.83,
                79.38
            ],
            [
                79.87,
                79.99
            ],
            [
                80.53,
                79.99
            ],
            [
                80.55,
                79.99
            ],
            [
                80.61,
                79.99
            ],
            [
                80.67,
                79.99
            ],
            [
                80.79,
                79.99
            ],
            [
                80.85,
                79.99
            ],
            [
                80.95,
                79.99
            ],
            [
                81.01,
                79.99
            ],
            [
                81.05,
                81.06
            ],
            [
                81.11,
                81.06
            ],
            [
                81.13,
                81.14
            ],
            [
                81.19,
                81.14
            ],
            [
                81.25,
                81.14
            ],
            [
                81.35,
                81.14
            ],
            [
                81.37,
                81.37
            ],
            [
                81.43,
                81.37
            ],
            [
                81.47,
                81.37
            ],
            [
                81.61,
                81.37
            ],
            [
                81.65,
                81.37
            ],
            [
                81.79,
                81.37
            ],
            [
                81.85,
                81.96
            ],
            [
                82.09,
                81.96
            ],
            [
                82.11,
                81.96
            ],
            [
                82.13,
                81.96
            ],
            [
                82.23,
                81.96
            ],
            [
                82.31,
                81.96
            ],
            [
                82.33,
                81.96
            ],
            [
                82.43,
                81.96
            ],
            [
                82.49,
                81.96
            ],
            [
                82.57,
                81.96
            ],
            [
                82.61,
                81.96
            ],
            [
                82.65,
                82.67
            ],
            [
                82.71,
                82.67
            ],
            [
                82.75,
                82.67
            ],
            [
                82.87,
                82.67
            ],
            [
                82.93,
                82.67
            ],
            [
                83.05,
                82.67
            ],
            [
                83.11,
                82.67
            ],
            [
                83.27,
                82.67
            ]
        ]
    },
    {
        "char_e": 103,
        "char_s": 94,
        "speaker": "Mići Princ",
        "text": "Dobar dan.",
        "time_e": 84.84,
        "time_s": 84.08,
        "words": [
            {
                "char_e": 99,
                "char_s": 94,
                "time_e": 84.33,
                "time_s": 84.08
            },
            {
                "char_e": 103,
                "char_s": 100,
                "time_e": 84.84,
                "time_s": 84.39
            }
        ],
        "chars": [
            [
                84.08,
                84.16
            ],
            [
                84.16,
                84.24
            ],
            [
                84.24,
                84.28
            ],
            [
                84.28,
                84.32
            ],
            [
                84.32,
                84.33
            ],
            [
                84.36,
                84.33
            ],
            [
                84.42,
                84.33
            ],
            [
                84.46,
                84.33
            ],
            [
                84.72,
                84.33
            ],
            [
                84.8,
                84.33
            ]
        ]
    },
    {
        "char_e": 114,
        "char_s": 107,
        "speaker": "Roža s tri pera",
        "text": "Boh daj!",
        "time_e": 86.34,
        "time_s": 85.5,
        "words": [
            {
                "char_e": 110,
                "char_s": 107,
                "time_e": 85.87,
                "time_s": 85.5
            },
            {
                "char_e": 114,
                "char_s": 111,
                "time_e": 86.34,
                "time_s": 85.88
            }
        ],
        "chars": [
            [
                85.5,
                85.68
            ],
            [
                85.68,
                85.86
            ],
            [
                85.86,
                85.87
            ],
            [
                85.94,
                85.87
            ],
            [
                85.96,
                85.87
            ],
            [
                86.0,
                85.87
            ],
            [
                86.16,
                85.87
            ],
            [
                86.3,
                85.87
            ]
        ]
    },
    {
        "char_e": 130,
        "char_s": 118,
        "speaker": "Mići Princ",
        "text": "Kadi su judi?",
        "time_e": 87.83,
        "time_s": 86.85,
        "words": [
            {
                "char_e": 122,
                "char_s": 118,
                "time_e": 87.14,
                "time_s": 86.85
            },
            {
                "char_e": 125,
                "char_s": 123,
                "time_e": 87.32,
                "time_s": 87.15
            },
            {
                "char_e": 130,
                "char_s": 126,
                "time_e": 87.83,
                "time_s": 87.33
            }
        ],
        "chars": [
            [
                86.85,
                86.95
            ],
            [
                86.95,
                87.03
            ],
            [
                87.03,
                87.09
            ],
            [
                87.09,
                87.11
            ],
            [
                87.11,
                87.14
            ],
            [
                87.21,
                87.14
            ],
            [
                87.25,
                87.14
            ],
            [
                87.29,
                87.14
            ],
            [
                87.31,
                87.32
            ],
            [
                87.33,
                87.32
            ],
            [
                87.61,
                87.32
            ],
            [
                87.65,
                87.32
            ],
            [
                87.79,
                87.32
            ]
        ]
    },
    {
        "char_e": 183,
        "char_s": 132,
        "speaker": "Autor",
        "text": "Rožica je jedanput videla jenu karavanu kako pasiva.",
        "time_e": 91.85,
        "time_s": 88.2,
        "words": [
            {
                "char_e": 138,
                "char_s": 132,
                "time_e": 88.79,
                "time_s": 88.2
            },
            {
                "char_e": 141,
                "char_s": 139,
                "time_e": 88.87,
                "time_s": 88.8
            },
            {
                "char_e": 150,
                "char_s": 142,
                "time_e": 89.43,
                "time_s": 88.88
            },
            {
                "char_e": 157,
                "char_s": 151,
                "time_e": 89.9,
                "time_s": 89.44
            },
            {
                "char_e": 162,
                "char_s": 158,
                "time_e": 90.25,
                "time_s": 89.95
            },
            {
                "char_e": 171,
                "char_s": 163,
                "time_e": 90.91,
                "time_s": 90.26
            },
            {
                "char_e": 176,
                "char_s": 172,
                "time_e": 91.18,
                "time_s": 90.92
            },
            {
                "char_e": 183,
                "char_s": 177,
                "time_e": 91.85,
                "time_s": 91.19
            }
        ],
        "chars": [
            [
                88.2,
                88.3
            ],
            [
                88.3,
                88.42
            ],
            [
                88.42,
                88.48
            ],
            [
                88.48,
                88.58
            ],
            [
                88.58,
                88.62
            ],
            [
                88.62,
                88.7
            ],
            [
                88.7,
                88.74
            ],
            [
                88.74,
                88.78
            ],
            [
                88.78,
                88.79
            ],
            [
                88.8,
                88.79
            ],
            [
                88.82,
                88.79
            ],
            [
                88.84,
                88.87
            ],
            [
                89.02,
                88.87
            ],
            [
                89.06,
                88.87
            ],
            [
                89.16,
                88.87
            ],
            [
                89.28,
                88.87
            ],
            [
                89.3,
                88.87
            ],
            [
                89.38,
                88.87
            ],
            [
                89.42,
                89.43
            ],
            [
                89.48,
                89.43
            ],
            [
                89.5,
                89.43
            ],
            [
                89.6,
                89.43
            ],
            [
                89.66,
                89.43
            ],
            [
                89.74,
                89.43
            ],
            [
                89.76,
                89.9
            ],
            [
                89.98,
                89.9
            ],
            [
                90.06,
                89.9
            ],
            [
                90.08,
                89.9
            ],
            [
                90.18,
                89.9
            ],
            [
                90.2,
                89.9
            ],
            [
                90.24,
                90.25
            ],
            [
                90.32,
                90.25
            ],
            [
                90.36,
                90.25
            ],
            [
                90.46,
                90.25
            ],
            [
                90.5,
                90.25
            ],
            [
                90.62,
                90.25
            ],
            [
                90.66,
                90.25
            ],
            [
                90.82,
                90.25
            ],
            [
                90.86,
                90.25
            ],
            [
                90.9,
                90.91
            ],
            [
                90.98,
                90.91
            ],
            [
                91.0,
                90.91
            ],
            [
                91.1,
                90.91
            ],
            [
                91.14,
                90.91
            ],
            [
                91.16,
                91.18
            ],
            [
                91.24,
                91.18
            ],
            [
                91.28,
                91.18
            ],
            [
                91.42,
                91.18
            ],
            [
                91.5,
                91.18
            ],
            [
                91.64,
                91.18
            ],
            [
                91.68,
                91.18
            ],
            [
                91.82,
                91.18
            ]
        ]
    },
    {
        "char_e": 340,
        "char_s": 187,
        "speaker": "Roža s tri pera",
        "text": "Ljudi? Mepar da ih je pet ale šest. Videla san ih pred par let. Ma, nikad ne znaš kade ćeš ih trefit. Vetar ih raznaša. Nimaju korenje, ča njin jako pači.",
        "time_e": 106.19,
        "time_s": 92.28,
        "words": [
            {
                "char_e": 192,
                "char_s": 187,
                "time_e": 92.99,
                "time_s": 92.28
            },
            {
                "char_e": 199,
                "char_s": 194,
                "time_e": 93.82,
                "time_s": 93.26
            },
            {
                "char_e": 202,
                "char_s": 200,
                "time_e": 94.12,
                "time_s": 93.93
            },
            {
                "char_e": 205,
                "char_s": 203,
                "time_e": 94.25,
                "time_s": 94.13
            },
            {
                "char_e": 208,
                "char_s": 206,
                "time_e": 94.51,
                "time_s": 94.26
            },
            {
                "char_e": 212,
                "char_s": 209,
                "time_e": 95.15,
                "time_s": 94.88
            },
            {
                "char_e": 216,
                "char_s": 213,
                "time_e": 95.49,
                "time_s": 95.31
            },
            {
                "char_e": 221,
                "char_s": 217,
                "time_e": 96.01,
                "time_s": 95.5
            },
            {
                "char_e": 229,
                "char_s": 223,
                "time_e": 96.56,
                "time_s": 96.3
            },
            {
                "char_e": 233,
                "char_s": 230,
                "time_e": 96.86,
                "time_s": 96.63
            },
            {
                "char_e": 236,
                "char_s": 234,
                "time_e": 96.97,
                "time_s": 96.87
            },
            {
                "char_e": 241,
                "char_s": 237,
                "time_e": 97.19,
                "time_s": 96.98
            },
            {
                "char_e": 245,
                "char_s": 242,
                "time_e": 97.52,
                "time_s": 97.2
            },
            {
                "char_e": 249,
                "char_s": 246,
                "time_e": 98.01,
                "time_s": 97.53
            },
            {
                "char_e": 253,
                "char_s": 251,
                "time_e": 98.53,
                "time_s": 98.39
            },
            {
                "char_e": 260,
                "char_s": 255,
                "time_e": 98.89,
                "time_s": 98.54
            },
            {
                "char_e": 263,
                "char_s": 261,
                "time_e": 99.01,
                "time_s": 98.9
            },
            {
                "char_e": 268,
                "char_s": 264,
                "time_e": 99.37,
                "time_s": 99.02
            },
            {
                "char_e": 273,
                "char_s": 269,
                "time_e": 99.66,
                "time_s": 99.38
            },
            {
                "char_e": 277,
                "char_s": 274,
                "time_e": 99.86,
                "time_s": 99.67
            },
            {
                "char_e": 280,
                "char_s": 278,
                "time_e": 99.96,
                "time_s": 99.87
            },
            {
                "char_e": 287,
                "char_s": 281,
                "time_e": 100.56,
                "time_s": 99.97
            },
            {
                "char_e": 294,
                "char_s": 289,
                "time_e": 101.5,
                "time_s": 101.04
            },
            {
                "char_e": 297,
                "char_s": 295,
                "time_e": 101.65,
                "time_s": 101.51
            },
            {
                "char_e": 305,
                "char_s": 298,
                "time_e": 102.38,
                "time_s": 101.66
            },
            {
                "char_e": 313,
                "char_s": 307,
                "time_e": 103.68,
                "time_s": 103.12
            },
            {
                "char_e": 321,
                "char_s": 314,
                "time_e": 104.4,
                "time_s": 103.69
            },
            {
                "char_e": 325,
                "char_s": 323,
                "time_e": 104.9,
                "time_s": 104.71
            },
            {
                "char_e": 330,
                "char_s": 326,
                "time_e": 105.19,
                "time_s": 104.91
            },
            {
                "char_e": 335,
                "char_s": 331,
                "time_e": 105.61,
                "time_s": 105.2
            },
            {
                "char_e": 340,
                "char_s": 336,
                "time_e": 106.19,
                "time_s": 105.62
            }
        ],
        "chars": [
            [
                92.28,
                92.42
            ],
            [
                92.42,
                92.46
            ],
            [
                92.46,
                92.68
            ],
            [
                92.68,
                92.72
            ],
            [
                92.72,
                92.99
            ],
            [
                93.28,
                92.99
            ],
            [
                93.3,
                92.99
            ],
            [
                93.32,
                92.99
            ],
            [
                93.36,
                92.99
            ],
            [
                93.5,
                92.99
            ],
            [
                93.54,
                92.99
            ],
            [
                93.68,
                93.82
            ],
            [
                93.94,
                93.82
            ],
            [
                94.0,
                93.82
            ],
            [
                94.02,
                93.82
            ],
            [
                94.08,
                93.82
            ],
            [
                94.12,
                94.12
            ],
            [
                94.22,
                94.25
            ],
            [
                94.26,
                94.25
            ],
            [
                94.32,
                94.25
            ],
            [
                94.34,
                94.51
            ],
            [
                94.82,
                94.51
            ],
            [
                94.92,
                95.15
            ],
            [
                95.28,
                95.15
            ],
            [
                95.3,
                95.15
            ],
            [
                95.32,
                95.15
            ],
            [
                95.34,
                95.15
            ],
            [
                95.4,
                95.15
            ],
            [
                95.44,
                95.15
            ],
            [
                95.46,
                95.49
            ],
            [
                95.6,
                96.01
            ],
            [
                96.24,
                96.01
            ],
            [
                96.26,
                96.01
            ],
            [
                96.28,
                96.01
            ],
            [
                96.3,
                96.01
            ],
            [
                96.32,
                96.01
            ],
            [
                96.34,
                96.01
            ],
            [
                96.38,
                96.01
            ],
            [
                96.44,
                96.01
            ],
            [
                96.48,
                96.01
            ],
            [
                96.54,
                96.56
            ],
            [
                96.58,
                96.56
            ],
            [
                96.62,
                96.56
            ],
            [
                96.7,
                96.56
            ],
            [
                96.74,
                96.56
            ],
            [
                96.82,
                96.56
            ],
            [
                96.84,
                96.86
            ],
            [
                96.88,
                96.86
            ],
            [
                96.94,
                96.86
            ],
            [
                96.96,
                96.97
            ],
            [
                97.02,
                96.97
            ],
            [
                97.06,
                96.97
            ],
            [
                97.1,
                96.97
            ],
            [
                97.16,
                96.97
            ],
            [
                97.18,
                97.19
            ],
            [
                97.26,
                97.19
            ],
            [
                97.3,
                97.19
            ],
            [
                97.42,
                97.19
            ],
            [
                97.46,
                97.52
            ],
            [
                97.56,
                97.52
            ],
            [
                97.6,
                97.52
            ],
            [
                97.86,
                98.01
            ],
            [
                98.4,
                98.01
            ],
            [
                98.42,
                98.01
            ],
            [
                98.46,
                98.01
            ],
            [
                98.48,
                98.53
            ],
            [
                98.54,
                98.53
            ],
            [
                98.56,
                98.53
            ],
            [
                98.6,
                98.53
            ],
            [
                98.64,
                98.53
            ],
            [
                98.74,
                98.53
            ],
            [
                98.78,
                98.53
            ],
            [
                98.86,
                98.89
            ],
            [
                98.9,
                98.89
            ],
            [
                98.94,
                98.89
            ],
            [
                98.98,
                98.89
            ],
            [
                99.0,
                99.01
            ],
            [
                99.06,
                99.01
            ],
            [
                99.14,
                99.01
            ],
            [
                99.18,
                99.01
            ],
            [
                99.34,
                99.01
            ],
            [
                99.36,
                99.37
            ],
            [
                99.54,
                99.37
            ],
            [
                99.56,
                99.37
            ],
            [
                99.58,
                99.37
            ],
            [
                99.6,
                99.37
            ],
            [
                99.62,
                99.66
            ],
            [
                99.72,
                99.66
            ],
            [
                99.74,
                99.66
            ],
            [
                99.84,
                99.86
            ],
            [
                99.88,
                99.86
            ],
            [
                99.9,
                99.86
            ],
            [
                99.96,
                99.96
            ],
            [
                99.98,
                99.96
            ],
            [
                100.04,
                99.96
            ],
            [
                100.1,
                99.96
            ],
            [
                100.14,
                99.96
            ],
            [
                100.3,
                99.96
            ],
            [
                100.34,
                99.96
            ],
            [
                100.48,
                100.56
            ],
            [
                101.02,
                100.56
            ],
            [
                101.04,
                100.56
            ],
            [
                101.12,
                100.56
            ],
            [
                101.16,
                100.56
            ],
            [
                101.32,
                100.56
            ],
            [
                101.38,
                100.56
            ],
            [
                101.48,
                100.56
            ],
            [
                101.5,
                101.5
            ],
            [
                101.54,
                101.5
            ],
            [
                101.62,
                101.65
            ],
            [
                101.66,
                101.65
            ],
            [
                101.72,
                101.65
            ],
            [
                101.74,
                101.65
            ],
            [
                101.84,
                101.65
            ],
            [
                101.92,
                101.65
            ],
            [
                101.96,
                101.65
            ],
            [
                102.24,
                101.65
            ],
            [
                102.3,
                102.38
            ],
            [
                103.14,
                102.38
            ],
            [
                103.16,
                102.38
            ],
            [
                103.24,
                102.38
            ],
            [
                103.28,
                102.38
            ],
            [
                103.4,
                102.38
            ],
            [
                103.44,
                102.38
            ],
            [
                103.52,
                102.38
            ],
            [
                103.56,
                102.38
            ],
            [
                103.62,
                102.38
            ],
            [
                103.64,
                102.38
            ],
            [
                103.66,
                103.68
            ],
            [
                103.98,
                103.68
            ],
            [
                104.04,
                103.68
            ],
            [
                104.18,
                103.68
            ],
            [
                104.22,
                103.68
            ],
            [
                104.24,
                104.4
            ],
            [
                104.68,
                104.4
            ],
            [
                104.7,
                104.4
            ],
            [
                104.8,
                104.4
            ],
            [
                104.86,
                104.9
            ],
            [
                104.94,
                104.9
            ],
            [
                104.96,
                104.9
            ],
            [
                105.0,
                104.9
            ],
            [
                105.04,
                104.9
            ],
            [
                105.14,
                105.19
            ],
            [
                105.24,
                105.19
            ],
            [
                105.26,
                105.19
            ],
            [
                105.3,
                105.19
            ],
            [
                105.54,
                105.19
            ],
            [
                105.58,
                105.61
            ],
            [
                105.68,
                105.61
            ],
            [
                105.7,
                105.61
            ],
            [
                105.72,
                105.61
            ],
            [
                106.04,
                105.61
            ],
            [
                106.1,
                105.61
            ],
            [
                106.16,
                105.61
            ]
        ]
    },
    {
        "char_e": 351,
        "char_s": 344,
        "speaker": "Mići Princ",
        "text": "Ala boh!",
        "time_e": 107.37,
        "time_s": 106.71,
        "words": [
            {
                "char_e": 347,
                "char_s": 344,
                "time_e": 106.93,
                "time_s": 106.71
            },
            {
                "char_e": 351,
                "char_s": 348,
                "time_e": 107.37,
                "time_s": 106.94
            }
        ],
        "chars": [
            [
                106.71,
                106.85
            ],
            [
                106.85,
                106.89
            ],
            [
                106.89,
                106.93
            ],
            [
                106.99,
                106.93
            ],
            [
                107.01,
                106.93
            ],
            [
                107.03,
                106.93
            ],
            [
                107.31,
                106.93
            ],
            [
                107.33,
                106.93
            ]
        ]
    },
    {
        "char_e": 358,
        "char_s": 355,
        "speaker": "Roža s tri pera",
        "text": "Boh!",
        "time_e": 108.11,
        "time_s": 107.91,
        "words": [
            {
                "char_e": 358,
                "char_s": 355,
                "time_e": 108.11,
                "time_s": 107.91
            }
        ],
        "chars": [
            [
                107.91,
                107.93
            ],
            [
                107.93,
                108.05
            ],
            [
                108.05,
                108.07
            ],
            [
                108.07,
                108.09
            ]
        ]
    }
]