[
    {
        "char_e": 41,
        "char_s": 0,
        "speaker": "Autor",
        "text": "Na drugimu planetu je živiv niki štimanac:",
        "time_e": 78.71,
        "time_s": 75.88357724388379,
        "words": [
            {
                "char_e": 2,
                "char_s": 0,
                "time_e": 76.03690433486238,
                "time_s": 75.88357724388379
            },
            {
                "char_e": 10,
                "char_s": 3,
                "time_e": 76.52355118883793,
                "time_s": 76.03690433486238
            },
            {
                "char_e": 18,
                "char_s": 11,
                "time_e": 76.91020211391438,
                "time_s": 76.52355118883793
            },
            {
                "char_e": 21,
                "char_s": 19,
                "time_e": 77.14352594801224,
                "time_s": 76.91020211391438
            },
            {
                "char_e": 27,
                "char_s": 22,
                "time_e": 77.61,
                "time_s": 77.14352594801224
            },
            {
                "char_e": 32,
                "char_s": 28,
                "time_e": 77.93,
                "time_s": 77.61
            },
            {
                "char_e": 41,
                "char_s": 33,
                "time_e": 78.71,
                "time_s": 77.93
            }
        ],
        "chars": [
            [
                75.88,
                75.98
            ],
            [
                75.98,
                76.02
            ],
            [
                76.02,
                76.03690433486238
            ],
            [
                76.1,
                76.03690433486238
            ],
            [
                76.14,
                76.03690433486238
            ],
            [
                76.18,
                76.03690433486238
            ],
            [
                76.26,
                76.03690433486238
            ],
            [
                76.3,
                76.03690433486238
            ],
            [
                76.36,
                76.03690433486238
            ],
            [
                76.46,
                76.03690433486238
            ],
            [
                76.48,
                76.52355118883793
            ],
            [
                76.54,
                76.52355118883793
            ],
            [
                76.58,
                76.52355118883793
            ],
            [
                76.62,
                76.52355118883793
            ],
            [
                76.72,
                76.52355118883793
            ],
            [
                76.76,
                76.52355118883793
            ],
            [
                76.9,
                76.91020211391438
            ],
            [
                76.94,
                76.91020211391438
            ],
            [
                77.0,
                76.91020211391438
            ],
            [
                77.02,
                76.91020211391438
            ],
            [
                77.06,
                76.91020211391438
            ],
            [
                77.12,
                77.14352594801224
            ],
            [
                77.2,
                77.14352594801224
            ],
            [
                77.26,
                77.14352594801224
            ],
            [
                77.38,
                77.14352594801224
            ],
            [
                77.44,
                77.14352594801224
            ],
            [
                77.54,
                77.61
            ],
            [
                77.64,
                77.61
            ],
            [
                77.66,
                77.61
            ],
            [
                77.68,
                77.61
            ],
            [
                77.82,
                77.61
            ],
            [
                77.86,
                77.61
            ],
            [
                77.88,
                77.93
            ],
            [
                78.02,
                77.93
            ],
            [
                78.1,
                77.93
            ],
            [
                78.14,
                77.93
            ],
            [
                78.28,
                77.93
            ],
            [
                78.32,
                77.93
            ],
            [
                78.5,
                77.93
            ],
            [
                78.52,
                77.93
            ],
            [
                78.66,
                77.93
            ],
            [
                78.68,
                77.93
            ]
        ]
    },
    {
        "char_e": 92,
        "char_s": 45,
        "speaker": "Štimanac",
        "text": "Aj! Aj! Evo mi eniga kimu ću bit na prvin mistu!",
        "time_e": 84.83,
        "time_s": 79.87,
        "words": [
            {
                "char_e": 47,
                "char_s": 45,
                "time_e": 79.98,
                "time_s": 79.87
            },
            {
                "char_e": 51,
                "char_s": 49,
                "time_e": 80.71,
                "time_s": 80.61
            },
            {
                "char_e": 56,
                "char_s": 53,
                "time_e": 81.51,
                "time_s": 81.2
            },
            {
                "char_e": 59,
                "char_s": 57,
                "time_e": 81.71,
                "time_s": 81.51
            },
            {
                "char_e": 65,
                "char_s": 60,
                "time_e": 82.1,
                "time_s": 81.83
            },
            {
                "char_e": 70,
                "char_s": 66,
                "time_e": 82.52,
                "time_s": 82.1
            },
            {
                "char_e": 73,
                "char_s": 71,
                "time_e": 82.69,
                "time_s": 82.52
            },
            {
                "char_e": 77,
                "char_s": 74,
                "time_e": 83.04,
                "time_s": 82.69
            },
            {
                "char_e": 80,
                "char_s": 78,
                "time_e": 83.32,
                "time_s": 83.08
            },
            {
                "char_e": 86,
                "char_s": 81,
                "time_e": 84.19,
                "time_s": 83.74
            },
            {
                "char_e": 92,
                "char_s": 87,
                "time_e": 84.83,
                "time_s": 84.19
            }
        ],
        "chars": [
            [
                79.87,
                80.31
            ],
            [
                80.31,
                79.98
            ],
            [
                80.33,
                79.98
            ],
            [
                80.35,
                79.98
            ],
            [
                80.37,
                79.98
            ],
            [
                80.73,
                80.71
            ],
            [
                81.21,
                80.71
            ],
            [
                81.23,
                80.71
            ],
            [
                81.27,
                80.71
            ],
            [
                81.41,
                80.71
            ],
            [
                81.45,
                80.71
            ],
            [
                81.49,
                81.51
            ],
            [
                81.57,
                81.51
            ],
            [
                81.63,
                81.71
            ],
            [
                81.81,
                81.71
            ],
            [
                81.83,
                81.71
            ],
            [
                81.85,
                81.71
            ],
            [
                81.87,
                81.71
            ],
            [
                81.97,
                81.71
            ],
            [
                82.03,
                82.1
            ],
            [
                82.27,
                82.1
            ],
            [
                82.29,
                82.1
            ],
            [
                82.31,
                82.1
            ],
            [
                82.39,
                82.1
            ],
            [
                82.43,
                82.52
            ],
            [
                82.55,
                82.52
            ],
            [
                82.57,
                82.52
            ],
            [
                82.63,
                82.52
            ],
            [
                82.69,
                82.69
            ],
            [
                82.81,
                82.69
            ],
            [
                82.85,
                82.69
            ],
            [
                83.01,
                83.04
            ],
            [
                83.09,
                83.04
            ],
            [
                83.17,
                83.04
            ],
            [
                83.21,
                83.04
            ],
            [
                83.29,
                83.32
            ],
            [
                83.53,
                83.32
            ],
            [
                83.79,
                83.32
            ],
            [
                83.89,
                83.32
            ],
            [
                83.93,
                83.32
            ],
            [
                84.05,
                83.32
            ],
            [
                84.13,
                84.19
            ],
            [
                84.23,
                84.19
            ],
            [
                84.27,
                84.19
            ],
            [
                84.51,
                84.19
            ],
            [
                84.65,
                84.19
            ],
            [
                84.69,
                84.19
            ],
            [
                84.79,
                84.19
            ]
        ]
    },
    {
        "char_e": 138,
        "char_s": 94,
        "speaker": "Autor",
        "text": "Aš, za štimance su sȉ drugi judi obožavateji.",
        "time_e": 88.87,
        "time_s": 85.43,
        "words": [
            {
                "char_e": 96,
                "char_s": 94,
                "time_e": 85.78,
                "time_s": 85.43
            },
            {
                "char_e": 100,
                "char_s": 98,
                "time_e": 86.0,
                "time_s": 85.81
            },
            {
                "char_e": 109,
                "char_s": 101,
                "time_e": 86.72,
                "time_s": 86.0
            },
            {
                "char_e": 112,
                "char_s": 110,
                "time_e": 86.92,
                "time_s": 86.72
            },
            {
                "char_e": 115,
                "char_s": 113,
                "time_e": 87.12,
                "time_s": 86.92
            },
            {
                "char_e": 121,
                "char_s": 116,
                "time_e": 87.49,
                "time_s": 87.12
            },
            {
                "char_e": 126,
                "char_s": 122,
                "time_e": 87.85,
                "time_s": 87.49
            },
            {
                "char_e": 138,
                "char_s": 127,
                "time_e": 88.87,
                "time_s": 87.94
            }
        ],
        "chars": [
            [
                85.43,
                85.71
            ],
            [
                85.71,
                85.78
            ],
            [
                85.81,
                85.78
            ],
            [
                85.83,
                85.78
            ],
            [
                85.89,
                85.78
            ],
            [
                85.95,
                85.78
            ],
            [
                85.99,
                86.0
            ],
            [
                86.05,
                86.0
            ],
            [
                86.13,
                86.0
            ],
            [
                86.17,
                86.0
            ],
            [
                86.29,
                86.0
            ],
            [
                86.31,
                86.0
            ],
            [
                86.45,
                86.0
            ],
            [
                86.57,
                86.0
            ],
            [
                86.63,
                86.72
            ],
            [
                86.73,
                86.72
            ],
            [
                86.81,
                86.72
            ],
            [
                86.85,
                86.72
            ],
            [
                86.89,
                86.92
            ],
            [
                86.99,
                86.92
            ],
            [
                87.11,
                87.12
            ],
            [
                87.13,
                87.12
            ],
            [
                87.19,
                87.12
            ],
            [
                87.23,
                87.12
            ],
            [
                87.29,
                87.12
            ],
            [
                87.37,
                87.12
            ],
            [
                87.43,
                87.12
            ],
            [
                87.47,
                87.49
            ],
            [
                87.51,
                87.49
            ],
            [
                87.57,
                87.49
            ],
            [
                87.71,
                87.49
            ],
            [
                87.75,
                87.85
            ],
            [
                87.97,
                87.85
            ],
            [
                88.01,
                87.85
            ],
            [
                88.11,
                87.85
            ],
            [
                88.15,
                87.85
            ],
            [
                88.25,
                87.85
            ],
            [
                88.31,
                87.85
            ],
            [
                88.41,
                87.85
            ],
            [
                88.45,
                87.85
            ],
            [
                88.57,
                87.85
            ],
            [
                88.61,
                87.85
            ],
            [
                88.71,
                87.85
            ],
            [
                88.77,
                87.85
            ],
            [
                88.83,
                87.85
            ]
        ]
    },
    {
        "char_e": 171,
        "char_s": 142,
        "speaker": "Mići Princ",
        "text": "Dobar dan! Mate smišan klobuk.",
        "time_e": 91.71,
        "time_s": 89.4,
        "words": [
            {
                "char_e": 147,
                "char_s": 142,
                "time_e": 89.72,
                "time_s": 89.4
            },
            {
                "char_e": 151,
                "char_s": 148,
                "time_e": 90.24,
                "time_s": 89.76
            },
            {
                "char_e": 157,
                "char_s": 153,
                "time_e": 90.62,
                "time_s": 90.32
            },
            {
                "char_e": 164,
                "char_s": 158,
                "time_e": 91.01,
                "time_s": 90.62
            },
            {
                "char_e": 171,
                "char_s": 165,
                "time_e": 91.71,
                "time_s": 91.01
            }
        ],
        "chars": [
            [
                89.4,
                89.48
            ],
            [
                89.48,
                89.56
            ],
            [
                89.56,
                89.6
            ],
            [
                89.6,
                89.66
            ],
            [
                89.66,
                89.7
            ],
            [
                89.7,
                89.72
            ],
            [
                89.78,
                89.72
            ],
            [
                89.86,
                89.72
            ],
            [
                90.14,
                90.24
            ],
            [
                90.34,
                90.24
            ],
            [
                90.36,
                90.24
            ],
            [
                90.4,
                90.24
            ],
            [
                90.44,
                90.24
            ],
            [
                90.54,
                90.24
            ],
            [
                90.58,
                90.62
            ],
            [
                90.64,
                90.62
            ],
            [
                90.66,
                90.62
            ],
            [
                90.72,
                90.62
            ],
            [
                90.76,
                90.62
            ],
            [
                90.86,
                90.62
            ],
            [
                90.92,
                90.62
            ],
            [
                90.96,
                90.62
            ],
            [
                91.0,
                91.01
            ],
            [
                91.06,
                91.01
            ],
            [
                91.12,
                91.01
            ],
            [
                91.16,
                91.01
            ],
            [
                91.3,
                91.01
            ],
            [
                91.36,
                91.01
            ],
            [
                91.6,
                91.01
            ],
            [
                91.68,
                91.01
            ]
        ]
    },
    {
        "char_e": 341,
        "char_s": 175,
        "speaker": "Štimanac",
        "text": "Da bin mogav odzdravljat. Da bin mogav ozdravljat kad me pozdravljaju oni ki su van sebe od sreće samo zato aš me vide. Ma, na žalost, ovudar nigdar nijedan ne pasiva.",
        "time_e": 106.91,
        "time_s": 91.77,
        "words": [
            {
                "char_e": 177,
                "char_s": 175,
                "time_e": 92.11,
                "time_s": 91.77
            },
            {
                "char_e": 181,
                "char_s": 178,
                "time_e": 92.38,
                "time_s": 92.11
            },
            {
                "char_e": 187,
                "char_s": 182,
                "time_e": 92.84,
                "time_s": 92.38
            },
            {
                "char_e": 199,
                "char_s": 188,
                "time_e": 93.69,
                "time_s": 92.87
            },
            {
                "char_e": 203,
                "char_s": 201,
                "time_e": 94.01,
                "time_s": 93.76
            },
            {
                "char_e": 207,
                "char_s": 204,
                "time_e": 94.16,
                "time_s": 94.01
            },
            {
                "char_e": 213,
                "char_s": 208,
                "time_e": 94.57,
                "time_s": 94.19
            },
            {
                "char_e": 224,
                "char_s": 214,
                "time_e": 95.42,
                "time_s": 94.57
            },
            {
                "char_e": 228,
                "char_s": 225,
                "time_e": 95.63,
                "time_s": 95.45
            },
            {
                "char_e": 231,
                "char_s": 229,
                "time_e": 95.77,
                "time_s": 95.63
            },
            {
                "char_e": 244,
                "char_s": 232,
                "time_e": 96.76,
                "time_s": 95.77
            },
            {
                "char_e": 248,
                "char_s": 245,
                "time_e": 97.13,
                "time_s": 96.79
            },
            {
                "char_e": 251,
                "char_s": 249,
                "time_e": 97.32,
                "time_s": 97.13
            },
            {
                "char_e": 254,
                "char_s": 252,
                "time_e": 97.57,
                "time_s": 97.32
            },
            {
                "char_e": 258,
                "char_s": 255,
                "time_e": 97.98,
                "time_s": 97.64
            },
            {
                "char_e": 263,
                "char_s": 259,
                "time_e": 98.57,
                "time_s": 98.11
            },
            {
                "char_e": 266,
                "char_s": 264,
                "time_e": 98.83,
                "time_s": 98.62
            },
            {
                "char_e": 272,
                "char_s": 267,
                "time_e": 99.4,
                "time_s": 98.86
            },
            {
                "char_e": 277,
                "char_s": 273,
                "time_e": 100.06,
                "time_s": 99.5
            },
            {
                "char_e": 282,
                "char_s": 278,
                "time_e": 100.55,
                "time_s": 100.06
            },
            {
                "char_e": 285,
                "char_s": 283,
                "time_e": 100.87,
                "time_s": 100.58
            },
            {
                "char_e": 288,
                "char_s": 286,
                "time_e": 101.13,
                "time_s": 100.87
            },
            {
                "char_e": 293,
                "char_s": 289,
                "time_e": 101.89,
                "time_s": 101.13
            },
            {
                "char_e": 297,
                "char_s": 295,
                "time_e": 102.92,
                "time_s": 102.4
            },
            {
                "char_e": 301,
                "char_s": 299,
                "time_e": 103.42,
                "time_s": 103.2
            },
            {
                "char_e": 308,
                "char_s": 302,
                "time_e": 104.1,
                "time_s": 103.42
            },
            {
                "char_e": 316,
                "char_s": 310,
                "time_e": 104.83,
                "time_s": 104.27
            },
            {
                "char_e": 323,
                "char_s": 317,
                "time_e": 105.48,
                "time_s": 104.83
            },
            {
                "char_e": 331,
                "char_s": 324,
                "time_e": 106.02,
                "time_s": 105.48
            },
            {
                "char_e": 334,
                "char_s": 332,
                "time_e": 106.13,
                "time_s": 106.02
            },
            {
                "char_e": 341,
                "char_s": 335,
                "time_e": 106.91,
                "time_s": 106.13
            }
        ],
        "chars": [
            [
                91.77,
                91.99
            ],
            [
                91.99,
                92.11
            ],
            [
                92.17,
                92.11
            ],
            [
                92.19,
                92.11
            ],
            [
                92.21,
                92.11
            ],
            [
                92.27,
                92.11
            ],
            [
                92.29,
                92.38
            ],
            [
                92.41,
                92.38
            ],
            [
                92.47,
                92.38
            ],
            [
                92.61,
                92.38
            ],
            [
                92.65,
                92.38
            ],
            [
                92.73,
                92.84
            ],
            [
                92.89,
                92.84
            ],
            [
                92.93,
                92.84
            ],
            [
                92.99,
                92.84
            ],
            [
                93.05,
                92.84
            ],
            [
                93.11,
                92.84
            ],
            [
                93.17,
                92.84
            ],
            [
                93.21,
                92.84
            ],
            [
                93.33,
                92.84
            ],
            [
                93.37,
                92.84
            ],
            [
                93.41,
                92.84
            ],
            [
                93.45,
                93.69
            ],
            [
                93.79,
                93.69
            ],
            [
                93.81,
                93.69
            ],
            [
                93.83,
                93.69
            ],
            [
                93.89,
                93.69
            ],
            [
                93.93,
                93.69
            ],
            [
                93.99,
                94.01
            ],
            [
                94.03,
                94.01
            ],
            [
                94.07,
                94.01
            ],
            [
                94.15,
                94.16
            ],
            [
                94.17,
                94.16
            ],
            [
                94.23,
                94.16
            ],
            [
                94.27,
                94.16
            ],
            [
                94.39,
                94.16
            ],
            [
                94.43,
                94.16
            ],
            [
                94.51,
                94.16
            ],
            [
                94.53,
                94.16
            ],
            [
                94.55,
                94.57
            ],
            [
                94.69,
                94.57
            ],
            [
                94.79,
                94.57
            ],
            [
                94.87,
                94.57
            ],
            [
                94.91,
                94.57
            ],
            [
                95.05,
                94.57
            ],
            [
                95.09,
                94.57
            ],
            [
                95.15,
                94.57
            ],
            [
                95.19,
                94.57
            ],
            [
                95.37,
                94.57
            ],
            [
                95.41,
                95.42
            ],
            [
                95.51,
                95.42
            ],
            [
                95.53,
                95.42
            ],
            [
                95.59,
                95.42
            ],
            [
                95.63,
                95.63
            ],
            [
                95.67,
                95.63
            ],
            [
                95.71,
                95.63
            ],
            [
                95.75,
                95.77
            ],
            [
                95.83,
                95.77
            ],
            [
                95.87,
                95.77
            ],
            [
                95.97,
                95.77
            ],
            [
                96.05,
                95.77
            ],
            [
                96.13,
                95.77
            ],
            [
                96.17,
                95.77
            ],
            [
                96.33,
                95.77
            ],
            [
                96.37,
                95.77
            ],
            [
                96.41,
                95.77
            ],
            [
                96.45,
                95.77
            ],
            [
                96.55,
                95.77
            ],
            [
                96.59,
                96.76
            ],
            [
                96.81,
                96.76
            ],
            [
                96.89,
                96.76
            ],
            [
                97.01,
                96.76
            ],
            [
                97.07,
                96.76
            ],
            [
                97.11,
                97.13
            ],
            [
                97.21,
                97.13
            ],
            [
                97.25,
                97.13
            ],
            [
                97.31,
                97.32
            ],
            [
                97.43,
                97.32
            ],
            [
                97.49,
                97.32
            ],
            [
                97.53,
                97.57
            ],
            [
                97.69,
                97.57
            ],
            [
                97.73,
                97.57
            ],
            [
                97.91,
                97.98
            ],
            [
                97.99,
                97.98
            ],
            [
                98.19,
                97.98
            ],
            [
                98.27,
                97.98
            ],
            [
                98.43,
                97.98
            ],
            [
                98.47,
                98.57
            ],
            [
                98.63,
                98.57
            ],
            [
                98.69,
                98.57
            ],
            [
                98.75,
                98.57
            ],
            [
                98.79,
                98.83
            ],
            [
                98.89,
                98.83
            ],
            [
                98.97,
                98.83
            ],
            [
                99.01,
                98.83
            ],
            [
                99.23,
                98.83
            ],
            [
                99.29,
                99.4
            ],
            [
                99.53,
                99.4
            ],
            [
                99.69,
                99.4
            ],
            [
                99.77,
                99.4
            ],
            [
                99.97,
                99.4
            ],
            [
                99.99,
                99.4
            ],
            [
                100.05,
                100.06
            ],
            [
                100.15,
                100.06
            ],
            [
                100.21,
                100.06
            ],
            [
                100.41,
                100.06
            ],
            [
                100.45,
                100.55
            ],
            [
                100.57,
                100.55
            ],
            [
                100.63,
                100.55
            ],
            [
                100.81,
                100.55
            ],
            [
                100.87,
                100.87
            ],
            [
                100.97,
                100.87
            ],
            [
                101.01,
                100.87
            ],
            [
                101.09,
                101.13
            ],
            [
                101.21,
                101.13
            ],
            [
                101.25,
                101.13
            ],
            [
                101.53,
                101.13
            ],
            [
                101.57,
                101.89
            ],
            [
                102.59,
                101.89
            ],
            [
                102.61,
                101.89
            ],
            [
                102.63,
                101.89
            ],
            [
                102.65,
                102.92
            ],
            [
                103.21,
                102.92
            ],
            [
                103.23,
                102.92
            ],
            [
                103.25,
                102.92
            ],
            [
                103.27,
                103.42
            ],
            [
                103.49,
                103.42
            ],
            [
                103.51,
                103.42
            ],
            [
                103.55,
                103.42
            ],
            [
                103.79,
                103.42
            ],
            [
                103.83,
                103.42
            ],
            [
                104.01,
                103.42
            ],
            [
                104.09,
                104.1
            ],
            [
                104.31,
                104.1
            ],
            [
                104.33,
                104.1
            ],
            [
                104.35,
                104.1
            ],
            [
                104.47,
                104.1
            ],
            [
                104.51,
                104.1
            ],
            [
                104.61,
                104.1
            ],
            [
                104.67,
                104.1
            ],
            [
                104.75,
                104.83
            ],
            [
                104.93,
                104.83
            ],
            [
                104.95,
                104.83
            ],
            [
                104.97,
                104.83
            ],
            [
                105.13,
                104.83
            ],
            [
                105.23,
                104.83
            ],
            [
                105.29,
                104.83
            ],
            [
                105.41,
                104.83
            ],
            [
                105.47,
                105.48
            ],
            [
                105.53,
                105.48
            ],
            [
                105.57,
                105.48
            ],
            [
                105.65,
                105.48
            ],
            [
                105.69,
                105.48
            ],
            [
                105.79,
                105.48
            ],
            [
                105.83,
                105.48
            ],
            [
                105.91,
                105.48
            ],
            [
                105.93,
                106.02
            ],
            [
                106.03,
                106.02
            ],
            [
                106.07,
                106.02
            ],
            [
                106.11,
                106.13
            ],
            [
                106.21,
                106.13
            ],
            [
                106.23,
                106.13
            ],
            [
                106.45,
                106.13
            ],
            [
                106.53,
                106.13
            ],
            [
                106.75,
                106.13
            ],
            [
                106.79,
                106.13
            ],
            [
                106.87,
                106.13
            ]
        ]
    },
    {
        "char_e": 354,
        "char_s": 345,
        "speaker": "Mići Princ",
        "text": "Ča bi reć?",
        "time_e": 108.22,
        "time_s": 107.51,
        "words": [
            {
                "char_e": 347,
                "char_s": 345,
                "time_e": 107.73,
                "time_s": 107.51
            },
            {
                "char_e": 350,
                "char_s": 348,
                "time_e": 107.9,
                "time_s": 107.73
            },
            {
                "char_e": 354,
                "char_s": 351,
                "time_e": 108.22,
                "time_s": 107.9
            }
        ],
        "chars": [
            [
                107.51,
                107.65
            ],
            [
                107.65,
                107.73
            ],
            [
                107.77,
                107.73
            ],
            [
                107.79,
                107.73
            ],
            [
                107.81,
                107.9
            ],
            [
                107.93,
                107.9
            ],
            [
                107.95,
                107.9
            ],
            [
                107.97,
                107.9
            ],
            [
                108.17,
                107.9
            ],
            [
                108.19,
                107.9
            ]
        ]
    },
    {
        "char_e": 376,
        "char_s": 358,
        "speaker": "Štimanac",
        "text": "Zaplješći z rukami!",
        "time_e": 110.1,
        "time_s": 108.6,
        "words": [
            {
                "char_e": 367,
                "char_s": 358,
                "time_e": 109.33,
                "time_s": 108.6
            },
            {
                "char_e": 369,
                "char_s": 368,
                "time_e": 109.48,
                "time_s": 109.36
            },
            {
                "char_e": 376,
                "char_s": 370,
                "time_e": 110.1,
                "time_s": 109.48
            }
        ],
        "chars": [
            [
                108.6,
                108.74
            ],
            [
                108.74,
                108.88
            ],
            [
                108.88,
                108.92
            ],
            [
                108.92,
                108.94
            ],
            [
                108.94,
                109.0
            ],
            [
                109.0,
                109.1
            ],
            [
                109.1,
                109.24
            ],
            [
                109.24,
                109.26
            ],
            [
                109.26,
                109.33
            ],
            [
                109.4,
                109.33
            ],
            [
                109.46,
                109.33
            ],
            [
                109.48,
                109.48
            ],
            [
                109.52,
                109.48
            ],
            [
                109.56,
                109.48
            ],
            [
                109.66,
                109.48
            ],
            [
                109.72,
                109.48
            ],
            [
                109.9,
                109.48
            ],
            [
                109.92,
                109.48
            ],
            [
                110.06,
                109.48
            ]
        ]
    },
    {
        "char_e": 438,
        "char_s": 378,
        "speaker": "Autor",
        "text": "Mići Princ zapješće. Štimanac skromno odzdravi zdižuć klobuk.",
        "time_e": 115.87,
        "time_s": 110.97,
        "words": [
            {
                "char_e": 382,
                "char_s": 378,
                "time_e": 111.3,
                "time_s": 110.97
            },
            {
                "char_e": 388,
                "char_s": 383,
                "time_e": 111.63,
                "time_s": 111.3
            },
            {
                "char_e": 397,
                "char_s": 389,
                "time_e": 112.33,
                "time_s": 111.63
            },
            {
                "char_e": 407,
                "char_s": 399,
                "time_e": 113.29,
                "time_s": 112.57
            },
            {
                "char_e": 415,
                "char_s": 408,
                "time_e": 113.92,
                "time_s": 113.29
            },
            {
                "char_e": 424,
                "char_s": 416,
                "time_e": 114.51,
                "time_s": 113.95
            },
            {
                "char_e": 431,
                "char_s": 425,
                "time_e": 115.15,
                "time_s": 114.6
            },
            {
                "char_e": 438,
                "char_s": 432,
                "time_e": 115.87,
                "time_s": 115.15
            }
        ],
        "chars": [
            [
                110.97,
                111.09
            ],
            [
                111.09,
                111.21
            ],
            [
                111.21,
                111.25
            ],
            [
                111.25,
                111.29
            ],
            [
                111.29,
                111.3
            ],
            [
                111.37,
                111.3
            ],
            [
                111.41,
                111.3
            ],
            [
                111.45,
                111.3
            ],
            [
                111.51,
                111.3
            ],
            [
                111.61,
                111.3
            ],
            [
                111.63,
                111.63
            ],
            [
                111.69,
                111.63
            ],
            [
                111.73,
                111.63
            ],
            [
                111.85,
                111.63
            ],
            [
                111.91,
                111.63
            ],
            [
                111.95,
                111.63
            ],
            [
                112.07,
                111.63
            ],
            [
                112.19,
                111.63
            ],
            [
                112.25,
                112.33
            ],
            [
                112.61,
                112.33
            ],
            [
                112.63,
                112.33
            ],
            [
                112.73,
                112.33
            ],
            [
                112.81,
                112.33
            ],
            [
                112.85,
                112.33
            ],
            [
                112.97,
                112.33
            ],
            [
                113.01,
                112.33
            ],
            [
                113.13,
                112.33
            ],
            [
                113.17,
                112.33
            ],
            [
                113.29,
                113.29
            ],
            [
                113.33,
                113.29
            ],
            [
                113.39,
                113.29
            ],
            [
                113.47,
                113.29
            ],
            [
                113.53,
                113.29
            ],
            [
                113.55,
                113.29
            ],
            [
                113.71,
                113.29
            ],
            [
                113.77,
                113.29
            ],
            [
                113.83,
                113.92
            ],
            [
                113.95,
                113.92
            ],
            [
                114.01,
                113.92
            ],
            [
                114.11,
                113.92
            ],
            [
                114.17,
                113.92
            ],
            [
                114.19,
                113.92
            ],
            [
                114.23,
                113.92
            ],
            [
                114.27,
                113.92
            ],
            [
                114.41,
                113.92
            ],
            [
                114.45,
                114.51
            ],
            [
                114.65,
                114.51
            ],
            [
                114.73,
                114.51
            ],
            [
                114.81,
                114.51
            ],
            [
                114.85,
                114.51
            ],
            [
                114.95,
                114.51
            ],
            [
                114.99,
                114.51
            ],
            [
                115.11,
                115.15
            ],
            [
                115.17,
                115.15
            ],
            [
                115.25,
                115.15
            ],
            [
                115.29,
                115.15
            ],
            [
                115.35,
                115.15
            ],
            [
                115.45,
                115.15
            ],
            [
                115.49,
                115.15
            ],
            [
                115.71,
                115.15
            ],
            [
                115.83,
                115.15
            ]
        ]
    },
    {
        "char_e": 496,
        "char_s": 442,
        "speaker": "Mići Princ",
        "text": "Ovo je fanjski zabavno! Boje nigo vižita k onimu kraju",
        "time_e": 120.10999281440385,
        "time_s": 116.64,
        "words": [
            {
                "char_e": 445,
                "char_s": 442,
                "time_e": 116.87,
                "time_s": 116.64
            },
            {
                "char_e": 448,
                "char_s": 446,
                "time_e": 116.94,
                "time_s": 116.87
            },
            {
                "char_e": 456,
                "char_s": 449,
                "time_e": 117.36,
                "time_s": 116.94
            },
            {
                "char_e": 464,
                "char_s": 457,
                "time_e": 117.95,
                "time_s": 117.36
            },
            {
                "char_e": 470,
                "char_s": 466,
                "time_e": 118.52,
                "time_s": 118.31
            },
            {
                "char_e": 475,
                "char_s": 471,
                "time_e": 118.73,
                "time_s": 118.52
            },
            {
                "char_e": 482,
                "char_s": 476,
                "time_e": 119.11,
                "time_s": 118.73
            },
            {
                "char_e": 484,
                "char_s": 483,
                "time_e": 119.21,
                "time_s": 119.11
            },
            {
                "char_e": 490,
                "char_s": 485,
                "time_e": 119.52,
                "time_s": 119.21
            },
            {
                "char_e": 496,
                "char_s": 491,
                "time_e": 120.10999281440385,
                "time_s": 119.52
            }
        ],
        "chars": [
            [
                116.64,
                116.8
            ],
            [
                116.8,
                116.82
            ],
            [
                116.82,
                116.86
            ],
            [
                116.86,
                116.87
            ],
            [
                116.88,
                116.87
            ],
            [
                116.92,
                116.87
            ],
            [
                116.94,
                116.94
            ],
            [
                117.0,
                116.94
            ],
            [
                117.04,
                116.94
            ],
            [
                117.12,
                116.94
            ],
            [
                117.14,
                116.94
            ],
            [
                117.2,
                116.94
            ],
            [
                117.26,
                116.94
            ],
            [
                117.3,
                116.94
            ],
            [
                117.32,
                117.36
            ],
            [
                117.4,
                117.36
            ],
            [
                117.46,
                117.36
            ],
            [
                117.58,
                117.36
            ],
            [
                117.62,
                117.36
            ],
            [
                117.7,
                117.36
            ],
            [
                117.76,
                117.36
            ],
            [
                117.8,
                117.95
            ],
            [
                118.28,
                117.95
            ],
            [
                118.3,
                117.95
            ],
            [
                118.34,
                117.95
            ],
            [
                118.36,
                117.95
            ],
            [
                118.44,
                117.95
            ],
            [
                118.48,
                117.95
            ],
            [
                118.5,
                118.52
            ],
            [
                118.56,
                118.52
            ],
            [
                118.64,
                118.52
            ],
            [
                118.66,
                118.52
            ],
            [
                118.68,
                118.52
            ],
            [
                118.72,
                118.73
            ],
            [
                118.78,
                118.73
            ],
            [
                118.82,
                118.73
            ],
            [
                118.88,
                118.73
            ],
            [
                118.92,
                118.73
            ],
            [
                119.0,
                118.73
            ],
            [
                119.04,
                118.73
            ],
            [
                119.06,
                119.11
            ],
            [
                119.18,
                119.21
            ],
            [
                119.22,
                119.21
            ],
            [
                119.24,
                119.21
            ],
            [
                119.32,
                119.21
            ],
            [
                119.34,
                119.21
            ],
            [
                119.4,
                119.21
            ],
            [
                119.42,
                119.21
            ],
            [
                119.44,
                119.52
            ],
            [
                119.58,
                119.52
            ],
            [
                119.62,
                119.52
            ],
            [
                119.66,
                119.52
            ],
            [
                119.8,
                119.52
            ],
            [
                119.84,
                119.52
            ]
        ]
    },
    {
        "char_e": 565,
        "char_s": 497,
        "speaker": "Autor",
        "text": "Pokle pet minuti takove gimnastike, Mićiga Princa je zmorila ta igra.",
        "time_e": 127.28,
        "time_s": 122.18999927762746,
        "words": [
            {
                "char_e": 502,
                "char_s": 497,
                "time_e": 122.36,
                "time_s": 122.18999927762746
            },
            {
                "char_e": 506,
                "char_s": 503,
                "time_e": 122.6,
                "time_s": 122.36
            },
            {
                "char_e": 513,
                "char_s": 507,
                "time_e": 123.03,
                "time_s": 122.6
            },
            {
                "char_e": 520,
                "char_s": 514,
                "time_e": 123.52,
                "time_s": 123.03
            },
            {
                "char_e": 531,
                "char_s": 521,
                "time_e": 124.28,
                "time_s": 123.52
            },
            {
                "char_e": 539,
                "char_s": 533,
                "time_e": 125.19,
                "time_s": 124.71
            },
            {
                "char_e": 546,
                "char_s": 540,
                "time_e": 125.64,
                "time_s": 125.19
            },
            {
                "char_e": 549,
                "char_s": 547,
                "time_e": 125.7,
                "time_s": 125.64
            },
            {
                "char_e": 557,
                "char_s": 550,
                "time_e": 126.39,
                "time_s": 125.81
            },
            {
                "char_e": 560,
                "char_s": 558,
                "time_e": 126.64,
                "time_s": 126.39
            },
            {
                "char_e": 565,
                "char_s": 561,
                "time_e": 127.28,
                "time_s": 126.64
            }
        ],
        "chars": [
            [
                122.19,
                122.21
            ],
            [
                122.21,
                122.23
            ],
            [
                122.23,
                122.27
            ],
            [
                122.27,
                122.31
            ],
            [
                122.31,
                122.35
            ],
            [
                122.35,
                122.36
            ],
            [
                122.43,
                122.36
            ],
            [
                122.53,
                122.36
            ],
            [
                122.55,
                122.36
            ],
            [
                122.57,
                122.6
            ],
            [
                122.63,
                122.6
            ],
            [
                122.67,
                122.6
            ],
            [
                122.75,
                122.6
            ],
            [
                122.79,
                122.6
            ],
            [
                122.93,
                122.6
            ],
            [
                122.97,
                122.6
            ],
            [
                123.01,
                123.03
            ],
            [
                123.09,
                123.03
            ],
            [
                123.13,
                123.03
            ],
            [
                123.25,
                123.03
            ],
            [
                123.31,
                123.03
            ],
            [
                123.41,
                123.03
            ],
            [
                123.45,
                123.03
            ],
            [
                123.49,
                123.52
            ],
            [
                123.57,
                123.52
            ],
            [
                123.61,
                123.52
            ],
            [
                123.75,
                123.52
            ],
            [
                123.77,
                123.52
            ],
            [
                123.79,
                123.52
            ],
            [
                123.93,
                123.52
            ],
            [
                123.99,
                123.52
            ],
            [
                124.03,
                123.52
            ],
            [
                124.13,
                123.52
            ],
            [
                124.17,
                124.28
            ],
            [
                124.71,
                124.28
            ],
            [
                124.73,
                124.28
            ],
            [
                124.81,
                124.28
            ],
            [
                124.85,
                124.28
            ],
            [
                124.95,
                124.28
            ],
            [
                125.01,
                124.28
            ],
            [
                125.09,
                124.28
            ],
            [
                125.11,
                124.28
            ],
            [
                125.15,
                125.19
            ],
            [
                125.25,
                125.19
            ],
            [
                125.29,
                125.19
            ],
            [
                125.33,
                125.19
            ],
            [
                125.41,
                125.19
            ],
            [
                125.51,
                125.19
            ],
            [
                125.57,
                125.19
            ],
            [
                125.63,
                125.64
            ],
            [
                125.67,
                125.7
            ],
            [
                125.71,
                125.7
            ],
            [
                125.77,
                125.7
            ],
            [
                125.89,
                125.7
            ],
            [
                125.97,
                125.7
            ],
            [
                126.01,
                125.7
            ],
            [
                126.09,
                125.7
            ],
            [
                126.15,
                125.7
            ],
            [
                126.27,
                125.7
            ],
            [
                126.31,
                125.7
            ],
            [
                126.39,
                126.39
            ],
            [
                126.47,
                126.39
            ],
            [
                126.51,
                126.39
            ],
            [
                126.59,
                126.64
            ],
            [
                126.67,
                126.64
            ],
            [
                126.79,
                126.64
            ],
            [
                126.85,
                126.64
            ],
            [
                126.89,
                126.64
            ],
            [
                127.25,
                126.64
            ]
        ]
    },
    {
        "char_e": 603,
        "char_s": 569,
        "speaker": "Mići Princ",
        "text": "A ča bi rabi storit da klobuk pade?",
        "time_e": 129.6,
        "time_s": 127.54,
        "words": [
            {
                "char_e": 570,
                "char_s": 569,
                "time_e": 127.57,
                "time_s": 127.54
            },
            {
                "char_e": 573,
                "char_s": 571,
                "time_e": 127.88,
                "time_s": 127.74
            },
            {
                "char_e": 576,
                "char_s": 574,
                "time_e": 128.01,
                "time_s": 127.88
            },
            {
                "char_e": 581,
                "char_s": 577,
                "time_e": 128.28,
                "time_s": 128.01
            },
            {
                "char_e": 588,
                "char_s": 582,
                "time_e": 128.68,
                "time_s": 128.28
            },
            {
                "char_e": 591,
                "char_s": 589,
                "time_e": 128.82,
                "time_s": 128.68
            },
            {
                "char_e": 598,
                "char_s": 592,
                "time_e": 129.19,
                "time_s": 128.82
            },
            {
                "char_e": 603,
                "char_s": 599,
                "time_e": 129.6,
                "time_s": 129.22
            }
        ],
        "chars": [
            [
                127.54,
                127.76
            ],
            [
                127.76,
                127.57
            ],
            [
                127.78,
                127.57
            ],
            [
                127.84,
                127.88
            ],
            [
                127.9,
                127.88
            ],
            [
                127.92,
                127.88
            ],
            [
                127.94,
                127.88
            ],
            [
                127.96,
                128.01
            ],
            [
                128.04,
                128.01
            ],
            [
                128.1,
                128.01
            ],
            [
                128.2,
                128.01
            ],
            [
                128.22,
                128.01
            ],
            [
                128.28,
                128.28
            ],
            [
                128.34,
                128.28
            ],
            [
                128.4,
                128.28
            ],
            [
                128.44,
                128.28
            ],
            [
                128.52,
                128.28
            ],
            [
                128.56,
                128.28
            ],
            [
                128.66,
                128.28
            ],
            [
                128.68,
                128.68
            ],
            [
                128.74,
                128.68
            ],
            [
                128.76,
                128.68
            ],
            [
                128.8,
                128.82
            ],
            [
                128.88,
                128.82
            ],
            [
                128.92,
                128.82
            ],
            [
                128.96,
                128.82
            ],
            [
                129.06,
                128.82
            ],
            [
                129.1,
                128.82
            ],
            [
                129.14,
                128.82
            ],
            [
                129.16,
                129.19
            ],
            [
                129.28,
                129.19
            ],
            [
                129.32,
                129.19
            ],
            [
                129.5,
                129.19
            ],
            [
                129.54,
                129.19
            ],
            [
                129.56,
                129.19
            ]
        ]
    },
    {
        "char_e": 643,
        "char_s": 607,
        "speaker": "Štimanac",
        "text": "Ti zasprave gledaš va me kot va Boga?",
        "time_e": 135.05,
        "time_s": 130.92,
        "words": [
            {
                "char_e": 609,
                "char_s": 607,
                "time_e": 131.13,
                "time_s": 130.92
            },
            {
                "char_e": 618,
                "char_s": 610,
                "time_e": 132.07,
                "time_s": 131.13
            },
            {
                "char_e": 625,
                "char_s": 619,
                "time_e": 132.71,
                "time_s": 132.07
            },
            {
                "char_e": 628,
                "char_s": 626,
                "time_e": 133.04,
                "time_s": 132.74
            },
            {
                "char_e": 631,
                "char_s": 629,
                "time_e": 133.32,
                "time_s": 133.04
            },
            {
                "char_e": 635,
                "char_s": 632,
                "time_e": 133.95,
                "time_s": 133.53
            },
            {
                "char_e": 638,
                "char_s": 636,
                "time_e": 134.37,
                "time_s": 134.17
            },
            {
                "char_e": 643,
                "char_s": 639,
                "time_e": 135.05,
                "time_s": 134.37
            }
        ],
        "chars": [
            [
                130.92,
                131.04
            ],
            [
                131.04,
                131.12
            ],
            [
                131.12,
                131.13
            ],
            [
                131.18,
                131.13
            ],
            [
                131.22,
                131.13
            ],
            [
                131.36,
                131.13
            ],
            [
                131.52,
                131.13
            ],
            [
                131.6,
                131.13
            ],
            [
                131.66,
                131.13
            ],
            [
                131.94,
                131.13
            ],
            [
                131.98,
                131.13
            ],
            [
                132.04,
                132.07
            ],
            [
                132.12,
                132.07
            ],
            [
                132.2,
                132.07
            ],
            [
                132.26,
                132.07
            ],
            [
                132.4,
                132.07
            ],
            [
                132.44,
                132.07
            ],
            [
                132.58,
                132.07
            ],
            [
                132.68,
                132.71
            ],
            [
                132.78,
                132.71
            ],
            [
                132.82,
                133.04
            ],
            [
                133.1,
                133.04
            ],
            [
                133.12,
                133.04
            ],
            [
                133.16,
                133.32
            ],
            [
                133.48,
                133.32
            ],
            [
                133.6,
                133.32
            ],
            [
                133.66,
                133.32
            ],
            [
                133.94,
                133.95
            ],
            [
                134.12,
                133.95
            ],
            [
                134.2,
                133.95
            ],
            [
                134.26,
                134.37
            ],
            [
                134.38,
                134.37
            ],
            [
                134.52,
                134.37
            ],
            [
                134.56,
                134.37
            ],
            [
                134.8,
                134.37
            ],
            [
                134.84,
                134.37
            ],
            [
                135.02,
                134.37
            ]
        ]
    },
    {
        "char_e": 658,
        "char_s": 647,
        "speaker": "Mići Princ",
        "text": "Ča to znači?",
        "time_e": 136.38,
        "time_s": 135.5,
        "words": [
            {
                "char_e": 649,
                "char_s": 647,
                "time_e": 135.66,
                "time_s": 135.5
            },
            {
                "char_e": 652,
                "char_s": 650,
                "time_e": 135.79,
                "time_s": 135.66
            },
            {
                "char_e": 658,
                "char_s": 653,
                "time_e": 136.38,
                "time_s": 136.07
            }
        ],
        "chars": [
            [
                135.5,
                135.6
            ],
            [
                135.6,
                135.64
            ],
            [
                135.64,
                135.66
            ],
            [
                135.72,
                135.66
            ],
            [
                135.74,
                135.79
            ],
            [
                135.8,
                135.79
            ],
            [
                135.86,
                135.79
            ],
            [
                135.92,
                135.79
            ],
            [
                135.96,
                135.79
            ],
            [
                136.2,
                135.79
            ],
            [
                136.26,
                135.79
            ],
            [
                136.34,
                135.79
            ]
        ]
    },
    {
        "char_e": 763,
        "char_s": 662,
        "speaker": "Štimanac",
        "text": "To znači priznat da san ja najlipji, najbolje obličen, najbogatiji i najpametniji čovik na ovin svitu.",
        "time_e": 147.77,
        "time_s": 136.86,
        "words": [
            {
                "char_e": 664,
                "char_s": 662,
                "time_e": 137.05,
                "time_s": 136.86
            },
            {
                "char_e": 670,
                "char_s": 665,
                "time_e": 137.68,
                "time_s": 137.05
            },
            {
                "char_e": 678,
                "char_s": 671,
                "time_e": 138.6,
                "time_s": 137.78
            },
            {
                "char_e": 681,
                "char_s": 679,
                "time_e": 138.96,
                "time_s": 138.72
            },
            {
                "char_e": 685,
                "char_s": 682,
                "time_e": 139.24,
                "time_s": 138.96
            },
            {
                "char_e": 688,
                "char_s": 686,
                "time_e": 139.36,
                "time_s": 139.24
            },
            {
                "char_e": 697,
                "char_s": 689,
                "time_e": 140.64,
                "time_s": 139.36
            },
            {
                "char_e": 707,
                "char_s": 699,
                "time_e": 141.85,
                "time_s": 141.17
            },
            {
                "char_e": 715,
                "char_s": 708,
                "time_e": 142.49,
                "time_s": 141.85
            },
            {
                "char_e": 728,
                "char_s": 717,
                "time_e": 144.14,
                "time_s": 142.71
            },
            {
                "char_e": 730,
                "char_s": 729,
                "time_e": 144.63,
                "time_s": 144.36
            },
            {
                "char_e": 743,
                "char_s": 731,
                "time_e": 145.59,
                "time_s": 144.63
            },
            {
                "char_e": 749,
                "char_s": 744,
                "time_e": 146.08,
                "time_s": 145.59
            },
            {
                "char_e": 752,
                "char_s": 750,
                "time_e": 146.34,
                "time_s": 146.11
            },
            {
                "char_e": 757,
                "char_s": 753,
                "time_e": 146.82,
                "time_s": 146.38
            },
            {
                "char_e": 763,
                "char_s": 758,
                "time_e": 147.77,
                "time_s": 146.82
            }
        ],
        "chars": [
            [
                136.86,
                136.96
            ],
            [
                136.96,
                137.04
            ],
            [
                137.04,
                137.05
            ],
            [
                137.12,
                137.05
            ],
            [
                137.28,
                137.05
            ],
            [
                137.32,
                137.05
            ],
            [
                137.54,
                137.05
            ],
            [
                137.58,
                137.05
            ],
            [
                137.66,
                137.68
            ],
            [
                137.82,
                137.68
            ],
            [
                137.88,
                137.68
            ],
            [
                137.92,
                137.68
            ],
            [
                138.06,
                137.68
            ],
            [
                138.18,
                137.68
            ],
            [
                138.22,
                137.68
            ],
            [
                138.5,
                138.6
            ],
            [
                138.8,
                138.6
            ],
            [
                138.86,
                138.6
            ],
            [
                138.9,
                138.6
            ],
            [
                138.96,
                138.96
            ],
            [
                139.02,
                138.96
            ],
            [
                139.06,
                138.96
            ],
            [
                139.18,
                138.96
            ],
            [
                139.2,
                138.96
            ],
            [
                139.24,
                139.24
            ],
            [
                139.26,
                139.24
            ],
            [
                139.36,
                139.36
            ],
            [
                139.58,
                139.36
            ],
            [
                139.64,
                139.36
            ],
            [
                139.86,
                139.36
            ],
            [
                140.06,
                139.36
            ],
            [
                140.12,
                139.36
            ],
            [
                140.38,
                139.36
            ],
            [
                140.48,
                139.36
            ],
            [
                140.54,
                140.64
            ],
            [
                141.14,
                140.64
            ],
            [
                141.16,
                140.64
            ],
            [
                141.3,
                140.64
            ],
            [
                141.36,
                140.64
            ],
            [
                141.5,
                140.64
            ],
            [
                141.62,
                140.64
            ],
            [
                141.66,
                140.64
            ],
            [
                141.72,
                140.64
            ],
            [
                141.74,
                140.64
            ],
            [
                141.78,
                140.64
            ],
            [
                141.82,
                141.85
            ],
            [
                141.88,
                141.85
            ],
            [
                141.98,
                141.85
            ],
            [
                142.04,
                141.85
            ],
            [
                142.08,
                141.85
            ],
            [
                142.24,
                141.85
            ],
            [
                142.3,
                141.85
            ],
            [
                142.4,
                142.49
            ],
            [
                142.74,
                142.49
            ],
            [
                142.76,
                142.49
            ],
            [
                142.96,
                142.49
            ],
            [
                143.0,
                142.49
            ],
            [
                143.16,
                142.49
            ],
            [
                143.3,
                142.49
            ],
            [
                143.34,
                142.49
            ],
            [
                143.44,
                142.49
            ],
            [
                143.46,
                142.49
            ],
            [
                143.62,
                142.49
            ],
            [
                143.66,
                142.49
            ],
            [
                143.84,
                142.49
            ],
            [
                143.92,
                144.14
            ],
            [
                144.38,
                144.14
            ],
            [
                144.4,
                144.14
            ],
            [
                144.42,
                144.63
            ],
            [
                144.7,
                144.63
            ],
            [
                144.74,
                144.63
            ],
            [
                144.84,
                144.63
            ],
            [
                145.02,
                144.63
            ],
            [
                145.04,
                144.63
            ],
            [
                145.14,
                144.63
            ],
            [
                145.18,
                144.63
            ],
            [
                145.3,
                144.63
            ],
            [
                145.34,
                144.63
            ],
            [
                145.38,
                144.63
            ],
            [
                145.42,
                144.63
            ],
            [
                145.44,
                144.63
            ],
            [
                145.54,
                145.59
            ],
            [
                145.68,
                145.59
            ],
            [
                145.72,
                145.59
            ],
            [
                145.82,
                145.59
            ],
            [
                145.88,
                145.59
            ],
            [
                146.02,
                146.08
            ],
            [
                146.12,
                146.08
            ],
            [
                146.2,
                146.08
            ],
            [
                146.22,
                146.34
            ],
            [
                146.38,
                146.34
            ],
            [
                146.46,
                146.34
            ],
            [
                146.62,
                146.34
            ],
            [
                146.68,
                146.34
            ],
            [
                146.8,
                146.34
            ],
            [
                146.82,
                146.82
            ],
            [
                146.96,
                146.82
            ],
            [
                147.1,
                146.82
            ],
            [
                147.14,
                146.82
            ],
            [
                147.44,
                146.82
            ],
            [
                147.48,
                146.82
            ],
            [
                147.74,
                146.82
            ]
        ]
    },
    {
        "char_e": 794,
        "char_s": 767,
        "speaker": "Mići Princ",
        "text": "Ali ti si sam na ovin svitu!",
        "time_e": 150.09,
        "time_s": 148.28,
        "words": [
            {
                "char_e": 770,
                "char_s": 767,
                "time_e": 148.54,
                "time_s": 148.28
            },
            {
                "char_e": 773,
                "char_s": 771,
                "time_e": 148.7,
                "time_s": 148.54
            },
            {
                "char_e": 776,
                "char_s": 774,
                "time_e": 148.84,
                "time_s": 148.7
            },
            {
                "char_e": 780,
                "char_s": 777,
                "time_e": 149.15,
                "time_s": 148.84
            },
            {
                "char_e": 783,
                "char_s": 781,
                "time_e": 149.3,
                "time_s": 149.15
            },
            {
                "char_e": 788,
                "char_s": 784,
                "time_e": 149.51,
                "time_s": 149.3
            },
            {
                "char_e": 794,
                "char_s": 789,
                "time_e": 150.09,
                "time_s": 149.51
            }
        ],
        "chars": [
            [
                148.28,
                148.42
            ],
            [
                148.42,
                148.46
            ],
            [
                148.46,
                148.52
            ],
            [
                148.52,
                148.54
            ],
            [
                148.58,
                148.54
            ],
            [
                148.62,
                148.54
            ],
            [
                148.68,
                148.7
            ],
            [
                148.74,
                148.7
            ],
            [
                148.78,
                148.7
            ],
            [
                148.84,
                148.84
            ],
            [
                148.94,
                148.84
            ],
            [
                148.98,
                148.84
            ],
            [
                149.1,
                148.84
            ],
            [
                149.14,
                149.15
            ],
            [
                149.16,
                149.15
            ],
            [
                149.2,
                149.15
            ],
            [
                149.24,
                149.15
            ],
            [
                149.3,
                149.3
            ],
            [
                149.38,
                149.3
            ],
            [
                149.42,
                149.3
            ],
            [
                149.48,
                149.3
            ],
            [
                149.5,
                149.51
            ],
            [
                149.58,
                149.51
            ],
            [
                149.64,
                149.51
            ],
            [
                149.68,
                149.51
            ],
            [
                149.9,
                149.51
            ],
            [
                149.94,
                149.51
            ],
            [
                150.06,
                149.51
            ]
        ]
    },
    {
        "char_e": 864,
        "char_s": 798,
        "speaker": "Štimanac",
        "text": "Stori to da mi rit bude na mistu! Ala, daj, glej va me kot va Boga!",
        "time_e": 156.6,
        "time_s": 150.49,
        "words": [
            {
                "char_e": 803,
                "char_s": 798,
                "time_e": 151.1,
                "time_s": 150.49
            },
            {
                "char_e": 806,
                "char_s": 804,
                "time_e": 151.48,
                "time_s": 151.1
            },
            {
                "char_e": 809,
                "char_s": 807,
                "time_e": 151.68,
                "time_s": 151.48
            },
            {
                "char_e": 812,
                "char_s": 810,
                "time_e": 151.92,
                "time_s": 151.68
            },
            {
                "char_e": 816,
                "char_s": 813,
                "time_e": 152.2,
                "time_s": 151.92
            },
            {
                "char_e": 821,
                "char_s": 817,
                "time_e": 152.58,
                "time_s": 152.23
            },
            {
                "char_e": 824,
                "char_s": 822,
                "time_e": 152.71,
                "time_s": 152.58
            },
            {
                "char_e": 830,
                "char_s": 825,
                "time_e": 153.27,
                "time_s": 152.71
            },
            {
                "char_e": 835,
                "char_s": 832,
                "time_e": 153.81,
                "time_s": 153.54
            },
            {
                "char_e": 840,
                "char_s": 837,
                "time_e": 154.28,
                "time_s": 153.81
            },
            {
                "char_e": 846,
                "char_s": 842,
                "time_e": 154.87,
                "time_s": 154.45
            },
            {
                "char_e": 849,
                "char_s": 847,
                "time_e": 155.15,
                "time_s": 154.87
            },
            {
                "char_e": 852,
                "char_s": 850,
                "time_e": 155.4,
                "time_s": 155.18
            },
            {
                "char_e": 856,
                "char_s": 853,
                "time_e": 155.82,
                "time_s": 155.45
            },
            {
                "char_e": 859,
                "char_s": 857,
                "time_e": 156.0,
                "time_s": 155.82
            },
            {
                "char_e": 864,
                "char_s": 860,
                "time_e": 156.6,
                "time_s": 156.0
            }
        ],
        "chars": [
            [
                150.49,
                150.77
            ],
            [
                150.77,
                150.83
            ],
            [
                150.83,
                150.97
            ],
            [
                150.97,
                151.01
            ],
            [
                151.01,
                151.07
            ],
            [
                151.07,
                151.1
            ],
            [
                151.23,
                151.1
            ],
            [
                151.29,
                151.1
            ],
            [
                151.47,
                151.48
            ],
            [
                151.55,
                151.48
            ],
            [
                151.59,
                151.48
            ],
            [
                151.65,
                151.68
            ],
            [
                151.75,
                151.68
            ],
            [
                151.79,
                151.92
            ],
            [
                151.93,
                151.92
            ],
            [
                151.95,
                151.92
            ],
            [
                152.01,
                151.92
            ],
            [
                152.17,
                152.2
            ],
            [
                152.23,
                152.2
            ],
            [
                152.33,
                152.2
            ],
            [
                152.37,
                152.2
            ],
            [
                152.49,
                152.2
            ],
            [
                152.53,
                152.2
            ],
            [
                152.57,
                152.58
            ],
            [
                152.63,
                152.58
            ],
            [
                152.65,
                152.58
            ],
            [
                152.71,
                152.71
            ],
            [
                152.77,
                152.71
            ],
            [
                152.83,
                152.71
            ],
            [
                153.03,
                152.71
            ],
            [
                153.13,
                152.71
            ],
            [
                153.17,
                153.27
            ],
            [
                153.55,
                153.27
            ],
            [
                153.57,
                153.27
            ],
            [
                153.61,
                153.27
            ],
            [
                153.71,
                153.27
            ],
            [
                153.75,
                153.81
            ],
            [
                153.91,
                153.81
            ],
            [
                153.93,
                153.81
            ],
            [
                153.95,
                153.81
            ],
            [
                153.97,
                153.81
            ],
            [
                154.17,
                154.28
            ],
            [
                154.37,
                154.28
            ],
            [
                154.39,
                154.28
            ],
            [
                154.49,
                154.28
            ],
            [
                154.59,
                154.28
            ],
            [
                154.65,
                154.28
            ],
            [
                154.83,
                154.28
            ],
            [
                154.87,
                154.87
            ],
            [
                154.93,
                154.87
            ],
            [
                154.99,
                155.15
            ],
            [
                155.19,
                155.15
            ],
            [
                155.21,
                155.15
            ],
            [
                155.25,
                155.15
            ],
            [
                155.37,
                155.4
            ],
            [
                155.55,
                155.4
            ],
            [
                155.59,
                155.4
            ],
            [
                155.79,
                155.82
            ],
            [
                155.89,
                155.82
            ],
            [
                155.91,
                155.82
            ],
            [
                155.95,
                156.0
            ],
            [
                156.01,
                156.0
            ],
            [
                156.11,
                156.0
            ],
            [
                156.15,
                156.0
            ],
            [
                156.35,
                156.0
            ],
            [
                156.41,
                156.0
            ],
            [
                156.57,
                156.0
            ]
        ]
    },
    {
        "char_e": 946,
        "char_s": 868,
        "speaker": "Mići Princ",
        "text": "Evo, dan! – Ali zač ti je do tiga tuliko stalo?\n„ Veli su zaspraven jako čudni!“",
        "time_e": 163.22,
        "time_s": 157.5,
        "words": [
            {
                "char_e": 871,
                "char_s": 868,
                "time_e": 157.78,
                "time_s": 157.5
            },
            {
                "char_e": 876,
                "char_s": 873,
                "time_e": 158.18,
                "time_s": 157.78
            },
            {
                "char_e": 883,
                "char_s": 880,
                "time_e": 159.15,
                "time_s": 158.85
            },
            {
                "char_e": 887,
                "char_s": 884,
                "time_e": 159.35,
                "time_s": 159.15
            },
            {
                "char_e": 890,
                "char_s": 888,
                "time_e": 159.5,
                "time_s": 159.35
            },
            {
                "char_e": 893,
                "char_s": 891,
                "time_e": 159.57,
                "time_s": 159.5
            },
            {
                "char_e": 896,
                "char_s": 894,
                "time_e": 159.69,
                "time_s": 159.57
            },
            {
                "char_e": 901,
                "char_s": 897,
                "time_e": 159.95,
                "time_s": 159.69
            },
            {
                "char_e": 908,
                "char_s": 902,
                "time_e": 160.32,
                "time_s": 159.95
            },
            {
                "char_e": 914,
                "char_s": 909,
                "time_e": 160.77,
                "time_s": 160.32
            },
            {
                "char_e": 922,
                "char_s": 918,
                "time_e": 161.72,
                "time_s": 161.45
            },
            {
                "char_e": 925,
                "char_s": 923,
                "time_e": 161.91,
                "time_s": 161.72
            },
            {
                "char_e": 935,
                "char_s": 926,
                "time_e": 162.5,
                "time_s": 161.91
            },
            {
                "char_e": 940,
                "char_s": 936,
                "time_e": 162.76,
                "time_s": 162.5
            },
            {
                "char_e": 946,
                "char_s": 941,
                "time_e": 163.22,
                "time_s": 162.76
            }
        ],
        "chars": [
            [
                157.5,
                157.7
            ],
            [
                157.7,
                157.72
            ],
            [
                157.72,
                157.78
            ],
            [
                157.78,
                157.78
            ],
            [
                157.8,
                157.78
            ],
            [
                157.84,
                157.78
            ],
            [
                157.88,
                157.78
            ],
            [
                158.06,
                158.18
            ],
            [
                158.88,
                158.18
            ],
            [
                158.9,
                158.18
            ],
            [
                158.92,
                158.18
            ],
            [
                158.94,
                158.18
            ],
            [
                158.96,
                158.18
            ],
            [
                159.06,
                158.18
            ],
            [
                159.08,
                158.18
            ],
            [
                159.12,
                159.15
            ],
            [
                159.2,
                159.15
            ],
            [
                159.24,
                159.35
            ],
            [
                159.36,
                159.35
            ],
            [
                159.38,
                159.35
            ],
            [
                159.4,
                159.35
            ],
            [
                159.44,
                159.35
            ],
            [
                159.48,
                159.35
            ],
            [
                159.5,
                159.5
            ],
            [
                159.54,
                159.5
            ],
            [
                159.56,
                159.57
            ],
            [
                159.62,
                159.57
            ],
            [
                159.64,
                159.57
            ],
            [
                159.68,
                159.69
            ],
            [
                159.74,
                159.69
            ],
            [
                159.8,
                159.69
            ],
            [
                159.86,
                159.69
            ],
            [
                159.9,
                159.69
            ],
            [
                159.94,
                159.95
            ],
            [
                160.0,
                159.95
            ],
            [
                160.04,
                159.95
            ],
            [
                160.1,
                159.95
            ],
            [
                160.14,
                159.95
            ],
            [
                160.24,
                159.95
            ],
            [
                160.28,
                159.95
            ],
            [
                160.32,
                160.32
            ],
            [
                160.38,
                160.32
            ],
            [
                160.44,
                160.32
            ],
            [
                160.48,
                160.32
            ],
            [
                160.6,
                160.32
            ],
            [
                160.64,
                160.77
            ],
            [
                161.4,
                160.77
            ],
            [
                161.42,
                160.77
            ],
            [
                161.44,
                160.77
            ],
            [
                161.46,
                160.77
            ],
            [
                161.48,
                160.77
            ],
            [
                161.52,
                160.77
            ],
            [
                161.62,
                160.77
            ],
            [
                161.66,
                160.77
            ],
            [
                161.72,
                161.72
            ],
            [
                161.8,
                161.72
            ],
            [
                161.84,
                161.72
            ],
            [
                161.88,
                161.91
            ],
            [
                161.94,
                161.91
            ],
            [
                162.0,
                161.91
            ],
            [
                162.08,
                161.91
            ],
            [
                162.18,
                161.91
            ],
            [
                162.22,
                161.91
            ],
            [
                162.26,
                161.91
            ],
            [
                162.36,
                161.91
            ],
            [
                162.4,
                161.91
            ],
            [
                162.46,
                161.91
            ],
            [
                162.5,
                162.5
            ],
            [
                162.52,
                162.5
            ],
            [
                162.54,
                162.5
            ],
            [
                162.66,
                162.5
            ],
            [
                162.7,
                162.76
            ],
            [
                162.84,
                162.76
            ],
            [
                162.86,
                162.76
            ],
            [
                162.88,
                162.76
            ],
            [
                163.0,
                162.76
            ],
            [
                163.04,
                162.76
            ],
            [
                163.1,
                162.76
            ],
            [
                163.16,
                162.76
            ],
            [
                163.18,
                162.76
            ]
        ]
    }
]