[
    {
        "char_e": 487,
        "char_s": 0,
        "speaker": "Autor",
        "text": "Tu se, eko, Mići Princ prvi put pojaviv na Zemji i onput ščezniv. Glejte ga dobro kako bite bili siguri da ćete ga prepoznat ko jeniga dana budete putovali po Afriki, va pustinji. I, ko van se dogodi da pasivate tuda, preklinjen vas, ne hitite, fermajte se malo pod zvizdami! Ko van pride kakov dečkić, ko se smije, ko ma zlate lasi, ko ne odgovara kad ga se pita, zajeno ćete se domislit ki je on. Budite taput prijaznivi! Ne pušćajte me vako žalosniga: zajeno mi napišite da se j vrniv...",
        "time_e": 72.99,
        "time_s": 37.779998717381154,
        "words": [
            {
                "char_e": 2,
                "char_s": 0,
                "time_e": 37.886665380426514,
                "time_s": 37.779998717381154
            },
            {
                "char_e": 5,
                "char_s": 3,
                "time_e": 38.07333204075591,
                "time_s": 37.886665380426514
            },
            {
                "char_e": 10,
                "char_s": 7,
                "time_e": 38.42,
                "time_s": 38.07333204075591
            },
            {
                "char_e": 16,
                "char_s": 12,
                "time_e": 38.88,
                "time_s": 38.53
            },
            {
                "char_e": 22,
                "char_s": 17,
                "time_e": 39.34,
                "time_s": 38.88
            },
            {
                "char_e": 27,
                "char_s": 23,
                "time_e": 39.65,
                "time_s": 39.34
            },
            {
                "char_e": 31,
                "char_s": 28,
                "time_e": 39.9,
                "time_s": 39.65
            },
            {
                "char_e": 39,
                "char_s": 32,
                "time_e": 40.53,
                "time_s": 39.9
            },
            {
                "char_e": 42,
                "char_s": 40,
                "time_e": 40.64,
                "time_s": 40.53
            },
            {
                "char_e": 48,
                "char_s": 43,
                "time_e": 41.08,
                "time_s": 40.64
            },
            {
                "char_e": 50,
                "char_s": 49,
                "time_e": 41.47,
                "time_s": 41.37
            },
            {
                "char_e": 56,
                "char_s": 51,
                "time_e": 41.79,
                "time_s": 41.47
            },
            {
                "char_e": 64,
                "char_s": 57,
                "time_e": 42.33,
                "time_s": 41.79
            },
            {
                "char_e": 72,
                "char_s": 66,
                "time_e": 42.99,
                "time_s": 42.56
            },
            {
                "char_e": 75,
                "char_s": 73,
                "time_e": 43.13,
                "time_s": 42.99
            },
            {
                "char_e": 81,
                "char_s": 76,
                "time_e": 43.5,
                "time_s": 43.13
            },
            {
                "char_e": 86,
                "char_s": 82,
                "time_e": 43.76,
                "time_s": 43.5
            },
            {
                "char_e": 91,
                "char_s": 87,
                "time_e": 44.05,
                "time_s": 43.76
            },
            {
                "char_e": 96,
                "char_s": 92,
                "time_e": 44.36,
                "time_s": 44.05
            },
            {
                "char_e": 103,
                "char_s": 97,
                "time_e": 44.94,
                "time_s": 44.36
            },
            {
                "char_e": 106,
                "char_s": 104,
                "time_e": 45.37,
                "time_s": 45.23
            },
            {
                "char_e": 111,
                "char_s": 107,
                "time_e": 45.65,
                "time_s": 45.37
            },
            {
                "char_e": 114,
                "char_s": 112,
                "time_e": 45.82,
                "time_s": 45.65
            },
            {
                "char_e": 124,
                "char_s": 115,
                "time_e": 46.66,
                "time_s": 45.82
            },
            {
                "char_e": 127,
                "char_s": 125,
                "time_e": 46.91,
                "time_s": 46.79
            },
            {
                "char_e": 134,
                "char_s": 128,
                "time_e": 47.37,
                "time_s": 47.11
            },
            {
                "char_e": 139,
                "char_s": 135,
                "time_e": 47.89,
                "time_s": 47.37
            },
            {
                "char_e": 146,
                "char_s": 140,
                "time_e": 48.51,
                "time_s": 47.92
            },
            {
                "char_e": 155,
                "char_s": 147,
                "time_e": 49.12,
                "time_s": 48.51
            },
            {
                "char_e": 158,
                "char_s": 156,
                "time_e": 49.34,
                "time_s": 49.12
            },
            {
                "char_e": 165,
                "char_s": 159,
                "time_e": 49.82,
                "time_s": 49.34
            },
            {
                "char_e": 169,
                "char_s": 167,
                "time_e": 50.15,
                "time_s": 49.98
            },
            {
                "char_e": 178,
                "char_s": 170,
                "time_e": 50.79,
                "time_s": 50.15
            },
            {
                "char_e": 181,
                "char_s": 180,
                "time_e": 51.18,
                "time_s": 51.13
            },
            {
                "char_e": 185,
                "char_s": 183,
                "time_e": 51.35,
                "time_s": 51.18
            },
            {
                "char_e": 189,
                "char_s": 186,
                "time_e": 51.53,
                "time_s": 51.35
            },
            {
                "char_e": 192,
                "char_s": 190,
                "time_e": 51.71,
                "time_s": 51.53
            },
            {
                "char_e": 199,
                "char_s": 193,
                "time_e": 52.19,
                "time_s": 51.71
            },
            {
                "char_e": 202,
                "char_s": 200,
                "time_e": 52.33,
                "time_s": 52.19
            },
            {
                "char_e": 211,
                "char_s": 203,
                "time_e": 52.99,
                "time_s": 52.33
            },
            {
                "char_e": 216,
                "char_s": 212,
                "time_e": 53.3,
                "time_s": 52.99
            },
            {
                "char_e": 228,
                "char_s": 218,
                "time_e": 54.2,
                "time_s": 53.59
            },
            {
                "char_e": 232,
                "char_s": 229,
                "time_e": 54.69,
                "time_s": 54.2
            },
            {
                "char_e": 236,
                "char_s": 234,
                "time_e": 54.94,
                "time_s": 54.78
            },
            {
                "char_e": 243,
                "char_s": 237,
                "time_e": 55.5,
                "time_s": 54.94
            },
            {
                "char_e": 253,
                "char_s": 245,
                "time_e": 56.35,
                "time_s": 55.73
            },
            {
                "char_e": 256,
                "char_s": 254,
                "time_e": 56.55,
                "time_s": 56.35
            },
            {
                "char_e": 261,
                "char_s": 257,
                "time_e": 56.85,
                "time_s": 56.55
            },
            {
                "char_e": 265,
                "char_s": 262,
                "time_e": 57.07,
                "time_s": 56.85
            },
            {
                "char_e": 274,
                "char_s": 266,
                "time_e": 57.67,
                "time_s": 57.07
            },
            {
                "char_e": 278,
                "char_s": 276,
                "time_e": 58.06,
                "time_s": 57.9
            },
            {
                "char_e": 282,
                "char_s": 279,
                "time_e": 58.21,
                "time_s": 58.06
            },
            {
                "char_e": 288,
                "char_s": 283,
                "time_e": 58.57,
                "time_s": 58.21
            },
            {
                "char_e": 294,
                "char_s": 289,
                "time_e": 59.0,
                "time_s": 58.57
            },
            {
                "char_e": 301,
                "char_s": 295,
                "time_e": 59.55,
                "time_s": 59.0
            },
            {
                "char_e": 305,
                "char_s": 303,
                "time_e": 59.84,
                "time_s": 59.65
            },
            {
                "char_e": 308,
                "char_s": 306,
                "time_e": 59.99,
                "time_s": 59.84
            },
            {
                "char_e": 314,
                "char_s": 309,
                "time_e": 60.43,
                "time_s": 59.99
            },
            {
                "char_e": 318,
                "char_s": 316,
                "time_e": 60.7,
                "time_s": 60.58
            },
            {
                "char_e": 321,
                "char_s": 319,
                "time_e": 60.87,
                "time_s": 60.7
            },
            {
                "char_e": 327,
                "char_s": 322,
                "time_e": 61.32,
                "time_s": 60.87
            },
            {
                "char_e": 332,
                "char_s": 328,
                "time_e": 61.75,
                "time_s": 61.32
            },
            {
                "char_e": 336,
                "char_s": 334,
                "time_e": 62.11,
                "time_s": 61.97
            },
            {
                "char_e": 339,
                "char_s": 337,
                "time_e": 62.25,
                "time_s": 62.11
            },
            {
                "char_e": 348,
                "char_s": 340,
                "time_e": 62.84,
                "time_s": 62.25
            },
            {
                "char_e": 352,
                "char_s": 349,
                "time_e": 63.01,
                "time_s": 62.84
            },
            {
                "char_e": 355,
                "char_s": 353,
                "time_e": 63.17,
                "time_s": 63.01
            },
            {
                "char_e": 358,
                "char_s": 356,
                "time_e": 63.36,
                "time_s": 63.17
            },
            {
                "char_e": 363,
                "char_s": 359,
                "time_e": 63.82,
                "time_s": 63.36
            },
            {
                "char_e": 371,
                "char_s": 365,
                "time_e": 64.58,
                "time_s": 64.02
            },
            {
                "char_e": 376,
                "char_s": 372,
                "time_e": 64.89,
                "time_s": 64.58
            },
            {
                "char_e": 379,
                "char_s": 377,
                "time_e": 65.07,
                "time_s": 64.89
            },
            {
                "char_e": 388,
                "char_s": 380,
                "time_e": 65.58,
                "time_s": 65.07
            },
            {
                "char_e": 391,
                "char_s": 389,
                "time_e": 65.78,
                "time_s": 65.58
            },
            {
                "char_e": 394,
                "char_s": 392,
                "time_e": 65.89,
                "time_s": 65.78
            },
            {
                "char_e": 397,
                "char_s": 395,
                "time_e": 66.15,
                "time_s": 65.89
            },
            {
                "char_e": 405,
                "char_s": 399,
                "time_e": 66.92,
                "time_s": 66.44
            },
            {
                "char_e": 411,
                "char_s": 406,
                "time_e": 67.35,
                "time_s": 66.92
            },
            {
                "char_e": 422,
                "char_s": 412,
                "time_e": 68.01,
                "time_s": 67.35
            },
            {
                "char_e": 426,
                "char_s": 424,
                "time_e": 68.56,
                "time_s": 68.35
            },
            {
                "char_e": 435,
                "char_s": 427,
                "time_e": 69.34,
                "time_s": 68.56
            },
            {
                "char_e": 438,
                "char_s": 436,
                "time_e": 69.47,
                "time_s": 69.34
            },
            {
                "char_e": 443,
                "char_s": 439,
                "time_e": 69.77,
                "time_s": 69.47
            },
            {
                "char_e": 453,
                "char_s": 444,
                "time_e": 70.52,
                "time_s": 69.77
            },
            {
                "char_e": 461,
                "char_s": 455,
                "time_e": 71.39,
                "time_s": 70.81
            },
            {
                "char_e": 464,
                "char_s": 462,
                "time_e": 71.54,
                "time_s": 71.39
            },
            {
                "char_e": 473,
                "char_s": 465,
                "time_e": 72.2,
                "time_s": 71.54
            },
            {
                "char_e": 476,
                "char_s": 474,
                "time_e": 72.35,
                "time_s": 72.2
            },
            {
                "char_e": 479,
                "char_s": 477,
                "time_e": 72.56,
                "time_s": 72.35
            },
            {
                "char_e": 481,
                "char_s": 480,
                "time_e": 72.59,
                "time_s": 72.56
            },
            {
                "char_e": 487,
                "char_s": 482,
                "time_e": 72.99,
                "time_s": 72.62
            }
        ],
        "chars": [
            [
                37.78,
                37.84
            ],
            [
                37.84,
                37.88
            ],
            [
                37.88,
                37.886665380426514
            ],
            [
                37.96,
                37.886665380426514
            ],
            [
                38.04,
                38.07333204075591
            ],
            [
                38.08,
                38.07333204075591
            ],
            [
                38.1,
                38.07333204075591
            ],
            [
                38.14,
                38.07333204075591
            ],
            [
                38.28,
                38.07333204075591
            ],
            [
                38.32,
                38.42
            ],
            [
                38.54,
                38.42
            ],
            [
                38.56,
                38.42
            ],
            [
                38.64,
                38.42
            ],
            [
                38.68,
                38.42
            ],
            [
                38.8,
                38.42
            ],
            [
                38.84,
                38.42
            ],
            [
                38.88,
                38.88
            ],
            [
                38.96,
                38.88
            ],
            [
                39.0,
                38.88
            ],
            [
                39.04,
                38.88
            ],
            [
                39.14,
                38.88
            ],
            [
                39.26,
                38.88
            ],
            [
                39.34,
                39.34
            ],
            [
                39.42,
                39.34
            ],
            [
                39.48,
                39.34
            ],
            [
                39.54,
                39.34
            ],
            [
                39.6,
                39.34
            ],
            [
                39.64,
                39.65
            ],
            [
                39.72,
                39.65
            ],
            [
                39.76,
                39.65
            ],
            [
                39.84,
                39.65
            ],
            [
                39.88,
                39.9
            ],
            [
                39.96,
                39.9
            ],
            [
                40.0,
                39.9
            ],
            [
                40.1,
                39.9
            ],
            [
                40.16,
                39.9
            ],
            [
                40.24,
                39.9
            ],
            [
                40.3,
                39.9
            ],
            [
                40.4,
                39.9
            ],
            [
                40.52,
                40.53
            ],
            [
                40.56,
                40.53
            ],
            [
                40.58,
                40.53
            ],
            [
                40.62,
                40.64
            ],
            [
                40.72,
                40.64
            ],
            [
                40.78,
                40.64
            ],
            [
                40.9,
                40.64
            ],
            [
                40.96,
                40.64
            ],
            [
                41.02,
                41.08
            ],
            [
                41.38,
                41.08
            ],
            [
                41.4,
                41.08
            ],
            [
                41.42,
                41.08
            ],
            [
                41.44,
                41.47
            ],
            [
                41.6,
                41.47
            ],
            [
                41.68,
                41.47
            ],
            [
                41.72,
                41.79
            ],
            [
                41.88,
                41.79
            ],
            [
                41.9,
                41.79
            ],
            [
                41.96,
                41.79
            ],
            [
                41.98,
                41.79
            ],
            [
                42.0,
                41.79
            ],
            [
                42.2,
                41.79
            ],
            [
                42.22,
                41.79
            ],
            [
                42.24,
                42.33
            ],
            [
                42.62,
                42.33
            ],
            [
                42.64,
                42.33
            ],
            [
                42.66,
                42.33
            ],
            [
                42.68,
                42.33
            ],
            [
                42.7,
                42.33
            ],
            [
                42.72,
                42.33
            ],
            [
                42.82,
                42.33
            ],
            [
                42.88,
                42.33
            ],
            [
                42.92,
                42.33
            ],
            [
                42.96,
                42.99
            ],
            [
                43.02,
                42.99
            ],
            [
                43.06,
                42.99
            ],
            [
                43.12,
                43.13
            ],
            [
                43.18,
                43.13
            ],
            [
                43.22,
                43.13
            ],
            [
                43.32,
                43.13
            ],
            [
                43.38,
                43.13
            ],
            [
                43.42,
                43.13
            ],
            [
                43.5,
                43.5
            ],
            [
                43.56,
                43.5
            ],
            [
                43.6,
                43.5
            ],
            [
                43.68,
                43.5
            ],
            [
                43.72,
                43.5
            ],
            [
                43.76,
                43.76
            ],
            [
                43.8,
                43.76
            ],
            [
                43.84,
                43.76
            ],
            [
                43.94,
                43.76
            ],
            [
                43.98,
                43.76
            ],
            [
                44.02,
                44.05
            ],
            [
                44.12,
                44.05
            ],
            [
                44.16,
                44.05
            ],
            [
                44.26,
                44.05
            ],
            [
                44.3,
                44.05
            ],
            [
                44.34,
                44.36
            ],
            [
                44.44,
                44.36
            ],
            [
                44.5,
                44.36
            ],
            [
                44.62,
                44.36
            ],
            [
                44.66,
                44.36
            ],
            [
                44.8,
                44.36
            ],
            [
                44.92,
                44.94
            ],
            [
                45.2,
                44.94
            ],
            [
                45.28,
                44.94
            ],
            [
                45.3,
                44.94
            ],
            [
                45.34,
                45.37
            ],
            [
                45.42,
                45.37
            ],
            [
                45.44,
                45.37
            ],
            [
                45.56,
                45.37
            ],
            [
                45.58,
                45.37
            ],
            [
                45.64,
                45.65
            ],
            [
                45.7,
                45.65
            ],
            [
                45.74,
                45.65
            ],
            [
                45.82,
                45.82
            ],
            [
                45.88,
                45.82
            ],
            [
                45.92,
                45.82
            ],
            [
                45.96,
                45.82
            ],
            [
                46.08,
                45.82
            ],
            [
                46.1,
                45.82
            ],
            [
                46.2,
                45.82
            ],
            [
                46.26,
                45.82
            ],
            [
                46.32,
                45.82
            ],
            [
                46.48,
                46.66
            ],
            [
                46.76,
                46.66
            ],
            [
                46.82,
                46.66
            ],
            [
                46.86,
                46.91
            ],
            [
                46.92,
                46.91
            ],
            [
                47.02,
                46.91
            ],
            [
                47.06,
                46.91
            ],
            [
                47.16,
                46.91
            ],
            [
                47.2,
                46.91
            ],
            [
                47.28,
                46.91
            ],
            [
                47.32,
                47.37
            ],
            [
                47.38,
                47.37
            ],
            [
                47.44,
                47.37
            ],
            [
                47.48,
                47.37
            ],
            [
                47.64,
                47.37
            ],
            [
                47.7,
                47.89
            ],
            [
                48.08,
                47.89
            ],
            [
                48.12,
                47.89
            ],
            [
                48.18,
                47.89
            ],
            [
                48.26,
                47.89
            ],
            [
                48.32,
                47.89
            ],
            [
                48.42,
                47.89
            ],
            [
                48.46,
                48.51
            ],
            [
                48.52,
                48.51
            ],
            [
                48.58,
                48.51
            ],
            [
                48.62,
                48.51
            ],
            [
                48.72,
                48.51
            ],
            [
                48.78,
                48.51
            ],
            [
                48.88,
                48.51
            ],
            [
                48.92,
                48.51
            ],
            [
                49.04,
                48.51
            ],
            [
                49.06,
                48.51
            ],
            [
                49.12,
                49.12
            ],
            [
                49.2,
                49.12
            ],
            [
                49.24,
                49.12
            ],
            [
                49.28,
                49.34
            ],
            [
                49.36,
                49.34
            ],
            [
                49.5,
                49.34
            ],
            [
                49.54,
                49.34
            ],
            [
                49.58,
                49.34
            ],
            [
                49.68,
                49.34
            ],
            [
                49.72,
                49.82
            ],
            [
                50.02,
                49.82
            ],
            [
                50.04,
                49.82
            ],
            [
                50.08,
                49.82
            ],
            [
                50.1,
                50.15
            ],
            [
                50.16,
                50.15
            ],
            [
                50.24,
                50.15
            ],
            [
                50.3,
                50.15
            ],
            [
                50.44,
                50.15
            ],
            [
                50.52,
                50.15
            ],
            [
                50.58,
                50.15
            ],
            [
                50.7,
                50.15
            ],
            [
                50.72,
                50.15
            ],
            [
                50.74,
                50.79
            ],
            [
                51.1,
                50.79
            ],
            [
                51.12,
                50.79
            ],
            [
                51.14,
                50.79
            ],
            [
                51.16,
                50.79
            ],
            [
                51.18,
                51.18
            ],
            [
                51.26,
                51.18
            ],
            [
                51.3,
                51.35
            ],
            [
                51.38,
                51.35
            ],
            [
                51.4,
                51.35
            ],
            [
                51.46,
                51.35
            ],
            [
                51.5,
                51.35
            ],
            [
                51.52,
                51.53
            ],
            [
                51.58,
                51.53
            ],
            [
                51.62,
                51.53
            ],
            [
                51.68,
                51.71
            ],
            [
                51.76,
                51.71
            ],
            [
                51.8,
                51.71
            ],
            [
                51.9,
                51.71
            ],
            [
                51.94,
                51.71
            ],
            [
                52.06,
                51.71
            ],
            [
                52.12,
                51.71
            ],
            [
                52.18,
                52.19
            ],
            [
                52.24,
                52.19
            ],
            [
                52.26,
                52.19
            ],
            [
                52.28,
                52.33
            ],
            [
                52.38,
                52.33
            ],
            [
                52.44,
                52.33
            ],
            [
                52.56,
                52.33
            ],
            [
                52.62,
                52.33
            ],
            [
                52.74,
                52.33
            ],
            [
                52.78,
                52.33
            ],
            [
                52.9,
                52.33
            ],
            [
                52.92,
                52.33
            ],
            [
                52.98,
                52.99
            ],
            [
                53.06,
                52.99
            ],
            [
                53.1,
                52.99
            ],
            [
                53.24,
                52.99
            ],
            [
                53.28,
                53.3
            ],
            [
                53.54,
                53.3
            ],
            [
                53.56,
                53.3
            ],
            [
                53.62,
                53.3
            ],
            [
                53.68,
                53.3
            ],
            [
                53.72,
                53.3
            ],
            [
                53.82,
                53.3
            ],
            [
                53.88,
                53.3
            ],
            [
                53.9,
                53.3
            ],
            [
                54.0,
                53.3
            ],
            [
                54.04,
                53.3
            ],
            [
                54.18,
                53.3
            ],
            [
                54.2,
                54.2
            ],
            [
                54.22,
                54.2
            ],
            [
                54.24,
                54.2
            ],
            [
                54.28,
                54.2
            ],
            [
                54.5,
                54.69
            ],
            [
                54.76,
                54.69
            ],
            [
                54.78,
                54.69
            ],
            [
                54.82,
                54.69
            ],
            [
                54.86,
                54.69
            ],
            [
                54.9,
                54.94
            ],
            [
                54.96,
                54.94
            ],
            [
                55.02,
                54.94
            ],
            [
                55.16,
                54.94
            ],
            [
                55.2,
                54.94
            ],
            [
                55.36,
                54.94
            ],
            [
                55.4,
                55.5
            ],
            [
                55.66,
                55.5
            ],
            [
                55.68,
                55.5
            ],
            [
                55.76,
                55.5
            ],
            [
                55.8,
                55.5
            ],
            [
                55.9,
                55.5
            ],
            [
                55.98,
                55.5
            ],
            [
                56.04,
                55.5
            ],
            [
                56.12,
                55.5
            ],
            [
                56.26,
                55.5
            ],
            [
                56.3,
                55.5
            ],
            [
                56.34,
                56.35
            ],
            [
                56.44,
                56.35
            ],
            [
                56.48,
                56.35
            ],
            [
                56.54,
                56.55
            ],
            [
                56.62,
                56.55
            ],
            [
                56.66,
                56.55
            ],
            [
                56.76,
                56.55
            ],
            [
                56.8,
                56.85
            ],
            [
                56.86,
                56.85
            ],
            [
                56.94,
                56.85
            ],
            [
                56.96,
                56.85
            ],
            [
                57.04,
                57.07
            ],
            [
                57.08,
                57.07
            ],
            [
                57.1,
                57.07
            ],
            [
                57.14,
                57.07
            ],
            [
                57.18,
                57.07
            ],
            [
                57.28,
                57.07
            ],
            [
                57.36,
                57.07
            ],
            [
                57.4,
                57.07
            ],
            [
                57.54,
                57.07
            ],
            [
                57.6,
                57.67
            ],
            [
                57.86,
                57.67
            ],
            [
                57.88,
                57.67
            ],
            [
                57.96,
                57.67
            ],
            [
                58.0,
                57.67
            ],
            [
                58.06,
                58.06
            ],
            [
                58.1,
                58.06
            ],
            [
                58.14,
                58.06
            ],
            [
                58.2,
                58.21
            ],
            [
                58.22,
                58.21
            ],
            [
                58.28,
                58.21
            ],
            [
                58.32,
                58.21
            ],
            [
                58.36,
                58.21
            ],
            [
                58.46,
                58.21
            ],
            [
                58.5,
                58.21
            ],
            [
                58.54,
                58.57
            ],
            [
                58.62,
                58.57
            ],
            [
                58.66,
                58.57
            ],
            [
                58.78,
                58.57
            ],
            [
                58.8,
                58.57
            ],
            [
                58.96,
                59.0
            ],
            [
                59.02,
                59.0
            ],
            [
                59.04,
                59.0
            ],
            [
                59.1,
                59.0
            ],
            [
                59.24,
                59.0
            ],
            [
                59.32,
                59.0
            ],
            [
                59.34,
                59.55
            ],
            [
                59.66,
                59.55
            ],
            [
                59.68,
                59.55
            ],
            [
                59.7,
                59.55
            ],
            [
                59.74,
                59.55
            ],
            [
                59.78,
                59.55
            ],
            [
                59.82,
                59.84
            ],
            [
                59.88,
                59.84
            ],
            [
                59.92,
                59.84
            ],
            [
                59.96,
                59.99
            ],
            [
                60.04,
                59.99
            ],
            [
                60.12,
                59.99
            ],
            [
                60.18,
                59.99
            ],
            [
                60.28,
                59.99
            ],
            [
                60.32,
                60.43
            ],
            [
                60.54,
                60.43
            ],
            [
                60.56,
                60.43
            ],
            [
                60.62,
                60.43
            ],
            [
                60.66,
                60.7
            ],
            [
                60.74,
                60.7
            ],
            [
                60.76,
                60.7
            ],
            [
                60.8,
                60.7
            ],
            [
                60.84,
                60.87
            ],
            [
                60.9,
                60.87
            ],
            [
                60.98,
                60.87
            ],
            [
                61.02,
                60.87
            ],
            [
                61.2,
                60.87
            ],
            [
                61.26,
                60.87
            ],
            [
                61.28,
                61.32
            ],
            [
                61.38,
                61.32
            ],
            [
                61.42,
                61.32
            ],
            [
                61.64,
                61.75
            ],
            [
                61.9,
                61.75
            ],
            [
                61.92,
                61.75
            ],
            [
                61.94,
                61.75
            ],
            [
                62.0,
                61.75
            ],
            [
                62.04,
                61.75
            ],
            [
                62.1,
                62.11
            ],
            [
                62.16,
                62.11
            ],
            [
                62.2,
                62.11
            ],
            [
                62.22,
                62.25
            ],
            [
                62.28,
                62.25
            ],
            [
                62.36,
                62.25
            ],
            [
                62.42,
                62.25
            ],
            [
                62.46,
                62.25
            ],
            [
                62.56,
                62.25
            ],
            [
                62.6,
                62.25
            ],
            [
                62.72,
                62.25
            ],
            [
                62.78,
                62.25
            ],
            [
                62.84,
                62.84
            ],
            [
                62.9,
                62.84
            ],
            [
                62.94,
                62.84
            ],
            [
                62.96,
                63.01
            ],
            [
                63.04,
                63.01
            ],
            [
                63.08,
                63.01
            ],
            [
                63.12,
                63.17
            ],
            [
                63.18,
                63.17
            ],
            [
                63.2,
                63.17
            ],
            [
                63.3,
                63.17
            ],
            [
                63.34,
                63.36
            ],
            [
                63.44,
                63.36
            ],
            [
                63.48,
                63.36
            ],
            [
                63.68,
                63.36
            ],
            [
                63.72,
                63.82
            ],
            [
                64.02,
                63.82
            ],
            [
                64.04,
                63.82
            ],
            [
                64.16,
                63.82
            ],
            [
                64.2,
                63.82
            ],
            [
                64.32,
                63.82
            ],
            [
                64.36,
                63.82
            ],
            [
                64.48,
                63.82
            ],
            [
                64.52,
                63.82
            ],
            [
                64.56,
                64.58
            ],
            [
                64.64,
                64.58
            ],
            [
                64.68,
                64.58
            ],
            [
                64.8,
                64.58
            ],
            [
                64.82,
                64.58
            ],
            [
                64.88,
                64.89
            ],
            [
                64.94,
                64.89
            ],
            [
                65.0,
                64.89
            ],
            [
                65.06,
                65.07
            ],
            [
                65.12,
                65.07
            ],
            [
                65.14,
                65.07
            ],
            [
                65.24,
                65.07
            ],
            [
                65.28,
                65.07
            ],
            [
                65.38,
                65.07
            ],
            [
                65.44,
                65.07
            ],
            [
                65.48,
                65.07
            ],
            [
                65.52,
                65.07
            ],
            [
                65.58,
                65.58
            ],
            [
                65.64,
                65.58
            ],
            [
                65.7,
                65.58
            ],
            [
                65.76,
                65.78
            ],
            [
                65.8,
                65.78
            ],
            [
                65.82,
                65.78
            ],
            [
                65.86,
                65.89
            ],
            [
                65.94,
                65.89
            ],
            [
                66.08,
                66.15
            ],
            [
                66.42,
                66.15
            ],
            [
                66.44,
                66.15
            ],
            [
                66.52,
                66.15
            ],
            [
                66.56,
                66.15
            ],
            [
                66.66,
                66.15
            ],
            [
                66.7,
                66.15
            ],
            [
                66.8,
                66.15
            ],
            [
                66.84,
                66.15
            ],
            [
                66.9,
                66.92
            ],
            [
                66.98,
                66.92
            ],
            [
                67.04,
                66.92
            ],
            [
                67.2,
                66.92
            ],
            [
                67.24,
                66.92
            ],
            [
                67.3,
                66.92
            ],
            [
                67.34,
                67.35
            ],
            [
                67.4,
                67.35
            ],
            [
                67.44,
                67.35
            ],
            [
                67.48,
                67.35
            ],
            [
                67.54,
                67.35
            ],
            [
                67.58,
                67.35
            ],
            [
                67.68,
                67.35
            ],
            [
                67.74,
                67.35
            ],
            [
                67.82,
                68.01
            ],
            [
                68.34,
                68.01
            ],
            [
                68.36,
                68.01
            ],
            [
                68.4,
                68.01
            ],
            [
                68.42,
                68.01
            ],
            [
                68.44,
                68.01
            ],
            [
                68.48,
                68.01
            ],
            [
                68.54,
                68.56
            ],
            [
                68.7,
                68.56
            ],
            [
                68.74,
                68.56
            ],
            [
                68.9,
                68.56
            ],
            [
                69.0,
                68.56
            ],
            [
                69.06,
                68.56
            ],
            [
                69.12,
                68.56
            ],
            [
                69.24,
                68.56
            ],
            [
                69.28,
                68.56
            ],
            [
                69.34,
                69.34
            ],
            [
                69.38,
                69.34
            ],
            [
                69.42,
                69.34
            ],
            [
                69.44,
                69.47
            ],
            [
                69.52,
                69.47
            ],
            [
                69.56,
                69.47
            ],
            [
                69.68,
                69.47
            ],
            [
                69.72,
                69.47
            ],
            [
                69.76,
                69.77
            ],
            [
                69.84,
                69.77
            ],
            [
                69.88,
                69.77
            ],
            [
                69.98,
                69.77
            ],
            [
                70.02,
                69.77
            ],
            [
                70.16,
                69.77
            ],
            [
                70.22,
                69.77
            ],
            [
                70.28,
                69.77
            ],
            [
                70.38,
                69.77
            ],
            [
                70.42,
                70.52
            ],
            [
                70.8,
                70.52
            ],
            [
                70.82,
                70.52
            ],
            [
                70.84,
                70.52
            ],
            [
                71.06,
                70.52
            ],
            [
                71.16,
                70.52
            ],
            [
                71.2,
                70.52
            ],
            [
                71.32,
                70.52
            ],
            [
                71.36,
                71.39
            ],
            [
                71.4,
                71.39
            ],
            [
                71.44,
                71.39
            ],
            [
                71.48,
                71.39
            ],
            [
                71.52,
                71.54
            ],
            [
                71.58,
                71.54
            ],
            [
                71.62,
                71.54
            ],
            [
                71.74,
                71.54
            ],
            [
                71.78,
                71.54
            ],
            [
                71.92,
                71.54
            ],
            [
                71.98,
                71.54
            ],
            [
                72.1,
                71.54
            ],
            [
                72.14,
                71.54
            ],
            [
                72.2,
                72.2
            ],
            [
                72.26,
                72.2
            ],
            [
                72.3,
                72.2
            ],
            [
                72.34,
                72.35
            ],
            [
                72.36,
                72.35
            ],
            [
                72.48,
                72.35
            ],
            [
                72.56,
                72.56
            ],
            [
                72.58,
                72.59
            ],
            [
                72.6,
                72.59
            ],
            [
                72.62,
                72.59
            ],
            [
                72.72,
                72.59
            ],
            [
                72.82,
                72.59
            ],
            [
                72.88,
                72.59
            ],
            [
                72.9,
                72.59
            ],
            [
                72.92,
                72.59
            ],
            [
                72.94,
                72.59
            ],
            [
                72.96,
                72.59
            ]
        ]
    }
]