[
    {
        "char_e": 11,
        "char_s": 2,
        "speaker": "Mići Princ",
        "text": "Dobar dan!",
        "time_e": 43.81,
        "time_s": 43.09620965614282,
        "words": [
            {
                "char_e": 7,
                "char_s": 2,
                "time_e": 43.38,
                "time_s": 43.09620965614282
            },
            {
                "char_e": 11,
                "char_s": 8,
                "time_e": 43.81,
                "time_s": 43.39
            }
        ],
        "chars": [
            {
                "char": "D",
                "char_s": 2,
                "char_e": 3,
                "time_s": 43.1,
                "time_e": 43.16
            },
            {
                "char": "o",
                "char_s": 3,
                "char_e": 4,
                "time_s": 43.16,
                "time_e": 43.24
            },
            {
                "char": "b",
                "char_s": 4,
                "char_e": 5,
                "time_s": 43.24,
                "time_e": 43.28
            },
            {
                "char": "a",
                "char_s": 5,
                "char_e": 6,
                "time_s": 43.28,
                "time_e": 43.32
            },
            {
                "char": "r",
                "char_s": 6,
                "char_e": 7,
                "time_s": 43.32,
                "time_e": 43.36
            },
            {
                "char": " ",
                "char_s": 7,
                "char_e": 8,
                "time_s": 43.36,
                "time_e": 43.38
            },
            {
                "char": "d",
                "char_s": 8,
                "char_e": 9,
                "time_s": 43.44,
                "time_e": 43.48
            },
            {
                "char": "a",
                "char_s": 9,
                "char_e": 10,
                "time_s": 43.48,
                "time_e": 43.7
            },
            {
                "char": "n",
                "char_s": 10,
                "char_e": 11,
                "time_s": 43.7,
                "time_e": 43.78
            },
            {
                "char": "!",
                "char_s": 11,
                "char_e": 12,
                "time_s": 43.78,
                "time_e": 43.8
            }
        ]
    },
    {
        "char_e": 22,
        "char_s": 15,
        "speaker": "Trgovac",
        "text": "Boh daj!",
        "time_e": 45.11,
        "time_s": 44.38,
        "words": [
            {
                "char_e": 18,
                "char_s": 15,
                "time_e": 44.67,
                "time_s": 44.38
            },
            {
                "char_e": 22,
                "char_s": 19,
                "time_e": 45.11,
                "time_s": 44.68
            }
        ],
        "chars": [
            {
                "char": "B",
                "char_s": 15,
                "char_e": 16,
                "time_s": 44.38,
                "time_e": 44.48
            },
            {
                "char": "o",
                "char_s": 16,
                "char_e": 17,
                "time_s": 44.48,
                "time_e": 44.66
            },
            {
                "char": "h",
                "char_s": 17,
                "char_e": 18,
                "time_s": 44.66,
                "time_e": 44.67
            },
            {
                "char": " ",
                "char_s": 18,
                "char_e": 19,
                "time_s": 44.7,
                "time_e": 44.72
            },
            {
                "char": "d",
                "char_s": 19,
                "char_e": 20,
                "time_s": 44.72,
                "time_e": 44.78
            },
            {
                "char": "a",
                "char_s": 20,
                "char_e": 21,
                "time_s": 44.78,
                "time_e": 44.98
            },
            {
                "char": "j",
                "char_s": 21,
                "char_e": 22,
                "time_s": 44.98,
                "time_e": 45.08
            },
            {
                "char": "!",
                "char_s": 22,
                "char_e": 23,
                "time_s": 45.08,
                "time_e": 45.1
            }
        ]
    },
    {
        "char_e": 138,
        "char_s": 24,
        "speaker": "Autor",
        "text": "Biv je to trgovac z onimi sakramenskimi tabletami za gasit žeju. Pogutneš jenu na šetimanu i ne bacelaš već za pit.",
        "time_e": 53.91,
        "time_s": 45.73,
        "words": [
            {
                "char_e": 27,
                "char_s": 24,
                "time_e": 46.01,
                "time_s": 45.73
            },
            {
                "char_e": 30,
                "char_s": 28,
                "time_e": 46.13,
                "time_s": 46.02
            },
            {
                "char_e": 33,
                "char_s": 31,
                "time_e": 46.31,
                "time_s": 46.14
            },
            {
                "char_e": 41,
                "char_s": 34,
                "time_e": 46.82,
                "time_s": 46.32
            },
            {
                "char_e": 43,
                "char_s": 42,
                "time_e": 46.97,
                "time_s": 46.83
            },
            {
                "char_e": 49,
                "char_s": 44,
                "time_e": 47.34,
                "time_s": 46.98
            },
            {
                "char_e": 63,
                "char_s": 50,
                "time_e": 48.32,
                "time_s": 47.35
            },
            {
                "char_e": 73,
                "char_s": 64,
                "time_e": 49.1,
                "time_s": 48.33
            },
            {
                "char_e": 76,
                "char_s": 74,
                "time_e": 49.51,
                "time_s": 49.32
            },
            {
                "char_e": 82,
                "char_s": 77,
                "time_e": 49.92,
                "time_s": 49.52
            },
            {
                "char_e": 87,
                "char_s": 83,
                "time_e": 50.44,
                "time_s": 49.93
            },
            {
                "char_e": 97,
                "char_s": 89,
                "time_e": 51.08,
                "time_s": 50.55
            },
            {
                "char_e": 102,
                "char_s": 98,
                "time_e": 51.38,
                "time_s": 51.09
            },
            {
                "char_e": 105,
                "char_s": 103,
                "time_e": 51.52,
                "time_s": 51.39
            },
            {
                "char_e": 114,
                "char_s": 106,
                "time_e": 52.34,
                "time_s": 51.53
            },
            {
                "char_e": 116,
                "char_s": 115,
                "time_e": 52.62,
                "time_s": 52.49
            },
            {
                "char_e": 119,
                "char_s": 117,
                "time_e": 52.74,
                "time_s": 52.63
            },
            {
                "char_e": 127,
                "char_s": 120,
                "time_e": 53.3,
                "time_s": 52.75
            },
            {
                "char_e": 131,
                "char_s": 128,
                "time_e": 53.44,
                "time_s": 53.31
            },
            {
                "char_e": 134,
                "char_s": 132,
                "time_e": 53.63,
                "time_s": 53.45
            },
            {
                "char_e": 138,
                "char_s": 135,
                "time_e": 53.91,
                "time_s": 53.64
            }
        ],
        "chars": [
            {
                "char": "B",
                "char_s": 24,
                "char_e": 25,
                "time_s": 45.73,
                "time_e": 45.85
            },
            {
                "char": "i",
                "char_s": 25,
                "char_e": 26,
                "time_s": 45.85,
                "time_e": 45.97
            },
            {
                "char": "v",
                "char_s": 26,
                "char_e": 27,
                "time_s": 45.97,
                "time_e": 46.01
            },
            {
                "char": " ",
                "char_s": 27,
                "char_e": 28,
                "time_s": 46.03,
                "time_e": 46.07
            },
            {
                "char": "j",
                "char_s": 28,
                "char_e": 29,
                "time_s": 46.07,
                "time_e": 46.09
            },
            {
                "char": "e",
                "char_s": 29,
                "char_e": 30,
                "time_s": 46.09,
                "time_e": 46.11
            },
            {
                "char": " ",
                "char_s": 30,
                "char_e": 31,
                "time_s": 46.11,
                "time_e": 46.13
            },
            {
                "char": "t",
                "char_s": 31,
                "char_e": 32,
                "time_s": 46.17,
                "time_e": 46.21
            },
            {
                "char": "o",
                "char_s": 32,
                "char_e": 33,
                "time_s": 46.21,
                "time_e": 46.27
            },
            {
                "char": " ",
                "char_s": 33,
                "char_e": 34,
                "time_s": 46.27,
                "time_e": 46.31
            },
            {
                "char": "t",
                "char_s": 34,
                "char_e": 35,
                "time_s": 46.37,
                "time_e": 46.43
            },
            {
                "char": "r",
                "char_s": 35,
                "char_e": 36,
                "time_s": 46.43,
                "time_e": 46.55
            },
            {
                "char": "g",
                "char_s": 36,
                "char_e": 37,
                "time_s": 46.55,
                "time_e": 46.59
            },
            {
                "char": "o",
                "char_s": 37,
                "char_e": 38,
                "time_s": 46.59,
                "time_e": 46.69
            },
            {
                "char": "v",
                "char_s": 38,
                "char_e": 39,
                "time_s": 46.69,
                "time_e": 46.71
            },
            {
                "char": "a",
                "char_s": 39,
                "char_e": 40,
                "time_s": 46.71,
                "time_e": 46.82
            },
            {
                "char": "c",
                "char_s": 40,
                "char_e": 41,
                "time_s": 46.83,
                "time_e": 46.87
            },
            {
                "char": " ",
                "char_s": 41,
                "char_e": 42,
                "time_s": 46.87,
                "time_e": 46.95
            },
            {
                "char": "z",
                "char_s": 42,
                "char_e": 43,
                "time_s": 46.95,
                "time_e": 46.97
            },
            {
                "char": " ",
                "char_s": 43,
                "char_e": 44,
                "time_s": 46.97,
                "time_e": 47.03
            },
            {
                "char": "o",
                "char_s": 44,
                "char_e": 45,
                "time_s": 47.03,
                "time_e": 47.11
            },
            {
                "char": "n",
                "char_s": 45,
                "char_e": 46,
                "time_s": 47.11,
                "time_e": 47.17
            },
            {
                "char": "i",
                "char_s": 46,
                "char_e": 47,
                "time_s": 47.17,
                "time_e": 47.23
            },
            {
                "char": "m",
                "char_s": 47,
                "char_e": 48,
                "time_s": 47.23,
                "time_e": 47.29
            },
            {
                "char": "i",
                "char_s": 48,
                "char_e": 49,
                "time_s": 47.29,
                "time_e": 47.33
            },
            {
                "char": " ",
                "char_s": 49,
                "char_e": 50,
                "time_s": 47.33,
                "time_e": 47.34
            },
            {
                "char": "s",
                "char_s": 50,
                "char_e": 51,
                "time_s": 47.45,
                "time_e": 47.51
            },
            {
                "char": "a",
                "char_s": 51,
                "char_e": 52,
                "time_s": 47.51,
                "time_e": 47.63
            },
            {
                "char": "k",
                "char_s": 52,
                "char_e": 53,
                "time_s": 47.63,
                "time_e": 47.69
            },
            {
                "char": "r",
                "char_s": 53,
                "char_e": 54,
                "time_s": 47.69,
                "time_e": 47.73
            },
            {
                "char": "a",
                "char_s": 54,
                "char_e": 55,
                "time_s": 47.73,
                "time_e": 47.81
            },
            {
                "char": "m",
                "char_s": 55,
                "char_e": 56,
                "time_s": 47.81,
                "time_e": 47.87
            },
            {
                "char": "e",
                "char_s": 56,
                "char_e": 57,
                "time_s": 47.87,
                "time_e": 47.95
            },
            {
                "char": "n",
                "char_s": 57,
                "char_e": 58,
                "time_s": 47.95,
                "time_e": 48.05
            },
            {
                "char": "s",
                "char_s": 58,
                "char_e": 59,
                "time_s": 48.05,
                "time_e": 48.11
            },
            {
                "char": "k",
                "char_s": 59,
                "char_e": 60,
                "time_s": 48.11,
                "time_e": 48.15
            },
            {
                "char": "i",
                "char_s": 60,
                "char_e": 61,
                "time_s": 48.15,
                "time_e": 48.21
            },
            {
                "char": "m",
                "char_s": 61,
                "char_e": 62,
                "time_s": 48.21,
                "time_e": 48.27
            },
            {
                "char": "i",
                "char_s": 62,
                "char_e": 63,
                "time_s": 48.27,
                "time_e": 48.29
            },
            {
                "char": " ",
                "char_s": 63,
                "char_e": 64,
                "time_s": 48.29,
                "time_e": 48.32
            },
            {
                "char": "t",
                "char_s": 64,
                "char_e": 65,
                "time_s": 48.39,
                "time_e": 48.43
            },
            {
                "char": "a",
                "char_s": 65,
                "char_e": 66,
                "time_s": 48.43,
                "time_e": 48.53
            },
            {
                "char": "b",
                "char_s": 66,
                "char_e": 67,
                "time_s": 48.53,
                "time_e": 48.57
            },
            {
                "char": "l",
                "char_s": 67,
                "char_e": 68,
                "time_s": 48.57,
                "time_e": 48.61
            },
            {
                "char": "e",
                "char_s": 68,
                "char_e": 69,
                "time_s": 48.61,
                "time_e": 48.79
            },
            {
                "char": "t",
                "char_s": 69,
                "char_e": 70,
                "time_s": 48.79,
                "time_e": 48.81
            },
            {
                "char": "a",
                "char_s": 70,
                "char_e": 71,
                "time_s": 48.81,
                "time_e": 48.93
            },
            {
                "char": "m",
                "char_s": 71,
                "char_e": 72,
                "time_s": 48.93,
                "time_e": 48.97
            },
            {
                "char": "i",
                "char_s": 72,
                "char_e": 73,
                "time_s": 48.97,
                "time_e": 49.1
            },
            {
                "char": " ",
                "char_s": 73,
                "char_e": 74,
                "time_s": 49.35,
                "time_e": 49.43
            },
            {
                "char": "z",
                "char_s": 74,
                "char_e": 75,
                "time_s": 49.43,
                "time_e": 49.47
            },
            {
                "char": "a",
                "char_s": 75,
                "char_e": 76,
                "time_s": 49.47,
                "time_e": 49.51
            },
            {
                "char": " ",
                "char_s": 76,
                "char_e": 77,
                "time_s": 49.51,
                "time_e": 49.57
            },
            {
                "char": "g",
                "char_s": 77,
                "char_e": 78,
                "time_s": 49.57,
                "time_e": 49.61
            },
            {
                "char": "a",
                "char_s": 78,
                "char_e": 79,
                "time_s": 49.61,
                "time_e": 49.73
            },
            {
                "char": "s",
                "char_s": 79,
                "char_e": 80,
                "time_s": 49.73,
                "time_e": 49.85
            },
            {
                "char": "i",
                "char_s": 80,
                "char_e": 81,
                "time_s": 49.85,
                "time_e": 49.91
            },
            {
                "char": "t",
                "char_s": 81,
                "char_e": 82,
                "time_s": 49.91,
                "time_e": 49.92
            },
            {
                "char": " ",
                "char_s": 82,
                "char_e": 83,
                "time_s": 50.21,
                "time_e": 50.23
            },
            {
                "char": "ž",
                "char_s": 83,
                "char_e": 84,
                "time_s": 50.23,
                "time_e": 50.25
            },
            {
                "char": "e",
                "char_s": 84,
                "char_e": 85,
                "time_s": 50.25,
                "time_e": 50.27
            },
            {
                "char": "j",
                "char_s": 85,
                "char_e": 86,
                "time_s": 50.27,
                "time_e": 50.29
            },
            {
                "char": "u",
                "char_s": 86,
                "char_e": 87,
                "time_s": 50.29,
                "time_e": 50.44
            },
            {
                "char": ".",
                "char_s": 87,
                "char_e": 88,
                "time_s": 50.51,
                "time_e": 50.53
            },
            {
                "char": " ",
                "char_s": 88,
                "char_e": 89,
                "time_s": 50.53,
                "time_e": 50.59
            },
            {
                "char": "P",
                "char_s": 89,
                "char_e": 90,
                "time_s": 50.59,
                "time_e": 50.63
            },
            {
                "char": "o",
                "char_s": 90,
                "char_e": 91,
                "time_s": 50.63,
                "time_e": 50.73
            },
            {
                "char": "g",
                "char_s": 91,
                "char_e": 92,
                "time_s": 50.73,
                "time_e": 50.77
            },
            {
                "char": "u",
                "char_s": 92,
                "char_e": 93,
                "time_s": 50.77,
                "time_e": 50.87
            },
            {
                "char": "t",
                "char_s": 93,
                "char_e": 94,
                "time_s": 50.87,
                "time_e": 50.91
            },
            {
                "char": "n",
                "char_s": 94,
                "char_e": 95,
                "time_s": 50.91,
                "time_e": 50.95
            },
            {
                "char": "e",
                "char_s": 95,
                "char_e": 96,
                "time_s": 50.95,
                "time_e": 51.05
            },
            {
                "char": "š",
                "char_s": 96,
                "char_e": 97,
                "time_s": 51.05,
                "time_e": 51.08
            },
            {
                "char": " ",
                "char_s": 97,
                "char_e": 98,
                "time_s": 51.09,
                "time_e": 51.15
            },
            {
                "char": "j",
                "char_s": 98,
                "char_e": 99,
                "time_s": 51.15,
                "time_e": 51.17
            },
            {
                "char": "e",
                "char_s": 99,
                "char_e": 100,
                "time_s": 51.17,
                "time_e": 51.27
            },
            {
                "char": "n",
                "char_s": 100,
                "char_e": 101,
                "time_s": 51.27,
                "time_e": 51.33
            },
            {
                "char": "u",
                "char_s": 101,
                "char_e": 102,
                "time_s": 51.33,
                "time_e": 51.38
            },
            {
                "char": " ",
                "char_s": 102,
                "char_e": 103,
                "time_s": 51.41,
                "time_e": 51.43
            },
            {
                "char": "n",
                "char_s": 103,
                "char_e": 104,
                "time_s": 51.43,
                "time_e": 51.47
            },
            {
                "char": "a",
                "char_s": 104,
                "char_e": 105,
                "time_s": 51.47,
                "time_e": 51.51
            },
            {
                "char": " ",
                "char_s": 105,
                "char_e": 106,
                "time_s": 51.51,
                "time_e": 51.52
            },
            {
                "char": "š",
                "char_s": 106,
                "char_e": 107,
                "time_s": 51.59,
                "time_e": 51.65
            },
            {
                "char": "e",
                "char_s": 107,
                "char_e": 108,
                "time_s": 51.65,
                "time_e": 51.75
            },
            {
                "char": "t",
                "char_s": 108,
                "char_e": 109,
                "time_s": 51.75,
                "time_e": 51.79
            },
            {
                "char": "i",
                "char_s": 109,
                "char_e": 110,
                "time_s": 51.79,
                "time_e": 51.91
            },
            {
                "char": "m",
                "char_s": 110,
                "char_e": 111,
                "time_s": 51.91,
                "time_e": 51.95
            },
            {
                "char": "a",
                "char_s": 111,
                "char_e": 112,
                "time_s": 51.95,
                "time_e": 52.11
            },
            {
                "char": "n",
                "char_s": 112,
                "char_e": 113,
                "time_s": 52.11,
                "time_e": 52.15
            },
            {
                "char": "u",
                "char_s": 113,
                "char_e": 114,
                "time_s": 52.15,
                "time_e": 52.34
            },
            {
                "char": " ",
                "char_s": 114,
                "char_e": 115,
                "time_s": 52.51,
                "time_e": 52.53
            },
            {
                "char": "i",
                "char_s": 115,
                "char_e": 116,
                "time_s": 52.53,
                "time_e": 52.55
            },
            {
                "char": " ",
                "char_s": 116,
                "char_e": 117,
                "time_s": 52.55,
                "time_e": 52.62
            },
            {
                "char": "n",
                "char_s": 117,
                "char_e": 118,
                "time_s": 52.65,
                "time_e": 52.71
            },
            {
                "char": "e",
                "char_s": 118,
                "char_e": 119,
                "time_s": 52.71,
                "time_e": 52.74
            },
            {
                "char": " ",
                "char_s": 119,
                "char_e": 120,
                "time_s": 52.75,
                "time_e": 52.81
            },
            {
                "char": "b",
                "char_s": 120,
                "char_e": 121,
                "time_s": 52.81,
                "time_e": 52.85
            },
            {
                "char": "a",
                "char_s": 121,
                "char_e": 122,
                "time_s": 52.85,
                "time_e": 52.95
            },
            {
                "char": "c",
                "char_s": 122,
                "char_e": 123,
                "time_s": 52.95,
                "time_e": 52.99
            },
            {
                "char": "e",
                "char_s": 123,
                "char_e": 124,
                "time_s": 52.99,
                "time_e": 53.09
            },
            {
                "char": "l",
                "char_s": 124,
                "char_e": 125,
                "time_s": 53.09,
                "time_e": 53.15
            },
            {
                "char": "a",
                "char_s": 125,
                "char_e": 126,
                "time_s": 53.15,
                "time_e": 53.25
            },
            {
                "char": "š",
                "char_s": 126,
                "char_e": 127,
                "time_s": 53.25,
                "time_e": 53.3
            },
            {
                "char": " ",
                "char_s": 127,
                "char_e": 128,
                "time_s": 53.31,
                "time_e": 53.33
            },
            {
                "char": "v",
                "char_s": 128,
                "char_e": 129,
                "time_s": 53.33,
                "time_e": 53.37
            },
            {
                "char": "e",
                "char_s": 129,
                "char_e": 130,
                "time_s": 53.37,
                "time_e": 53.44
            },
            {
                "char": "ć",
                "char_s": 130,
                "char_e": 131,
                "time_s": 53.45,
                "time_e": 53.49
            },
            {
                "char": " ",
                "char_s": 131,
                "char_e": 132,
                "time_s": 53.49,
                "time_e": 53.53
            },
            {
                "char": "z",
                "char_s": 132,
                "char_e": 133,
                "time_s": 53.53,
                "time_e": 53.57
            },
            {
                "char": "a",
                "char_s": 133,
                "char_e": 134,
                "time_s": 53.57,
                "time_e": 53.63
            },
            {
                "char": " ",
                "char_s": 134,
                "char_e": 135,
                "time_s": 53.69,
                "time_e": 53.71
            },
            {
                "char": "p",
                "char_s": 135,
                "char_e": 136,
                "time_s": 53.71,
                "time_e": 53.73
            },
            {
                "char": "i",
                "char_s": 136,
                "char_e": 137,
                "time_s": 53.73,
                "time_e": 53.83
            },
            {
                "char": "t",
                "char_s": 137,
                "char_e": 138,
                "time_s": 53.83,
                "time_e": 53.87
            },
            {
                "char": ".",
                "char_s": 138,
                "char_e": 139,
                "time_s": 53.87,
                "time_e": 53.89
            }
        ]
    },
    {
        "char_e": 157,
        "char_s": 142,
        "speaker": "Mići Princ",
        "text": "Zač to prodavaš?",
        "time_e": 55.27,
        "time_s": 54.09,
        "words": [
            {
                "char_e": 145,
                "char_s": 142,
                "time_e": 54.21,
                "time_s": 54.09
            },
            {
                "char_e": 148,
                "char_s": 146,
                "time_e": 54.47,
                "time_s": 54.37
            },
            {
                "char_e": 157,
                "char_s": 149,
                "time_e": 55.27,
                "time_s": 54.48
            }
        ],
        "chars": [
            {
                "char": "Z",
                "char_s": 142,
                "char_e": 143,
                "time_s": 54.09,
                "time_e": 54.17
            },
            {
                "char": "a",
                "char_s": 143,
                "char_e": 144,
                "time_s": 54.17,
                "time_e": 54.21
            },
            {
                "char": "č",
                "char_s": 144,
                "char_e": 145,
                "time_s": 54.33,
                "time_e": 54.35
            },
            {
                "char": " ",
                "char_s": 145,
                "char_e": 146,
                "time_s": 54.35,
                "time_e": 54.37
            },
            {
                "char": "t",
                "char_s": 146,
                "char_e": 147,
                "time_s": 54.37,
                "time_e": 54.39
            },
            {
                "char": "o",
                "char_s": 147,
                "char_e": 148,
                "time_s": 54.39,
                "time_e": 54.45
            },
            {
                "char": " ",
                "char_s": 148,
                "char_e": 149,
                "time_s": 54.45,
                "time_e": 54.47
            },
            {
                "char": "p",
                "char_s": 149,
                "char_e": 150,
                "time_s": 54.53,
                "time_e": 54.57
            },
            {
                "char": "r",
                "char_s": 150,
                "char_e": 151,
                "time_s": 54.57,
                "time_e": 54.61
            },
            {
                "char": "o",
                "char_s": 151,
                "char_e": 152,
                "time_s": 54.61,
                "time_e": 54.71
            },
            {
                "char": "d",
                "char_s": 152,
                "char_e": 153,
                "time_s": 54.71,
                "time_e": 54.75
            },
            {
                "char": "a",
                "char_s": 153,
                "char_e": 154,
                "time_s": 54.75,
                "time_e": 54.91
            },
            {
                "char": "v",
                "char_s": 154,
                "char_e": 155,
                "time_s": 54.91,
                "time_e": 54.93
            },
            {
                "char": "a",
                "char_s": 155,
                "char_e": 156,
                "time_s": 54.93,
                "time_e": 55.13
            },
            {
                "char": "š",
                "char_s": 156,
                "char_e": 157,
                "time_s": 55.13,
                "time_e": 55.23
            },
            {
                "char": "?",
                "char_s": 157,
                "char_e": 158,
                "time_s": 55.23,
                "time_e": 55.25
            }
        ]
    },
    {
        "char_e": 259,
        "char_s": 161,
        "speaker": "Trgovac",
        "text": "Tako altroke zašparaš vreme. Stručnjaki su to zračunali. Zašparaš pedeset i tri minute na šetemanu.",
        "time_e": 62.67,
        "time_s": 55.89,
        "words": [
            {
                "char_e": 165,
                "char_s": 161,
                "time_e": 56.22,
                "time_s": 55.89
            },
            {
                "char_e": 173,
                "char_s": 166,
                "time_e": 56.75,
                "time_s": 56.23
            },
            {
                "char_e": 182,
                "char_s": 174,
                "time_e": 57.33,
                "time_s": 56.76
            },
            {
                "char_e": 188,
                "char_s": 183,
                "time_e": 57.83,
                "time_s": 57.34
            },
            {
                "char_e": 200,
                "char_s": 190,
                "time_e": 58.48,
                "time_s": 57.87
            },
            {
                "char_e": 203,
                "char_s": 201,
                "time_e": 58.63,
                "time_s": 58.49
            },
            {
                "char_e": 206,
                "char_s": 204,
                "time_e": 58.78,
                "time_s": 58.64
            },
            {
                "char_e": 216,
                "char_s": 207,
                "time_e": 59.44,
                "time_s": 58.79
            },
            {
                "char_e": 226,
                "char_s": 218,
                "time_e": 60.2,
                "time_s": 59.57
            },
            {
                "char_e": 234,
                "char_s": 227,
                "time_e": 60.71,
                "time_s": 60.21
            },
            {
                "char_e": 236,
                "char_s": 235,
                "time_e": 60.81,
                "time_s": 60.72
            },
            {
                "char_e": 240,
                "char_s": 237,
                "time_e": 60.98,
                "time_s": 60.82
            },
            {
                "char_e": 247,
                "char_s": 241,
                "time_e": 61.46,
                "time_s": 60.99
            },
            {
                "char_e": 250,
                "char_s": 248,
                "time_e": 61.9,
                "time_s": 61.62
            },
            {
                "char_e": 259,
                "char_s": 251,
                "time_e": 62.67,
                "time_s": 61.91
            }
        ],
        "chars": [
            {
                "char": "T",
                "char_s": 161,
                "char_e": 162,
                "time_s": 55.89,
                "time_e": 55.99
            },
            {
                "char": "a",
                "char_s": 162,
                "char_e": 163,
                "time_s": 55.99,
                "time_e": 56.13
            },
            {
                "char": "k",
                "char_s": 163,
                "char_e": 164,
                "time_s": 56.13,
                "time_e": 56.17
            },
            {
                "char": "o",
                "char_s": 164,
                "char_e": 165,
                "time_s": 56.17,
                "time_e": 56.22
            },
            {
                "char": " ",
                "char_s": 165,
                "char_e": 166,
                "time_s": 56.23,
                "time_e": 56.27
            },
            {
                "char": "a",
                "char_s": 166,
                "char_e": 167,
                "time_s": 56.27,
                "time_e": 56.33
            },
            {
                "char": "l",
                "char_s": 167,
                "char_e": 168,
                "time_s": 56.33,
                "time_e": 56.43
            },
            {
                "char": "t",
                "char_s": 168,
                "char_e": 169,
                "time_s": 56.43,
                "time_e": 56.47
            },
            {
                "char": "r",
                "char_s": 169,
                "char_e": 170,
                "time_s": 56.47,
                "time_e": 56.49
            },
            {
                "char": "o",
                "char_s": 170,
                "char_e": 171,
                "time_s": 56.49,
                "time_e": 56.61
            },
            {
                "char": "k",
                "char_s": 171,
                "char_e": 172,
                "time_s": 56.61,
                "time_e": 56.67
            },
            {
                "char": "e",
                "char_s": 172,
                "char_e": 173,
                "time_s": 56.67,
                "time_e": 56.75
            },
            {
                "char": " ",
                "char_s": 173,
                "char_e": 174,
                "time_s": 56.77,
                "time_e": 56.79
            },
            {
                "char": "z",
                "char_s": 174,
                "char_e": 175,
                "time_s": 56.79,
                "time_e": 56.81
            },
            {
                "char": "a",
                "char_s": 175,
                "char_e": 176,
                "time_s": 56.81,
                "time_e": 56.89
            },
            {
                "char": "š",
                "char_s": 176,
                "char_e": 177,
                "time_s": 56.89,
                "time_e": 56.99
            },
            {
                "char": "p",
                "char_s": 177,
                "char_e": 178,
                "time_s": 56.99,
                "time_e": 57.03
            },
            {
                "char": "a",
                "char_s": 178,
                "char_e": 179,
                "time_s": 57.03,
                "time_e": 57.11
            },
            {
                "char": "r",
                "char_s": 179,
                "char_e": 180,
                "time_s": 57.11,
                "time_e": 57.17
            },
            {
                "char": "a",
                "char_s": 180,
                "char_e": 181,
                "time_s": 57.17,
                "time_e": 57.27
            },
            {
                "char": "š",
                "char_s": 181,
                "char_e": 182,
                "time_s": 57.27,
                "time_e": 57.31
            },
            {
                "char": " ",
                "char_s": 182,
                "char_e": 183,
                "time_s": 57.31,
                "time_e": 57.33
            },
            {
                "char": "v",
                "char_s": 183,
                "char_e": 184,
                "time_s": 57.39,
                "time_e": 57.41
            },
            {
                "char": "r",
                "char_s": 184,
                "char_e": 185,
                "time_s": 57.41,
                "time_e": 57.51
            },
            {
                "char": "e",
                "char_s": 185,
                "char_e": 186,
                "time_s": 57.51,
                "time_e": 57.65
            },
            {
                "char": "m",
                "char_s": 186,
                "char_e": 187,
                "time_s": 57.65,
                "time_e": 57.69
            },
            {
                "char": "e",
                "char_s": 187,
                "char_e": 188,
                "time_s": 57.69,
                "time_e": 57.83
            },
            {
                "char": ".",
                "char_s": 188,
                "char_e": 189,
                "time_s": 57.89,
                "time_e": 57.91
            },
            {
                "char": " ",
                "char_s": 189,
                "char_e": 190,
                "time_s": 57.91,
                "time_e": 57.95
            },
            {
                "char": "S",
                "char_s": 190,
                "char_e": 191,
                "time_s": 57.95,
                "time_e": 58.01
            },
            {
                "char": "t",
                "char_s": 191,
                "char_e": 192,
                "time_s": 58.01,
                "time_e": 58.05
            },
            {
                "char": "r",
                "char_s": 192,
                "char_e": 193,
                "time_s": 58.05,
                "time_e": 58.09
            },
            {
                "char": "u",
                "char_s": 193,
                "char_e": 194,
                "time_s": 58.09,
                "time_e": 58.19
            },
            {
                "char": "č",
                "char_s": 194,
                "char_e": 195,
                "time_s": 58.19,
                "time_e": 58.23
            },
            {
                "char": "n",
                "char_s": 195,
                "char_e": 196,
                "time_s": 58.23,
                "time_e": 58.25
            },
            {
                "char": "j",
                "char_s": 196,
                "char_e": 197,
                "time_s": 58.25,
                "time_e": 58.29
            },
            {
                "char": "a",
                "char_s": 197,
                "char_e": 198,
                "time_s": 58.29,
                "time_e": 58.37
            },
            {
                "char": "k",
                "char_s": 198,
                "char_e": 199,
                "time_s": 58.37,
                "time_e": 58.43
            },
            {
                "char": "i",
                "char_s": 199,
                "char_e": 200,
                "time_s": 58.43,
                "time_e": 58.47
            },
            {
                "char": " ",
                "char_s": 200,
                "char_e": 201,
                "time_s": 58.47,
                "time_e": 58.48
            },
            {
                "char": "s",
                "char_s": 201,
                "char_e": 202,
                "time_s": 58.51,
                "time_e": 58.55
            },
            {
                "char": "u",
                "char_s": 202,
                "char_e": 203,
                "time_s": 58.55,
                "time_e": 58.59
            },
            {
                "char": " ",
                "char_s": 203,
                "char_e": 204,
                "time_s": 58.59,
                "time_e": 58.63
            },
            {
                "char": "t",
                "char_s": 204,
                "char_e": 205,
                "time_s": 58.67,
                "time_e": 58.69
            },
            {
                "char": "o",
                "char_s": 205,
                "char_e": 206,
                "time_s": 58.69,
                "time_e": 58.75
            },
            {
                "char": " ",
                "char_s": 206,
                "char_e": 207,
                "time_s": 58.75,
                "time_e": 58.78
            },
            {
                "char": "z",
                "char_s": 207,
                "char_e": 208,
                "time_s": 58.81,
                "time_e": 58.87
            },
            {
                "char": "r",
                "char_s": 208,
                "char_e": 209,
                "time_s": 58.87,
                "time_e": 58.89
            },
            {
                "char": "a",
                "char_s": 209,
                "char_e": 210,
                "time_s": 58.89,
                "time_e": 58.99
            },
            {
                "char": "č",
                "char_s": 210,
                "char_e": 211,
                "time_s": 58.99,
                "time_e": 59.05
            },
            {
                "char": "u",
                "char_s": 211,
                "char_e": 212,
                "time_s": 59.05,
                "time_e": 59.13
            },
            {
                "char": "n",
                "char_s": 212,
                "char_e": 213,
                "time_s": 59.13,
                "time_e": 59.19
            },
            {
                "char": "a",
                "char_s": 213,
                "char_e": 214,
                "time_s": 59.19,
                "time_e": 59.29
            },
            {
                "char": "l",
                "char_s": 214,
                "char_e": 215,
                "time_s": 59.29,
                "time_e": 59.33
            },
            {
                "char": "i",
                "char_s": 215,
                "char_e": 216,
                "time_s": 59.33,
                "time_e": 59.44
            },
            {
                "char": ".",
                "char_s": 216,
                "char_e": 217,
                "time_s": 59.57,
                "time_e": 59.59
            },
            {
                "char": " ",
                "char_s": 217,
                "char_e": 218,
                "time_s": 59.59,
                "time_e": 59.65
            },
            {
                "char": "Z",
                "char_s": 218,
                "char_e": 219,
                "time_s": 59.65,
                "time_e": 59.69
            },
            {
                "char": "a",
                "char_s": 219,
                "char_e": 220,
                "time_s": 59.69,
                "time_e": 59.81
            },
            {
                "char": "š",
                "char_s": 220,
                "char_e": 221,
                "time_s": 59.81,
                "time_e": 59.91
            },
            {
                "char": "p",
                "char_s": 221,
                "char_e": 222,
                "time_s": 59.91,
                "time_e": 59.95
            },
            {
                "char": "a",
                "char_s": 222,
                "char_e": 223,
                "time_s": 59.95,
                "time_e": 60.05
            },
            {
                "char": "r",
                "char_s": 223,
                "char_e": 224,
                "time_s": 60.05,
                "time_e": 60.09
            },
            {
                "char": "a",
                "char_s": 224,
                "char_e": 225,
                "time_s": 60.09,
                "time_e": 60.17
            },
            {
                "char": "š",
                "char_s": 225,
                "char_e": 226,
                "time_s": 60.17,
                "time_e": 60.19
            },
            {
                "char": " ",
                "char_s": 226,
                "char_e": 227,
                "time_s": 60.19,
                "time_e": 60.2
            },
            {
                "char": "p",
                "char_s": 227,
                "char_e": 228,
                "time_s": 60.27,
                "time_e": 60.71
            },
            {
                "char": "e",
                "char_s": 228,
                "char_e": 229,
                "time_s": 60.75,
                "time_e": 60.77
            },
            {
                "char": "d",
                "char_s": 229,
                "char_e": 230,
                "time_s": 60.77,
                "time_e": 60.79
            },
            {
                "char": "e",
                "char_s": 230,
                "char_e": 231,
                "time_s": 60.79,
                "time_e": 60.81
            },
            {
                "char": "s",
                "char_s": 231,
                "char_e": 232,
                "time_s": 60.81,
                "time_e": 60.83
            },
            {
                "char": "e",
                "char_s": 232,
                "char_e": 233,
                "time_s": 60.83,
                "time_e": 60.85
            },
            {
                "char": "t",
                "char_s": 233,
                "char_e": 234,
                "time_s": 60.85,
                "time_e": 60.87
            },
            {
                "char": " ",
                "char_s": 234,
                "char_e": 235,
                "time_s": 60.87,
                "time_e": 60.89
            },
            {
                "char": "i",
                "char_s": 235,
                "char_e": 236,
                "time_s": 60.89,
                "time_e": 60.91
            },
            {
                "char": " ",
                "char_s": 236,
                "char_e": 237,
                "time_s": 60.91,
                "time_e": 60.93
            },
            {
                "char": "t",
                "char_s": 237,
                "char_e": 238,
                "time_s": 60.93,
                "time_e": 60.95
            },
            {
                "char": "r",
                "char_s": 238,
                "char_e": 239,
                "time_s": 60.95,
                "time_e": 60.97
            },
            {
                "char": "i",
                "char_s": 239,
                "char_e": 240,
                "time_s": 60.97,
                "time_e": 60.98
            },
            {
                "char": " ",
                "char_s": 240,
                "char_e": 241,
                "time_s": 60.99,
                "time_e": 61.03
            },
            {
                "char": "m",
                "char_s": 241,
                "char_e": 242,
                "time_s": 61.03,
                "time_e": 61.05
            },
            {
                "char": "i",
                "char_s": 242,
                "char_e": 243,
                "time_s": 61.05,
                "time_e": 61.13
            },
            {
                "char": "n",
                "char_s": 243,
                "char_e": 244,
                "time_s": 61.13,
                "time_e": 61.17
            },
            {
                "char": "u",
                "char_s": 244,
                "char_e": 245,
                "time_s": 61.17,
                "time_e": 61.29
            },
            {
                "char": "t",
                "char_s": 245,
                "char_e": 246,
                "time_s": 61.29,
                "time_e": 61.33
            },
            {
                "char": "e",
                "char_s": 246,
                "char_e": 247,
                "time_s": 61.33,
                "time_e": 61.46
            },
            {
                "char": " ",
                "char_s": 247,
                "char_e": 248,
                "time_s": 61.67,
                "time_e": 61.81
            },
            {
                "char": "n",
                "char_s": 248,
                "char_e": 249,
                "time_s": 61.81,
                "time_e": 61.85
            },
            {
                "char": "a",
                "char_s": 249,
                "char_e": 250,
                "time_s": 61.85,
                "time_e": 61.9
            },
            {
                "char": " ",
                "char_s": 250,
                "char_e": 251,
                "time_s": 62.13,
                "time_e": 62.15
            },
            {
                "char": "š",
                "char_s": 251,
                "char_e": 252,
                "time_s": 62.15,
                "time_e": 62.17
            },
            {
                "char": "e",
                "char_s": 252,
                "char_e": 253,
                "time_s": 62.17,
                "time_e": 62.27
            },
            {
                "char": "t",
                "char_s": 253,
                "char_e": 254,
                "time_s": 62.27,
                "time_e": 62.29
            },
            {
                "char": "e",
                "char_s": 254,
                "char_e": 255,
                "time_s": 62.29,
                "time_e": 62.31
            },
            {
                "char": "m",
                "char_s": 255,
                "char_e": 256,
                "time_s": 62.31,
                "time_e": 62.33
            },
            {
                "char": "a",
                "char_s": 256,
                "char_e": 257,
                "time_s": 62.33,
                "time_e": 62.51
            },
            {
                "char": "n",
                "char_s": 257,
                "char_e": 258,
                "time_s": 62.51,
                "time_e": 62.57
            },
            {
                "char": "u",
                "char_s": 258,
                "char_e": 259,
                "time_s": 62.57,
                "time_e": 62.63
            },
            {
                "char": ".",
                "char_s": 259,
                "char_e": 260,
                "time_s": 62.63,
                "time_e": 62.65
            }
        ]
    },
    {
        "char_e": 300,
        "char_s": 263,
        "speaker": "Mići Princ",
        "text": "I ča dilaš s tih pedeset i tri minute?",
        "time_e": 65.06,
        "time_s": 62.72,
        "words": [
            {
                "char_e": 264,
                "char_s": 263,
                "time_e": 62.86,
                "time_s": 62.72
            },
            {
                "char_e": 267,
                "char_s": 265,
                "time_e": 63.01,
                "time_s": 62.87
            },
            {
                "char_e": 273,
                "char_s": 268,
                "time_e": 63.44,
                "time_s": 63.15
            },
            {
                "char_e": 275,
                "char_s": 274,
                "time_e": 63.52,
                "time_s": 63.45
            },
            {
                "char_e": 279,
                "char_s": 276,
                "time_e": 63.71,
                "time_s": 63.53
            },
            {
                "char_e": 287,
                "char_s": 280,
                "time_e": 64.24,
                "time_s": 63.72
            },
            {
                "char_e": 289,
                "char_s": 288,
                "time_e": 64.31,
                "time_s": 64.25
            },
            {
                "char_e": 293,
                "char_s": 290,
                "time_e": 64.52,
                "time_s": 64.32
            },
            {
                "char_e": 300,
                "char_s": 294,
                "time_e": 65.06,
                "time_s": 64.53
            }
        ],
        "chars": [
            {
                "char": "I",
                "char_s": 263,
                "char_e": 264,
                "time_s": 62.72,
                "time_e": 62.8
            },
            {
                "char": " ",
                "char_s": 264,
                "char_e": 265,
                "time_s": 62.8,
                "time_e": 62.86
            },
            {
                "char": "č",
                "char_s": 265,
                "char_e": 266,
                "time_s": 62.98,
                "time_e": 63.01
            },
            {
                "char": "a",
                "char_s": 266,
                "char_e": 267,
                "time_s": 63.04,
                "time_e": 63.16
            },
            {
                "char": " ",
                "char_s": 267,
                "char_e": 268,
                "time_s": 63.16,
                "time_e": 63.18
            },
            {
                "char": "d",
                "char_s": 268,
                "char_e": 269,
                "time_s": 63.18,
                "time_e": 63.22
            },
            {
                "char": "i",
                "char_s": 269,
                "char_e": 270,
                "time_s": 63.22,
                "time_e": 63.32
            },
            {
                "char": "l",
                "char_s": 270,
                "char_e": 271,
                "time_s": 63.32,
                "time_e": 63.36
            },
            {
                "char": "a",
                "char_s": 271,
                "char_e": 272,
                "time_s": 63.36,
                "time_e": 63.44
            },
            {
                "char": "š",
                "char_s": 272,
                "char_e": 273,
                "time_s": 63.46,
                "time_e": 63.5
            },
            {
                "char": " ",
                "char_s": 273,
                "char_e": 274,
                "time_s": 63.5,
                "time_e": 63.52
            },
            {
                "char": "s",
                "char_s": 274,
                "char_e": 275,
                "time_s": 63.52,
                "time_e": 63.54
            },
            {
                "char": " ",
                "char_s": 275,
                "char_e": 276,
                "time_s": 63.54,
                "time_e": 63.56
            },
            {
                "char": "t",
                "char_s": 276,
                "char_e": 277,
                "time_s": 63.56,
                "time_e": 63.62
            },
            {
                "char": "i",
                "char_s": 277,
                "char_e": 278,
                "time_s": 63.62,
                "time_e": 63.68
            },
            {
                "char": "h",
                "char_s": 278,
                "char_e": 279,
                "time_s": 63.68,
                "time_e": 63.7
            },
            {
                "char": " ",
                "char_s": 279,
                "char_e": 280,
                "time_s": 63.7,
                "time_e": 63.71
            },
            {
                "char": "p",
                "char_s": 280,
                "char_e": 281,
                "time_s": 63.78,
                "time_e": 64.24
            },
            {
                "char": "e",
                "char_s": 281,
                "char_e": 282,
                "time_s": 64.28,
                "time_e": 64.3
            },
            {
                "char": "d",
                "char_s": 282,
                "char_e": 283,
                "time_s": 64.3,
                "time_e": 64.31
            },
            {
                "char": "e",
                "char_s": 283,
                "char_e": 284,
                "time_s": 64.32,
                "time_e": 64.34
            },
            {
                "char": "s",
                "char_s": 284,
                "char_e": 285,
                "time_s": 64.34,
                "time_e": 64.36
            },
            {
                "char": "e",
                "char_s": 285,
                "char_e": 286,
                "time_s": 64.36,
                "time_e": 64.38
            },
            {
                "char": "t",
                "char_s": 286,
                "char_e": 287,
                "time_s": 64.38,
                "time_e": 64.4
            },
            {
                "char": " ",
                "char_s": 287,
                "char_e": 288,
                "time_s": 64.4,
                "time_e": 64.42
            },
            {
                "char": "i",
                "char_s": 288,
                "char_e": 289,
                "time_s": 64.42,
                "time_e": 64.44
            },
            {
                "char": " ",
                "char_s": 289,
                "char_e": 290,
                "time_s": 64.44,
                "time_e": 64.46
            },
            {
                "char": "t",
                "char_s": 290,
                "char_e": 291,
                "time_s": 64.46,
                "time_e": 64.48
            },
            {
                "char": "r",
                "char_s": 291,
                "char_e": 292,
                "time_s": 64.48,
                "time_e": 64.5
            },
            {
                "char": "i",
                "char_s": 292,
                "char_e": 293,
                "time_s": 64.5,
                "time_e": 64.52
            },
            {
                "char": " ",
                "char_s": 293,
                "char_e": 294,
                "time_s": 64.52,
                "time_e": 64.56
            },
            {
                "char": "m",
                "char_s": 294,
                "char_e": 295,
                "time_s": 64.56,
                "time_e": 64.6
            },
            {
                "char": "i",
                "char_s": 295,
                "char_e": 296,
                "time_s": 64.6,
                "time_e": 64.68
            },
            {
                "char": "n",
                "char_s": 296,
                "char_e": 297,
                "time_s": 64.68,
                "time_e": 64.72
            },
            {
                "char": "u",
                "char_s": 297,
                "char_e": 298,
                "time_s": 64.72,
                "time_e": 64.9
            },
            {
                "char": "t",
                "char_s": 298,
                "char_e": 299,
                "time_s": 64.9,
                "time_e": 64.92
            },
            {
                "char": "e",
                "char_s": 299,
                "char_e": 300,
                "time_s": 64.92,
                "time_e": 65.02
            },
            {
                "char": "?",
                "char_s": 300,
                "char_e": 301,
                "time_s": 65.02,
                "time_e": 65.04
            }
        ]
    },
    {
        "char_e": 327,
        "char_s": 304,
        "speaker": "Trgovac",
        "text": "Delaš ča god te je voja.",
        "time_e": 67.31,
        "time_s": 65.13,
        "words": [
            {
                "char_e": 309,
                "char_s": 304,
                "time_e": 65.68,
                "time_s": 65.13
            },
            {
                "char_e": 312,
                "char_s": 310,
                "time_e": 65.9,
                "time_s": 65.69
            },
            {
                "char_e": 316,
                "char_s": 313,
                "time_e": 66.32,
                "time_s": 65.91
            },
            {
                "char_e": 319,
                "char_s": 317,
                "time_e": 66.56,
                "time_s": 66.36
            },
            {
                "char_e": 322,
                "char_s": 320,
                "time_e": 66.75,
                "time_s": 66.57
            },
            {
                "char_e": 327,
                "char_s": 323,
                "time_e": 67.31,
                "time_s": 66.76
            }
        ],
        "chars": [
            {
                "char": "D",
                "char_s": 304,
                "char_e": 305,
                "time_s": 65.13,
                "time_e": 65.39
            },
            {
                "char": "e",
                "char_s": 305,
                "char_e": 306,
                "time_s": 65.39,
                "time_e": 65.47
            },
            {
                "char": "l",
                "char_s": 306,
                "char_e": 307,
                "time_s": 65.47,
                "time_e": 65.51
            },
            {
                "char": "a",
                "char_s": 307,
                "char_e": 308,
                "time_s": 65.51,
                "time_e": 65.65
            },
            {
                "char": "š",
                "char_s": 308,
                "char_e": 309,
                "time_s": 65.65,
                "time_e": 65.68
            },
            {
                "char": " ",
                "char_s": 309,
                "char_e": 310,
                "time_s": 65.79,
                "time_e": 65.81
            },
            {
                "char": "č",
                "char_s": 310,
                "char_e": 311,
                "time_s": 65.81,
                "time_e": 65.83
            },
            {
                "char": "a",
                "char_s": 311,
                "char_e": 312,
                "time_s": 65.83,
                "time_e": 65.9
            },
            {
                "char": " ",
                "char_s": 312,
                "char_e": 313,
                "time_s": 65.91,
                "time_e": 66.05
            },
            {
                "char": "g",
                "char_s": 313,
                "char_e": 314,
                "time_s": 66.05,
                "time_e": 66.11
            },
            {
                "char": "o",
                "char_s": 314,
                "char_e": 315,
                "time_s": 66.11,
                "time_e": 66.32
            },
            {
                "char": "d",
                "char_s": 315,
                "char_e": 316,
                "time_s": 66.37,
                "time_e": 66.39
            },
            {
                "char": " ",
                "char_s": 316,
                "char_e": 317,
                "time_s": 66.39,
                "time_e": 66.41
            },
            {
                "char": "t",
                "char_s": 317,
                "char_e": 318,
                "time_s": 66.41,
                "time_e": 66.43
            },
            {
                "char": "e",
                "char_s": 318,
                "char_e": 319,
                "time_s": 66.43,
                "time_e": 66.56
            },
            {
                "char": " ",
                "char_s": 319,
                "char_e": 320,
                "time_s": 66.57,
                "time_e": 66.59
            },
            {
                "char": "j",
                "char_s": 320,
                "char_e": 321,
                "time_s": 66.59,
                "time_e": 66.63
            },
            {
                "char": "e",
                "char_s": 321,
                "char_e": 322,
                "time_s": 66.63,
                "time_e": 66.75
            },
            {
                "char": " ",
                "char_s": 322,
                "char_e": 323,
                "time_s": 66.75,
                "time_e": 66.93
            },
            {
                "char": "v",
                "char_s": 323,
                "char_e": 324,
                "time_s": 66.93,
                "time_e": 66.97
            },
            {
                "char": "o",
                "char_s": 324,
                "char_e": 325,
                "time_s": 66.97,
                "time_e": 67.11
            },
            {
                "char": "j",
                "char_s": 325,
                "char_e": 326,
                "time_s": 67.11,
                "time_e": 67.13
            },
            {
                "char": "a",
                "char_s": 326,
                "char_e": 327,
                "time_s": 67.13,
                "time_e": 67.27
            },
            {
                "char": ".",
                "char_s": 327,
                "char_e": 328,
                "time_s": 67.27,
                "time_e": 67.29
            }
        ]
    },
    {
        "char_e": 427,
        "char_s": 330,
        "speaker": "Mići Princ",
        "text": "Kada bin ja imev pedeset i tri minute slobodniga vrimena, šav bin skrozi pomalo do kakoviga zvira.“",
        "time_e": 75.1267258816287,
        "time_s": 67.93,
        "words": [
            {
                "char_e": 334,
                "char_s": 330,
                "time_e": 68.13,
                "time_s": 67.93
            },
            {
                "char_e": 338,
                "char_s": 335,
                "time_e": 68.33,
                "time_s": 68.14
            },
            {
                "char_e": 341,
                "char_s": 339,
                "time_e": 68.55,
                "time_s": 68.34
            },
            {
                "char_e": 346,
                "char_s": 342,
                "time_e": 68.8,
                "time_s": 68.56
            },
            {
                "char_e": 354,
                "char_s": 347,
                "time_e": 69.39,
                "time_s": 68.81
            },
            {
                "char_e": 356,
                "char_s": 355,
                "time_e": 69.46,
                "time_s": 69.4
            },
            {
                "char_e": 360,
                "char_s": 357,
                "time_e": 69.7,
                "time_s": 69.47
            },
            {
                "char_e": 367,
                "char_s": 361,
                "time_e": 70.21,
                "time_s": 69.71
            },
            {
                "char_e": 378,
                "char_s": 368,
                "time_e": 70.8,
                "time_s": 70.22
            },
            {
                "char_e": 386,
                "char_s": 379,
                "time_e": 71.33,
                "time_s": 70.81
            },
            {
                "char_e": 391,
                "char_s": 388,
                "time_e": 72.05,
                "time_s": 71.66
            },
            {
                "char_e": 395,
                "char_s": 392,
                "time_e": 72.32,
                "time_s": 72.06
            },
            {
                "char_e": 402,
                "char_s": 396,
                "time_e": 73.09,
                "time_s": 72.33
            },
            {
                "char_e": 409,
                "char_s": 403,
                "time_e": 73.71,
                "time_s": 73.1
            },
            {
                "char_e": 412,
                "char_s": 410,
                "time_e": 73.95,
                "time_s": 73.78
            },
            {
                "char_e": 421,
                "char_s": 413,
                "time_e": 74.56,
                "time_s": 73.96
            },
            {
                "char_e": 427,
                "char_s": 422,
                "time_e": 75.1267258816287,
                "time_s": 74.57
            }
        ],
        "chars": [
            {
                "char": "K",
                "char_s": 330,
                "char_e": 331,
                "time_s": 67.93,
                "time_e": 68.01
            },
            {
                "char": "a",
                "char_s": 331,
                "char_e": 332,
                "time_s": 68.01,
                "time_e": 68.07
            },
            {
                "char": "d",
                "char_s": 332,
                "char_e": 333,
                "time_s": 68.07,
                "time_e": 68.09
            },
            {
                "char": "a",
                "char_s": 333,
                "char_e": 334,
                "time_s": 68.09,
                "time_e": 68.11
            },
            {
                "char": " ",
                "char_s": 334,
                "char_e": 335,
                "time_s": 68.11,
                "time_e": 68.13
            },
            {
                "char": "b",
                "char_s": 335,
                "char_e": 336,
                "time_s": 68.17,
                "time_e": 68.19
            },
            {
                "char": "i",
                "char_s": 336,
                "char_e": 337,
                "time_s": 68.19,
                "time_e": 68.23
            },
            {
                "char": "n",
                "char_s": 337,
                "char_e": 338,
                "time_s": 68.23,
                "time_e": 68.25
            },
            {
                "char": " ",
                "char_s": 338,
                "char_e": 339,
                "time_s": 68.25,
                "time_e": 68.33
            },
            {
                "char": "j",
                "char_s": 339,
                "char_e": 340,
                "time_s": 68.39,
                "time_e": 68.43
            },
            {
                "char": "a",
                "char_s": 340,
                "char_e": 341,
                "time_s": 68.43,
                "time_e": 68.55
            },
            {
                "char": " ",
                "char_s": 341,
                "char_e": 342,
                "time_s": 68.57,
                "time_e": 68.59
            },
            {
                "char": "i",
                "char_s": 342,
                "char_e": 343,
                "time_s": 68.59,
                "time_e": 68.65
            },
            {
                "char": "m",
                "char_s": 343,
                "char_e": 344,
                "time_s": 68.65,
                "time_e": 68.71
            },
            {
                "char": "e",
                "char_s": 344,
                "char_e": 345,
                "time_s": 68.71,
                "time_e": 68.75
            },
            {
                "char": "v",
                "char_s": 345,
                "char_e": 346,
                "time_s": 68.75,
                "time_e": 68.77
            },
            {
                "char": " ",
                "char_s": 346,
                "char_e": 347,
                "time_s": 68.77,
                "time_e": 68.8
            },
            {
                "char": "p",
                "char_s": 347,
                "char_e": 348,
                "time_s": 68.87,
                "time_e": 69.39
            },
            {
                "char": "e",
                "char_s": 348,
                "char_e": 349,
                "time_s": 69.57,
                "time_e": 69.59
            },
            {
                "char": "d",
                "char_s": 349,
                "char_e": 350,
                "time_s": 69.59,
                "time_e": 69.61
            },
            {
                "char": "e",
                "char_s": 350,
                "char_e": 351,
                "time_s": 69.61,
                "time_e": 69.63
            },
            {
                "char": "s",
                "char_s": 351,
                "char_e": 352,
                "time_s": 69.63,
                "time_e": 69.65
            },
            {
                "char": "e",
                "char_s": 352,
                "char_e": 353,
                "time_s": 69.65,
                "time_e": 69.67
            },
            {
                "char": "t",
                "char_s": 353,
                "char_e": 354,
                "time_s": 69.67,
                "time_e": 69.69
            },
            {
                "char": " ",
                "char_s": 354,
                "char_e": 355,
                "time_s": 69.69,
                "time_e": 69.7
            },
            {
                "char": "i",
                "char_s": 355,
                "char_e": 356,
                "time_s": 69.71,
                "time_e": 69.73
            },
            {
                "char": " ",
                "char_s": 356,
                "char_e": 357,
                "time_s": 69.73,
                "time_e": 69.75
            },
            {
                "char": "t",
                "char_s": 357,
                "char_e": 358,
                "time_s": 69.75,
                "time_e": 69.77
            },
            {
                "char": "r",
                "char_s": 358,
                "char_e": 359,
                "time_s": 69.77,
                "time_e": 69.79
            },
            {
                "char": "i",
                "char_s": 359,
                "char_e": 360,
                "time_s": 69.79,
                "time_e": 69.83
            },
            {
                "char": " ",
                "char_s": 360,
                "char_e": 361,
                "time_s": 69.83,
                "time_e": 69.85
            },
            {
                "char": "m",
                "char_s": 361,
                "char_e": 362,
                "time_s": 69.85,
                "time_e": 69.87
            },
            {
                "char": "i",
                "char_s": 362,
                "char_e": 363,
                "time_s": 69.87,
                "time_e": 69.89
            },
            {
                "char": "n",
                "char_s": 363,
                "char_e": 364,
                "time_s": 69.89,
                "time_e": 69.91
            },
            {
                "char": "u",
                "char_s": 364,
                "char_e": 365,
                "time_s": 69.91,
                "time_e": 70.11
            },
            {
                "char": "t",
                "char_s": 365,
                "char_e": 366,
                "time_s": 70.11,
                "time_e": 70.15
            },
            {
                "char": "e",
                "char_s": 366,
                "char_e": 367,
                "time_s": 70.15,
                "time_e": 70.21
            },
            {
                "char": " ",
                "char_s": 367,
                "char_e": 368,
                "time_s": 70.21,
                "time_e": 70.27
            },
            {
                "char": "s",
                "char_s": 368,
                "char_e": 369,
                "time_s": 70.27,
                "time_e": 70.31
            },
            {
                "char": "l",
                "char_s": 369,
                "char_e": 370,
                "time_s": 70.31,
                "time_e": 70.35
            },
            {
                "char": "o",
                "char_s": 370,
                "char_e": 371,
                "time_s": 70.35,
                "time_e": 70.45
            },
            {
                "char": "b",
                "char_s": 371,
                "char_e": 372,
                "time_s": 70.45,
                "time_e": 70.47
            },
            {
                "char": "o",
                "char_s": 372,
                "char_e": 373,
                "time_s": 70.47,
                "time_e": 70.55
            },
            {
                "char": "d",
                "char_s": 373,
                "char_e": 374,
                "time_s": 70.55,
                "time_e": 70.61
            },
            {
                "char": "n",
                "char_s": 374,
                "char_e": 375,
                "time_s": 70.61,
                "time_e": 70.63
            },
            {
                "char": "i",
                "char_s": 375,
                "char_e": 376,
                "time_s": 70.63,
                "time_e": 70.71
            },
            {
                "char": "g",
                "char_s": 376,
                "char_e": 377,
                "time_s": 70.71,
                "time_e": 70.75
            },
            {
                "char": "a",
                "char_s": 377,
                "char_e": 378,
                "time_s": 70.75,
                "time_e": 70.79
            },
            {
                "char": " ",
                "char_s": 378,
                "char_e": 379,
                "time_s": 70.79,
                "time_e": 70.8
            },
            {
                "char": "v",
                "char_s": 379,
                "char_e": 380,
                "time_s": 70.89,
                "time_e": 70.93
            },
            {
                "char": "r",
                "char_s": 380,
                "char_e": 381,
                "time_s": 70.93,
                "time_e": 70.97
            },
            {
                "char": "i",
                "char_s": 381,
                "char_e": 382,
                "time_s": 70.97,
                "time_e": 71.09
            },
            {
                "char": "m",
                "char_s": 382,
                "char_e": 383,
                "time_s": 71.09,
                "time_e": 71.13
            },
            {
                "char": "e",
                "char_s": 383,
                "char_e": 384,
                "time_s": 71.13,
                "time_e": 71.23
            },
            {
                "char": "n",
                "char_s": 384,
                "char_e": 385,
                "time_s": 71.23,
                "time_e": 71.27
            },
            {
                "char": "a",
                "char_s": 385,
                "char_e": 386,
                "time_s": 71.27,
                "time_e": 71.33
            },
            {
                "char": ",",
                "char_s": 386,
                "char_e": 387,
                "time_s": 71.67,
                "time_e": 71.69
            },
            {
                "char": " ",
                "char_s": 387,
                "char_e": 388,
                "time_s": 71.69,
                "time_e": 71.79
            },
            {
                "char": "š",
                "char_s": 388,
                "char_e": 389,
                "time_s": 71.79,
                "time_e": 71.87
            },
            {
                "char": "a",
                "char_s": 389,
                "char_e": 390,
                "time_s": 71.87,
                "time_e": 72.05
            },
            {
                "char": "v",
                "char_s": 390,
                "char_e": 391,
                "time_s": 72.11,
                "time_e": 72.13
            },
            {
                "char": " ",
                "char_s": 391,
                "char_e": 392,
                "time_s": 72.13,
                "time_e": 72.15
            },
            {
                "char": "b",
                "char_s": 392,
                "char_e": 393,
                "time_s": 72.15,
                "time_e": 72.17
            },
            {
                "char": "i",
                "char_s": 393,
                "char_e": 394,
                "time_s": 72.17,
                "time_e": 72.25
            },
            {
                "char": "n",
                "char_s": 394,
                "char_e": 395,
                "time_s": 72.25,
                "time_e": 72.32
            },
            {
                "char": " ",
                "char_s": 395,
                "char_e": 396,
                "time_s": 72.35,
                "time_e": 72.47
            },
            {
                "char": "s",
                "char_s": 396,
                "char_e": 397,
                "time_s": 72.47,
                "time_e": 72.69
            },
            {
                "char": "k",
                "char_s": 397,
                "char_e": 398,
                "time_s": 72.69,
                "time_e": 72.77
            },
            {
                "char": "r",
                "char_s": 398,
                "char_e": 399,
                "time_s": 72.77,
                "time_e": 72.81
            },
            {
                "char": "o",
                "char_s": 399,
                "char_e": 400,
                "time_s": 72.81,
                "time_e": 72.97
            },
            {
                "char": "z",
                "char_s": 400,
                "char_e": 401,
                "time_s": 72.97,
                "time_e": 73.03
            },
            {
                "char": "i",
                "char_s": 401,
                "char_e": 402,
                "time_s": 73.03,
                "time_e": 73.09
            },
            {
                "char": " ",
                "char_s": 402,
                "char_e": 403,
                "time_s": 73.09,
                "time_e": 73.19
            },
            {
                "char": "p",
                "char_s": 403,
                "char_e": 404,
                "time_s": 73.19,
                "time_e": 73.21
            },
            {
                "char": "o",
                "char_s": 404,
                "char_e": 405,
                "time_s": 73.21,
                "time_e": 73.35
            },
            {
                "char": "m",
                "char_s": 405,
                "char_e": 406,
                "time_s": 73.35,
                "time_e": 73.39
            },
            {
                "char": "a",
                "char_s": 406,
                "char_e": 407,
                "time_s": 73.39,
                "time_e": 73.49
            },
            {
                "char": "l",
                "char_s": 407,
                "char_e": 408,
                "time_s": 73.49,
                "time_e": 73.53
            },
            {
                "char": "o",
                "char_s": 408,
                "char_e": 409,
                "time_s": 73.53,
                "time_e": 73.71
            },
            {
                "char": " ",
                "char_s": 409,
                "char_e": 410,
                "time_s": 73.79,
                "time_e": 73.87
            },
            {
                "char": "d",
                "char_s": 410,
                "char_e": 411,
                "time_s": 73.87,
                "time_e": 73.91
            },
            {
                "char": "o",
                "char_s": 411,
                "char_e": 412,
                "time_s": 73.91,
                "time_e": 73.95
            },
            {
                "char": " ",
                "char_s": 412,
                "char_e": 413,
                "time_s": 73.97,
                "time_e": 74.01
            },
            {
                "char": "k",
                "char_s": 413,
                "char_e": 414,
                "time_s": 74.01,
                "time_e": 74.05
            },
            {
                "char": "a",
                "char_s": 414,
                "char_e": 415,
                "time_s": 74.05,
                "time_e": 74.17
            },
            {
                "char": "k",
                "char_s": 415,
                "char_e": 416,
                "time_s": 74.17,
                "time_e": 74.21
            },
            {
                "char": "o",
                "char_s": 416,
                "char_e": 417,
                "time_s": 74.21,
                "time_e": 74.31
            },
            {
                "char": "v",
                "char_s": 417,
                "char_e": 418,
                "time_s": 74.31,
                "time_e": 74.35
            },
            {
                "char": "i",
                "char_s": 418,
                "char_e": 419,
                "time_s": 74.35,
                "time_e": 74.43
            },
            {
                "char": "g",
                "char_s": 419,
                "char_e": 420,
                "time_s": 74.43,
                "time_e": 74.47
            },
            {
                "char": "a",
                "char_s": 420,
                "char_e": 421,
                "time_s": 74.47,
                "time_e": 74.56
            },
            {
                "char": " ",
                "char_s": 421,
                "char_e": 422,
                "time_s": 74.57,
                "time_e": 74.69
            },
            {
                "char": "z",
                "char_s": 422,
                "char_e": 423,
                "time_s": 74.69,
                "time_e": 74.79
            },
            {
                "char": "v",
                "char_s": 423,
                "char_e": 424,
                "time_s": 74.79,
                "time_e": 74.81
            },
            {
                "char": "i",
                "char_s": 424,
                "char_e": 425,
                "time_s": 74.81,
                "time_e": 74.93
            },
            {
                "char": "r",
                "char_s": 425,
                "char_e": 426,
                "time_s": 74.93,
                "time_e": 74.97
            },
            {
                "char": "a",
                "char_s": 426,
                "char_e": 427,
                "time_s": 74.97,
                "time_e": 75.07
            },
            {
                "char": ".",
                "char_s": 427,
                "char_e": 428,
                "time_s": 75.07,
                "time_e": 75.09
            },
            {
                "char": "“",
                "char_s": 428,
                "char_e": 429,
                "time_s": 75.09,
                "time_e": 75.11
            }
        ]
    }
]