[
    {
        "char_e": 11,
        "char_s": 2,
        "speaker": "Mići Princ",
        "text": "Dobar dan!",
        "time_e": 50.91,
        "time_s": 50.28355698472574,
        "words": [
            {
                "char_e": 7,
                "char_s": 2,
                "time_e": 50.52,
                "time_s": 50.28355698472574
            },
            {
                "char_e": 11,
                "char_s": 8,
                "time_e": 50.91,
                "time_s": 50.53
            }
        ],
        "chars": [
            [
                50.28,
                50.32
            ],
            [
                50.32,
                50.4
            ],
            [
                50.4,
                50.44
            ],
            [
                50.44,
                50.46
            ],
            [
                50.46,
                50.5
            ],
            [
                50.5,
                50.52
            ],
            [
                50.56,
                50.52
            ],
            [
                50.6,
                50.52
            ],
            [
                50.8,
                50.52
            ],
            [
                50.88,
                50.52
            ]
        ]
    },
    {
        "char_e": 24,
        "char_s": 15,
        "speaker": "Skretničar",
        "text": "Dobar dan!",
        "time_e": 51.95,
        "time_s": 51.29,
        "words": [
            {
                "char_e": 20,
                "char_s": 15,
                "time_e": 51.71,
                "time_s": 51.29
            },
            {
                "char_e": 24,
                "char_s": 21,
                "time_e": 51.95,
                "time_s": 51.72
            }
        ],
        "chars": [
            [
                51.29,
                51.49
            ],
            [
                51.49,
                51.59
            ],
            [
                51.59,
                51.61
            ],
            [
                51.61,
                51.65
            ],
            [
                51.65,
                51.69
            ],
            [
                51.69,
                51.71
            ],
            [
                51.75,
                51.71
            ],
            [
                51.79,
                51.71
            ],
            [
                51.89,
                51.71
            ],
            [
                51.91,
                51.71
            ]
        ]
    },
    {
        "char_e": 39,
        "char_s": 28,
        "speaker": "Mići Princ",
        "text": "Ča to dilaš?",
        "time_e": 53.32,
        "time_s": 52.38,
        "words": [
            {
                "char_e": 30,
                "char_s": 28,
                "time_e": 52.55,
                "time_s": 52.38
            },
            {
                "char_e": 33,
                "char_s": 31,
                "time_e": 52.7,
                "time_s": 52.56
            },
            {
                "char_e": 39,
                "char_s": 34,
                "time_e": 53.32,
                "time_s": 52.7
            }
        ],
        "chars": [
            [
                52.38,
                52.48
            ],
            [
                52.48,
                52.54
            ],
            [
                52.54,
                52.55
            ],
            [
                52.6,
                52.55
            ],
            [
                52.64,
                52.55
            ],
            [
                52.68,
                52.7
            ],
            [
                52.78,
                52.7
            ],
            [
                52.82,
                52.7
            ],
            [
                52.98,
                52.7
            ],
            [
                53.0,
                52.7
            ],
            [
                53.18,
                52.7
            ],
            [
                53.28,
                52.7
            ]
        ]
    },
    {
        "char_e": 136,
        "char_s": 43,
        "speaker": "Skretničar",
        "text": "Štivan putnike va filu od po tisuću judi. Otpravljan vlaki ča jih pejeju, čas levo, čas desno.",
        "time_e": 60.98,
        "time_s": 53.52,
        "words": [
            {
                "char_e": 49,
                "char_s": 43,
                "time_e": 53.99,
                "time_s": 53.52
            },
            {
                "char_e": 57,
                "char_s": 50,
                "time_e": 54.45,
                "time_s": 54.0
            },
            {
                "char_e": 60,
                "char_s": 58,
                "time_e": 54.57,
                "time_s": 54.46
            },
            {
                "char_e": 65,
                "char_s": 61,
                "time_e": 54.95,
                "time_s": 54.58
            },
            {
                "char_e": 68,
                "char_s": 66,
                "time_e": 55.2,
                "time_s": 54.98
            },
            {
                "char_e": 71,
                "char_s": 69,
                "time_e": 55.37,
                "time_s": 55.23
            },
            {
                "char_e": 78,
                "char_s": 72,
                "time_e": 55.79,
                "time_s": 55.37
            },
            {
                "char_e": 83,
                "char_s": 79,
                "time_e": 56.27,
                "time_s": 55.8
            },
            {
                "char_e": 95,
                "char_s": 85,
                "time_e": 57.55,
                "time_s": 56.93
            },
            {
                "char_e": 101,
                "char_s": 96,
                "time_e": 58.07,
                "time_s": 57.56
            },
            {
                "char_e": 104,
                "char_s": 102,
                "time_e": 58.59,
                "time_s": 58.41
            },
            {
                "char_e": 108,
                "char_s": 105,
                "time_e": 58.74,
                "time_s": 58.6
            },
            {
                "char_e": 115,
                "char_s": 109,
                "time_e": 59.3,
                "time_s": 58.75
            },
            {
                "char_e": 120,
                "char_s": 117,
                "time_e": 59.71,
                "time_s": 59.31
            },
            {
                "char_e": 125,
                "char_s": 121,
                "time_e": 60.15,
                "time_s": 59.72
            },
            {
                "char_e": 130,
                "char_s": 127,
                "time_e": 60.48,
                "time_s": 60.2
            },
            {
                "char_e": 136,
                "char_s": 131,
                "time_e": 60.98,
                "time_s": 60.49
            }
        ],
        "chars": [
            [
                53.52,
                53.68
            ],
            [
                53.68,
                53.72
            ],
            [
                53.72,
                53.82
            ],
            [
                53.82,
                53.86
            ],
            [
                53.86,
                53.96
            ],
            [
                53.96,
                53.98
            ],
            [
                53.98,
                53.99
            ],
            [
                54.06,
                53.99
            ],
            [
                54.1,
                53.99
            ],
            [
                54.22,
                53.99
            ],
            [
                54.26,
                53.99
            ],
            [
                54.3,
                53.99
            ],
            [
                54.36,
                53.99
            ],
            [
                54.44,
                54.45
            ],
            [
                54.46,
                54.45
            ],
            [
                54.5,
                54.45
            ],
            [
                54.54,
                54.45
            ],
            [
                54.56,
                54.57
            ],
            [
                54.66,
                54.57
            ],
            [
                54.7,
                54.57
            ],
            [
                54.82,
                54.57
            ],
            [
                54.86,
                54.95
            ],
            [
                55.0,
                54.95
            ],
            [
                55.04,
                54.95
            ],
            [
                55.16,
                54.95
            ],
            [
                55.18,
                55.2
            ],
            [
                55.26,
                55.2
            ],
            [
                55.28,
                55.2
            ],
            [
                55.36,
                55.37
            ],
            [
                55.76,
                55.37
            ],
            [
                55.78,
                55.79
            ],
            [
                55.8,
                55.79
            ],
            [
                55.82,
                55.79
            ],
            [
                55.84,
                55.79
            ],
            [
                55.86,
                55.79
            ],
            [
                55.88,
                55.79
            ],
            [
                55.92,
                55.79
            ],
            [
                55.96,
                55.79
            ],
            [
                56.14,
                55.79
            ],
            [
                56.18,
                56.27
            ],
            [
                56.94,
                56.27
            ],
            [
                56.96,
                56.27
            ],
            [
                57.0,
                56.27
            ],
            [
                57.08,
                56.27
            ],
            [
                57.16,
                56.27
            ],
            [
                57.2,
                56.27
            ],
            [
                57.24,
                56.27
            ],
            [
                57.38,
                56.27
            ],
            [
                57.4,
                56.27
            ],
            [
                57.44,
                56.27
            ],
            [
                57.46,
                56.27
            ],
            [
                57.52,
                56.27
            ],
            [
                57.54,
                57.55
            ],
            [
                57.6,
                57.55
            ],
            [
                57.64,
                57.55
            ],
            [
                57.7,
                57.55
            ],
            [
                57.9,
                57.55
            ],
            [
                57.96,
                58.07
            ],
            [
                58.38,
                58.07
            ],
            [
                58.48,
                58.07
            ],
            [
                58.54,
                58.59
            ],
            [
                58.6,
                58.59
            ],
            [
                58.62,
                58.59
            ],
            [
                58.64,
                58.59
            ],
            [
                58.7,
                58.59
            ],
            [
                58.74,
                58.74
            ],
            [
                58.82,
                58.74
            ],
            [
                59.14,
                58.74
            ],
            [
                59.16,
                58.74
            ],
            [
                59.18,
                58.74
            ],
            [
                59.2,
                58.74
            ],
            [
                59.22,
                58.74
            ],
            [
                59.26,
                58.74
            ],
            [
                59.28,
                59.3
            ],
            [
                59.38,
                59.3
            ],
            [
                59.44,
                59.3
            ],
            [
                59.58,
                59.3
            ],
            [
                59.62,
                59.71
            ],
            [
                59.78,
                59.71
            ],
            [
                59.84,
                59.71
            ],
            [
                59.98,
                59.71
            ],
            [
                60.02,
                60.15
            ],
            [
                60.18,
                60.15
            ],
            [
                60.2,
                60.15
            ],
            [
                60.28,
                60.15
            ],
            [
                60.32,
                60.15
            ],
            [
                60.46,
                60.48
            ],
            [
                60.5,
                60.48
            ],
            [
                60.52,
                60.48
            ],
            [
                60.54,
                60.48
            ],
            [
                60.78,
                60.48
            ],
            [
                60.86,
                60.48
            ],
            [
                60.9,
                60.48
            ],
            [
                60.94,
                60.48
            ]
        ]
    },
    {
        "char_e": 224,
        "char_s": 138,
        "speaker": "Autor",
        "text": "Jedan hitri vlak vas va svitlu, grmeć kot strila nebeška, strese kućicu od skretničara.",
        "time_e": 67.09,
        "time_s": 61.37,
        "words": [
            {
                "char_e": 143,
                "char_s": 138,
                "time_e": 61.81,
                "time_s": 61.37
            },
            {
                "char_e": 149,
                "char_s": 144,
                "time_e": 62.15,
                "time_s": 61.82
            },
            {
                "char_e": 154,
                "char_s": 150,
                "time_e": 62.49,
                "time_s": 62.15
            },
            {
                "char_e": 158,
                "char_s": 155,
                "time_e": 62.77,
                "time_s": 62.5
            },
            {
                "char_e": 161,
                "char_s": 159,
                "time_e": 62.88,
                "time_s": 62.77
            },
            {
                "char_e": 168,
                "char_s": 162,
                "time_e": 63.48,
                "time_s": 62.89
            },
            {
                "char_e": 175,
                "char_s": 170,
                "time_e": 63.92,
                "time_s": 63.52
            },
            {
                "char_e": 179,
                "char_s": 176,
                "time_e": 64.11,
                "time_s": 63.93
            },
            {
                "char_e": 186,
                "char_s": 180,
                "time_e": 64.52,
                "time_s": 64.11
            },
            {
                "char_e": 194,
                "char_s": 187,
                "time_e": 65.23,
                "time_s": 64.52
            },
            {
                "char_e": 202,
                "char_s": 196,
                "time_e": 65.7,
                "time_s": 65.26
            },
            {
                "char_e": 209,
                "char_s": 203,
                "time_e": 66.19,
                "time_s": 65.7
            },
            {
                "char_e": 212,
                "char_s": 210,
                "time_e": 66.26,
                "time_s": 66.19
            },
            {
                "char_e": 224,
                "char_s": 213,
                "time_e": 67.09,
                "time_s": 66.26
            }
        ],
        "chars": [
            [
                61.37,
                61.51
            ],
            [
                61.51,
                61.57
            ],
            [
                61.57,
                61.61
            ],
            [
                61.61,
                61.73
            ],
            [
                61.73,
                61.81
            ],
            [
                61.81,
                61.81
            ],
            [
                61.89,
                61.81
            ],
            [
                61.93,
                61.81
            ],
            [
                62.01,
                61.81
            ],
            [
                62.07,
                61.81
            ],
            [
                62.11,
                61.81
            ],
            [
                62.15,
                62.15
            ],
            [
                62.23,
                62.15
            ],
            [
                62.27,
                62.15
            ],
            [
                62.31,
                62.15
            ],
            [
                62.47,
                62.15
            ],
            [
                62.49,
                62.49
            ],
            [
                62.57,
                62.49
            ],
            [
                62.59,
                62.49
            ],
            [
                62.73,
                62.77
            ],
            [
                62.79,
                62.77
            ],
            [
                62.81,
                62.77
            ],
            [
                62.83,
                62.77
            ],
            [
                62.87,
                62.88
            ],
            [
                62.95,
                62.88
            ],
            [
                63.01,
                62.88
            ],
            [
                63.05,
                62.88
            ],
            [
                63.15,
                62.88
            ],
            [
                63.21,
                62.88
            ],
            [
                63.27,
                63.48
            ],
            [
                63.49,
                63.48
            ],
            [
                63.51,
                63.48
            ],
            [
                63.57,
                63.48
            ],
            [
                63.63,
                63.48
            ],
            [
                63.73,
                63.48
            ],
            [
                63.77,
                63.48
            ],
            [
                63.89,
                63.92
            ],
            [
                63.95,
                63.92
            ],
            [
                64.01,
                63.92
            ],
            [
                64.05,
                63.92
            ],
            [
                64.11,
                64.11
            ],
            [
                64.13,
                64.11
            ],
            [
                64.15,
                64.11
            ],
            [
                64.17,
                64.11
            ],
            [
                64.23,
                64.11
            ],
            [
                64.29,
                64.11
            ],
            [
                64.41,
                64.11
            ],
            [
                64.45,
                64.52
            ],
            [
                64.55,
                64.52
            ],
            [
                64.57,
                64.52
            ],
            [
                64.59,
                64.52
            ],
            [
                64.71,
                64.52
            ],
            [
                64.77,
                64.52
            ],
            [
                64.93,
                64.52
            ],
            [
                65.03,
                64.52
            ],
            [
                65.07,
                65.23
            ],
            [
                65.25,
                65.23
            ],
            [
                65.27,
                65.23
            ],
            [
                65.31,
                65.23
            ],
            [
                65.33,
                65.23
            ],
            [
                65.35,
                65.23
            ],
            [
                65.43,
                65.23
            ],
            [
                65.53,
                65.23
            ],
            [
                65.61,
                65.7
            ],
            [
                65.71,
                65.7
            ],
            [
                65.77,
                65.7
            ],
            [
                65.83,
                65.7
            ],
            [
                65.91,
                65.7
            ],
            [
                65.97,
                65.7
            ],
            [
                66.09,
                65.7
            ],
            [
                66.13,
                65.7
            ],
            [
                66.17,
                66.19
            ],
            [
                66.21,
                66.26
            ],
            [
                66.27,
                66.26
            ],
            [
                66.29,
                66.26
            ],
            [
                66.31,
                66.26
            ],
            [
                66.41,
                66.26
            ],
            [
                66.47,
                66.26
            ],
            [
                66.51,
                66.26
            ],
            [
                66.61,
                66.26
            ],
            [
                66.67,
                66.26
            ],
            [
                66.71,
                66.26
            ],
            [
                66.81,
                66.26
            ],
            [
                66.87,
                66.26
            ],
            [
                66.99,
                66.26
            ],
            [
                67.03,
                66.26
            ],
            [
                67.05,
                66.26
            ]
        ]
    },
    {
        "char_e": 263,
        "char_s": 228,
        "speaker": "Mići Princ",
        "text": "Strašno jin se hiti. Za čin to teču?",
        "time_e": 70.15566136911755,
        "time_s": 67.53,
        "words": [
            {
                "char_e": 235,
                "char_s": 228,
                "time_e": 68.09,
                "time_s": 67.53
            },
            {
                "char_e": 239,
                "char_s": 236,
                "time_e": 68.26,
                "time_s": 68.1
            },
            {
                "char_e": 242,
                "char_s": 240,
                "time_e": 68.4,
                "time_s": 68.26
            },
            {
                "char_e": 247,
                "char_s": 243,
                "time_e": 68.88,
                "time_s": 68.4
            },
            {
                "char_e": 251,
                "char_s": 249,
                "time_e": 69.2,
                "time_s": 69.05
            },
            {
                "char_e": 255,
                "char_s": 252,
                "time_e": 69.41,
                "time_s": 69.2
            },
            {
                "char_e": 258,
                "char_s": 256,
                "time_e": 69.56,
                "time_s": 69.41
            },
            {
                "char_e": 263,
                "char_s": 259,
                "time_e": 70.15566136911755,
                "time_s": 69.56
            }
        ],
        "chars": [
            [
                67.53,
                67.73
            ],
            [
                67.73,
                67.77
            ],
            [
                67.77,
                67.81
            ],
            [
                67.81,
                67.97
            ],
            [
                67.97,
                68.03
            ],
            [
                68.03,
                68.07
            ],
            [
                68.07,
                68.09
            ],
            [
                68.11,
                68.09
            ],
            [
                68.13,
                68.09
            ],
            [
                68.15,
                68.09
            ],
            [
                68.23,
                68.09
            ],
            [
                68.25,
                68.26
            ],
            [
                68.31,
                68.26
            ],
            [
                68.35,
                68.4
            ],
            [
                68.41,
                68.4
            ],
            [
                68.49,
                68.4
            ],
            [
                68.55,
                68.4
            ],
            [
                68.67,
                68.4
            ],
            [
                68.71,
                68.88
            ],
            [
                69.03,
                68.88
            ],
            [
                69.05,
                68.88
            ],
            [
                69.09,
                68.88
            ],
            [
                69.13,
                69.2
            ],
            [
                69.23,
                69.2
            ],
            [
                69.25,
                69.2
            ],
            [
                69.27,
                69.2
            ],
            [
                69.37,
                69.2
            ],
            [
                69.41,
                69.41
            ],
            [
                69.43,
                69.41
            ],
            [
                69.49,
                69.56
            ],
            [
                69.61,
                69.56
            ],
            [
                69.63,
                69.56
            ],
            [
                69.65,
                69.56
            ],
            [
                69.79,
                69.56
            ],
            [
                69.85,
                69.56
            ],
            [
                70.13,
                69.56
            ]
        ]
    },
    {
        "char_e": 292,
        "char_s": 267,
        "speaker": "Skretničar",
        "text": "Ma to ne zna ni vlakovođa.",
        "time_e": 71.72,
        "time_s": 70.15566136911755,
        "words": [
            {
                "char_e": 269,
                "char_s": 267,
                "time_e": 70.4,
                "time_s": 70.15566136911755
            },
            {
                "char_e": 272,
                "char_s": 270,
                "time_e": 70.59,
                "time_s": 70.4
            },
            {
                "char_e": 275,
                "char_s": 273,
                "time_e": 70.72,
                "time_s": 70.59
            },
            {
                "char_e": 279,
                "char_s": 276,
                "time_e": 70.93,
                "time_s": 70.72
            },
            {
                "char_e": 282,
                "char_s": 280,
                "time_e": 71.03,
                "time_s": 70.93
            },
            {
                "char_e": 292,
                "char_s": 283,
                "time_e": 71.72,
                "time_s": 71.03
            }
        ],
        "chars": [
            [
                70.16,
                70.32
            ],
            [
                70.32,
                70.38
            ],
            [
                70.38,
                70.4
            ],
            [
                70.46,
                70.4
            ],
            [
                70.5,
                70.4
            ],
            [
                70.58,
                70.59
            ],
            [
                70.64,
                70.59
            ],
            [
                70.68,
                70.59
            ],
            [
                70.7,
                70.72
            ],
            [
                70.76,
                70.72
            ],
            [
                70.8,
                70.72
            ],
            [
                70.84,
                70.72
            ],
            [
                70.92,
                70.93
            ],
            [
                70.96,
                70.93
            ],
            [
                71.0,
                71.03
            ],
            [
                71.04,
                71.03
            ],
            [
                71.08,
                71.03
            ],
            [
                71.12,
                71.03
            ],
            [
                71.16,
                71.03
            ],
            [
                71.32,
                71.03
            ],
            [
                71.36,
                71.03
            ],
            [
                71.44,
                71.03
            ],
            [
                71.48,
                71.03
            ],
            [
                71.62,
                71.03
            ],
            [
                71.66,
                71.03
            ],
            [
                71.68,
                71.03
            ]
        ]
    },
    {
        "char_e": 350,
        "char_s": 294,
        "speaker": "Autor",
        "text": "I zadumi na drugi strani, drugi hitri vlak vas va svitlu.",
        "time_e": 75.76,
        "time_s": 72.05,
        "words": [
            {
                "char_e": 295,
                "char_s": 294,
                "time_e": 72.16,
                "time_s": 72.05
            },
            {
                "char_e": 302,
                "char_s": 296,
                "time_e": 72.64,
                "time_s": 72.16
            },
            {
                "char_e": 305,
                "char_s": 303,
                "time_e": 72.75,
                "time_s": 72.64
            },
            {
                "char_e": 311,
                "char_s": 306,
                "time_e": 73.06,
                "time_s": 72.75
            },
            {
                "char_e": 318,
                "char_s": 312,
                "time_e": 73.52,
                "time_s": 73.07
            },
            {
                "char_e": 325,
                "char_s": 320,
                "time_e": 74.09,
                "time_s": 73.65
            },
            {
                "char_e": 331,
                "char_s": 326,
                "time_e": 74.48,
                "time_s": 74.1
            },
            {
                "char_e": 336,
                "char_s": 332,
                "time_e": 74.83,
                "time_s": 74.48
            },
            {
                "char_e": 340,
                "char_s": 337,
                "time_e": 75.09,
                "time_s": 74.83
            },
            {
                "char_e": 343,
                "char_s": 341,
                "time_e": 75.21,
                "time_s": 75.09
            },
            {
                "char_e": 350,
                "char_s": 344,
                "time_e": 75.76,
                "time_s": 75.21
            }
        ],
        "chars": [
            [
                72.05,
                72.15
            ],
            [
                72.15,
                72.16
            ],
            [
                72.23,
                72.16
            ],
            [
                72.27,
                72.16
            ],
            [
                72.37,
                72.16
            ],
            [
                72.41,
                72.16
            ],
            [
                72.51,
                72.16
            ],
            [
                72.59,
                72.64
            ],
            [
                72.65,
                72.64
            ],
            [
                72.67,
                72.64
            ],
            [
                72.71,
                72.64
            ],
            [
                72.73,
                72.75
            ],
            [
                72.81,
                72.75
            ],
            [
                72.85,
                72.75
            ],
            [
                72.89,
                72.75
            ],
            [
                72.97,
                72.75
            ],
            [
                73.01,
                72.75
            ],
            [
                73.05,
                73.06
            ],
            [
                73.13,
                73.06
            ],
            [
                73.17,
                73.06
            ],
            [
                73.23,
                73.06
            ],
            [
                73.27,
                73.06
            ],
            [
                73.37,
                73.06
            ],
            [
                73.41,
                73.52
            ],
            [
                73.67,
                73.52
            ],
            [
                73.69,
                73.52
            ],
            [
                73.77,
                73.52
            ],
            [
                73.81,
                73.52
            ],
            [
                73.87,
                73.52
            ],
            [
                73.95,
                73.52
            ],
            [
                74.05,
                74.09
            ],
            [
                74.11,
                74.09
            ],
            [
                74.19,
                74.09
            ],
            [
                74.23,
                74.09
            ],
            [
                74.35,
                74.09
            ],
            [
                74.41,
                74.09
            ],
            [
                74.45,
                74.48
            ],
            [
                74.49,
                74.48
            ],
            [
                74.55,
                74.48
            ],
            [
                74.61,
                74.48
            ],
            [
                74.65,
                74.48
            ],
            [
                74.81,
                74.83
            ],
            [
                74.85,
                74.83
            ],
            [
                74.89,
                74.83
            ],
            [
                74.93,
                74.83
            ],
            [
                75.05,
                75.09
            ],
            [
                75.13,
                75.09
            ],
            [
                75.15,
                75.09
            ],
            [
                75.17,
                75.09
            ],
            [
                75.21,
                75.21
            ],
            [
                75.27,
                75.21
            ],
            [
                75.33,
                75.21
            ],
            [
                75.37,
                75.21
            ],
            [
                75.49,
                75.21
            ],
            [
                75.55,
                75.21
            ],
            [
                75.61,
                75.21
            ],
            [
                75.73,
                75.21
            ]
        ]
    },
    {
        "char_e": 377,
        "char_s": 354,
        "speaker": "Mići Princ",
        "text": "Ča se veće vrnjaju judi?",
        "time_e": 77.37,
        "time_s": 76.08,
        "words": [
            {
                "char_e": 356,
                "char_s": 354,
                "time_e": 76.22,
                "time_s": 76.08
            },
            {
                "char_e": 359,
                "char_s": 357,
                "time_e": 76.34,
                "time_s": 76.22
            },
            {
                "char_e": 364,
                "char_s": 360,
                "time_e": 76.62,
                "time_s": 76.35
            },
            {
                "char_e": 372,
                "char_s": 365,
                "time_e": 76.99,
                "time_s": 76.62
            },
            {
                "char_e": 377,
                "char_s": 373,
                "time_e": 77.37,
                "time_s": 76.99
            }
        ],
        "chars": [
            [
                76.08,
                76.18
            ],
            [
                76.18,
                76.22
            ],
            [
                76.22,
                76.22
            ],
            [
                76.28,
                76.22
            ],
            [
                76.3,
                76.22
            ],
            [
                76.32,
                76.34
            ],
            [
                76.38,
                76.34
            ],
            [
                76.42,
                76.34
            ],
            [
                76.52,
                76.34
            ],
            [
                76.54,
                76.34
            ],
            [
                76.56,
                76.34
            ],
            [
                76.6,
                76.62
            ],
            [
                76.64,
                76.62
            ],
            [
                76.72,
                76.62
            ],
            [
                76.76,
                76.62
            ],
            [
                76.8,
                76.62
            ],
            [
                76.86,
                76.62
            ],
            [
                76.9,
                76.62
            ],
            [
                76.92,
                76.99
            ],
            [
                77.04,
                76.99
            ],
            [
                77.06,
                76.99
            ],
            [
                77.24,
                76.99
            ],
            [
                77.28,
                76.99
            ],
            [
                77.34,
                76.99
            ]
        ]
    },
    {
        "char_e": 413,
        "char_s": 381,
        "speaker": "Skretničar",
        "text": "Nisu to isti judi. To je razmena.",
        "time_e": 79.91,
        "time_s": 77.62,
        "words": [
            {
                "char_e": 385,
                "char_s": 381,
                "time_e": 78.0,
                "time_s": 77.62
            },
            {
                "char_e": 388,
                "char_s": 386,
                "time_e": 78.12,
                "time_s": 78.0
            },
            {
                "char_e": 393,
                "char_s": 389,
                "time_e": 78.46,
                "time_s": 78.12
            },
            {
                "char_e": 398,
                "char_s": 394,
                "time_e": 78.8,
                "time_s": 78.46
            },
            {
                "char_e": 402,
                "char_s": 400,
                "time_e": 79.27,
                "time_s": 79.11
            },
            {
                "char_e": 405,
                "char_s": 403,
                "time_e": 79.33,
                "time_s": 79.27
            },
            {
                "char_e": 413,
                "char_s": 406,
                "time_e": 79.91,
                "time_s": 79.33
            }
        ],
        "chars": [
            [
                77.62,
                77.76
            ],
            [
                77.76,
                77.88
            ],
            [
                77.88,
                77.94
            ],
            [
                77.94,
                77.98
            ],
            [
                77.98,
                78.0
            ],
            [
                78.02,
                78.0
            ],
            [
                78.06,
                78.0
            ],
            [
                78.12,
                78.12
            ],
            [
                78.16,
                78.12
            ],
            [
                78.26,
                78.12
            ],
            [
                78.32,
                78.12
            ],
            [
                78.36,
                78.12
            ],
            [
                78.4,
                78.12
            ],
            [
                78.46,
                78.46
            ],
            [
                78.52,
                78.46
            ],
            [
                78.66,
                78.46
            ],
            [
                78.7,
                78.8
            ],
            [
                79.06,
                78.8
            ],
            [
                79.08,
                78.8
            ],
            [
                79.18,
                78.8
            ],
            [
                79.2,
                78.8
            ],
            [
                79.22,
                78.8
            ],
            [
                79.26,
                79.27
            ],
            [
                79.3,
                79.27
            ],
            [
                79.32,
                79.33
            ],
            [
                79.36,
                79.33
            ],
            [
                79.4,
                79.33
            ],
            [
                79.58,
                79.33
            ],
            [
                79.62,
                79.33
            ],
            [
                79.7,
                79.33
            ],
            [
                79.78,
                79.33
            ],
            [
                79.82,
                79.33
            ],
            [
                79.88,
                79.33
            ]
        ]
    },
    {
        "char_e": 464,
        "char_s": 417,
        "speaker": "Mići Princ",
        "text": "Ča jin ni bilo po voji undi kadi su do sad bili?",
        "time_e": 83.2148537505411,
        "time_s": 80.61,
        "words": [
            {
                "char_e": 419,
                "char_s": 417,
                "time_e": 80.74,
                "time_s": 80.61
            },
            {
                "char_e": 423,
                "char_s": 420,
                "time_e": 80.87,
                "time_s": 80.74
            },
            {
                "char_e": 426,
                "char_s": 424,
                "time_e": 81.02,
                "time_s": 80.87
            },
            {
                "char_e": 431,
                "char_s": 427,
                "time_e": 81.26,
                "time_s": 81.02
            },
            {
                "char_e": 434,
                "char_s": 432,
                "time_e": 81.42,
                "time_s": 81.26
            },
            {
                "char_e": 439,
                "char_s": 435,
                "time_e": 81.7,
                "time_s": 81.42
            },
            {
                "char_e": 444,
                "char_s": 440,
                "time_e": 81.9,
                "time_s": 81.7
            },
            {
                "char_e": 449,
                "char_s": 445,
                "time_e": 82.15,
                "time_s": 81.9
            },
            {
                "char_e": 452,
                "char_s": 450,
                "time_e": 82.3,
                "time_s": 82.15
            },
            {
                "char_e": 455,
                "char_s": 453,
                "time_e": 82.42,
                "time_s": 82.3
            },
            {
                "char_e": 459,
                "char_s": 456,
                "time_e": 82.66,
                "time_s": 82.42
            },
            {
                "char_e": 464,
                "char_s": 460,
                "time_e": 83.2148537505411,
                "time_s": 82.66
            }
        ],
        "chars": [
            [
                80.61,
                80.71
            ],
            [
                80.71,
                80.74
            ],
            [
                80.75,
                80.74
            ],
            [
                80.77,
                80.74
            ],
            [
                80.79,
                80.74
            ],
            [
                80.81,
                80.74
            ],
            [
                80.83,
                80.87
            ],
            [
                80.89,
                80.87
            ],
            [
                80.93,
                80.87
            ],
            [
                80.99,
                81.02
            ],
            [
                81.05,
                81.02
            ],
            [
                81.09,
                81.02
            ],
            [
                81.15,
                81.02
            ],
            [
                81.19,
                81.02
            ],
            [
                81.23,
                81.26
            ],
            [
                81.31,
                81.26
            ],
            [
                81.35,
                81.26
            ],
            [
                81.41,
                81.42
            ],
            [
                81.47,
                81.42
            ],
            [
                81.51,
                81.42
            ],
            [
                81.59,
                81.42
            ],
            [
                81.65,
                81.42
            ],
            [
                81.67,
                81.42
            ],
            [
                81.69,
                81.7
            ],
            [
                81.75,
                81.7
            ],
            [
                81.81,
                81.7
            ],
            [
                81.85,
                81.7
            ],
            [
                81.89,
                81.9
            ],
            [
                81.95,
                81.9
            ],
            [
                81.99,
                81.9
            ],
            [
                82.01,
                81.9
            ],
            [
                82.09,
                81.9
            ],
            [
                82.11,
                82.15
            ],
            [
                82.21,
                82.15
            ],
            [
                82.25,
                82.15
            ],
            [
                82.29,
                82.3
            ],
            [
                82.35,
                82.3
            ],
            [
                82.37,
                82.3
            ],
            [
                82.41,
                82.42
            ],
            [
                82.49,
                82.42
            ],
            [
                82.53,
                82.42
            ],
            [
                82.61,
                82.42
            ],
            [
                82.65,
                82.66
            ],
            [
                82.71,
                82.66
            ],
            [
                82.75,
                82.66
            ],
            [
                82.93,
                82.66
            ],
            [
                82.95,
                82.66
            ],
            [
                83.17,
                82.66
            ]
        ]
    },
    {
        "char_e": 510,
        "char_s": 468,
        "speaker": "Skretničar",
        "text": "A čoveku nikad ni po voje, ma kade god bil.",
        "time_e": 85.74,
        "time_s": 83.2148537505411,
        "words": [
            {
                "char_e": 469,
                "char_s": 468,
                "time_e": 83.45,
                "time_s": 83.2148537505411
            },
            {
                "char_e": 476,
                "char_s": 470,
                "time_e": 83.98,
                "time_s": 83.45
            },
            {
                "char_e": 482,
                "char_s": 477,
                "time_e": 84.29,
                "time_s": 83.98
            },
            {
                "char_e": 485,
                "char_s": 483,
                "time_e": 84.43,
                "time_s": 84.29
            },
            {
                "char_e": 488,
                "char_s": 486,
                "time_e": 84.64,
                "time_s": 84.43
            },
            {
                "char_e": 493,
                "char_s": 489,
                "time_e": 84.86,
                "time_s": 84.64
            },
            {
                "char_e": 497,
                "char_s": 495,
                "time_e": 84.99,
                "time_s": 84.86
            },
            {
                "char_e": 502,
                "char_s": 498,
                "time_e": 85.26,
                "time_s": 84.99
            },
            {
                "char_e": 506,
                "char_s": 503,
                "time_e": 85.43,
                "time_s": 85.26
            },
            {
                "char_e": 510,
                "char_s": 507,
                "time_e": 85.74,
                "time_s": 85.43
            }
        ],
        "chars": [
            [
                83.21,
                83.41
            ],
            [
                83.41,
                83.45
            ],
            [
                83.53,
                83.45
            ],
            [
                83.59,
                83.45
            ],
            [
                83.67,
                83.45
            ],
            [
                83.75,
                83.45
            ],
            [
                83.87,
                83.45
            ],
            [
                83.91,
                83.45
            ],
            [
                83.95,
                83.98
            ],
            [
                84.01,
                83.98
            ],
            [
                84.05,
                83.98
            ],
            [
                84.15,
                83.98
            ],
            [
                84.19,
                83.98
            ],
            [
                84.25,
                83.98
            ],
            [
                84.29,
                84.29
            ],
            [
                84.31,
                84.29
            ],
            [
                84.33,
                84.29
            ],
            [
                84.41,
                84.43
            ],
            [
                84.49,
                84.43
            ],
            [
                84.53,
                84.43
            ],
            [
                84.61,
                84.43
            ],
            [
                84.63,
                84.64
            ],
            [
                84.67,
                84.64
            ],
            [
                84.75,
                84.64
            ],
            [
                84.79,
                84.64
            ],
            [
                84.85,
                84.86
            ],
            [
                84.87,
                84.86
            ],
            [
                84.91,
                84.86
            ],
            [
                84.95,
                84.99
            ],
            [
                85.03,
                84.99
            ],
            [
                85.05,
                84.99
            ],
            [
                85.09,
                84.99
            ],
            [
                85.15,
                84.99
            ],
            [
                85.21,
                84.99
            ],
            [
                85.23,
                85.26
            ],
            [
                85.27,
                85.26
            ],
            [
                85.31,
                85.26
            ],
            [
                85.41,
                85.26
            ],
            [
                85.43,
                85.43
            ],
            [
                85.49,
                85.43
            ],
            [
                85.53,
                85.43
            ],
            [
                85.65,
                85.43
            ],
            [
                85.71,
                85.43
            ]
        ]
    },
    {
        "char_e": 557,
        "char_s": 512,
        "speaker": "Autor",
        "text": "Onput zadumi i treći hitri vlak vas va svitlu.",
        "time_e": 89.06,
        "time_s": 86.12,
        "words": [
            {
                "char_e": 517,
                "char_s": 512,
                "time_e": 86.53,
                "time_s": 86.12
            },
            {
                "char_e": 524,
                "char_s": 518,
                "time_e": 87.03,
                "time_s": 86.53
            },
            {
                "char_e": 526,
                "char_s": 525,
                "time_e": 87.2,
                "time_s": 87.06
            },
            {
                "char_e": 532,
                "char_s": 527,
                "time_e": 87.53,
                "time_s": 87.2
            },
            {
                "char_e": 538,
                "char_s": 533,
                "time_e": 87.84,
                "time_s": 87.53
            },
            {
                "char_e": 543,
                "char_s": 539,
                "time_e": 88.14,
                "time_s": 87.85
            },
            {
                "char_e": 547,
                "char_s": 544,
                "time_e": 88.42,
                "time_s": 88.14
            },
            {
                "char_e": 550,
                "char_s": 548,
                "time_e": 88.53,
                "time_s": 88.42
            },
            {
                "char_e": 557,
                "char_s": 551,
                "time_e": 89.06,
                "time_s": 88.53
            }
        ],
        "chars": [
            [
                86.12,
                86.3
            ],
            [
                86.3,
                86.4
            ],
            [
                86.4,
                86.44
            ],
            [
                86.44,
                86.5
            ],
            [
                86.5,
                86.52
            ],
            [
                86.52,
                86.53
            ],
            [
                86.56,
                86.53
            ],
            [
                86.6,
                86.53
            ],
            [
                86.7,
                86.53
            ],
            [
                86.74,
                86.53
            ],
            [
                86.86,
                86.53
            ],
            [
                86.9,
                87.03
            ],
            [
                87.06,
                87.03
            ],
            [
                87.1,
                87.03
            ],
            [
                87.12,
                87.2
            ],
            [
                87.24,
                87.2
            ],
            [
                87.28,
                87.2
            ],
            [
                87.32,
                87.2
            ],
            [
                87.42,
                87.2
            ],
            [
                87.48,
                87.53
            ],
            [
                87.54,
                87.53
            ],
            [
                87.58,
                87.53
            ],
            [
                87.64,
                87.53
            ],
            [
                87.72,
                87.53
            ],
            [
                87.78,
                87.53
            ],
            [
                87.82,
                87.84
            ],
            [
                87.86,
                87.84
            ],
            [
                87.92,
                87.84
            ],
            [
                87.96,
                87.84
            ],
            [
                88.0,
                87.84
            ],
            [
                88.12,
                88.14
            ],
            [
                88.18,
                88.14
            ],
            [
                88.2,
                88.14
            ],
            [
                88.24,
                88.14
            ],
            [
                88.36,
                88.42
            ],
            [
                88.44,
                88.42
            ],
            [
                88.48,
                88.42
            ],
            [
                88.5,
                88.53
            ],
            [
                88.56,
                88.53
            ],
            [
                88.6,
                88.53
            ],
            [
                88.66,
                88.53
            ],
            [
                88.7,
                88.53
            ],
            [
                88.82,
                88.53
            ],
            [
                88.9,
                88.53
            ],
            [
                88.94,
                88.53
            ],
            [
                89.02,
                88.53
            ]
        ]
    },
    {
        "char_e": 592,
        "char_s": 561,
        "speaker": "Mići Princ",
        "text": "Ča to ovi gone one prve putnike?",
        "time_e": 91.18,
        "time_s": 89.32,
        "words": [
            {
                "char_e": 563,
                "char_s": 561,
                "time_e": 89.5,
                "time_s": 89.32
            },
            {
                "char_e": 566,
                "char_s": 564,
                "time_e": 89.64,
                "time_s": 89.5
            },
            {
                "char_e": 570,
                "char_s": 567,
                "time_e": 89.83,
                "time_s": 89.64
            },
            {
                "char_e": 575,
                "char_s": 571,
                "time_e": 90.12,
                "time_s": 89.83
            },
            {
                "char_e": 579,
                "char_s": 576,
                "time_e": 90.3,
                "time_s": 90.12
            },
            {
                "char_e": 584,
                "char_s": 580,
                "time_e": 90.58,
                "time_s": 90.3
            },
            {
                "char_e": 592,
                "char_s": 585,
                "time_e": 91.18,
                "time_s": 90.58
            }
        ],
        "chars": [
            [
                89.32,
                89.44
            ],
            [
                89.44,
                89.5
            ],
            [
                89.52,
                89.5
            ],
            [
                89.54,
                89.5
            ],
            [
                89.56,
                89.5
            ],
            [
                89.58,
                89.5
            ],
            [
                89.6,
                89.64
            ],
            [
                89.72,
                89.64
            ],
            [
                89.76,
                89.64
            ],
            [
                89.8,
                89.83
            ],
            [
                89.86,
                89.83
            ],
            [
                89.92,
                89.83
            ],
            [
                90.02,
                89.83
            ],
            [
                90.06,
                89.83
            ],
            [
                90.1,
                90.12
            ],
            [
                90.14,
                90.12
            ],
            [
                90.18,
                90.12
            ],
            [
                90.24,
                90.12
            ],
            [
                90.28,
                90.3
            ],
            [
                90.36,
                90.3
            ],
            [
                90.4,
                90.3
            ],
            [
                90.48,
                90.3
            ],
            [
                90.52,
                90.3
            ],
            [
                90.56,
                90.58
            ],
            [
                90.66,
                90.58
            ],
            [
                90.7,
                90.58
            ],
            [
                90.82,
                90.58
            ],
            [
                90.88,
                90.58
            ],
            [
                90.92,
                90.58
            ],
            [
                91.04,
                90.58
            ],
            [
                91.08,
                90.58
            ],
            [
                91.14,
                90.58
            ]
        ]
    },
    {
        "char_e": 674,
        "char_s": 596,
        "speaker": "Skretničar",
        "text": "Niš oni ne gone. Oni nutar spe ili zešu. Samo deca pritišću z nosi na poneštre.",
        "time_e": 98.51,
        "time_s": 92.11,
        "words": [
            {
                "char_e": 599,
                "char_s": 596,
                "time_e": 92.44,
                "time_s": 92.11
            },
            {
                "char_e": 603,
                "char_s": 600,
                "time_e": 92.69,
                "time_s": 92.44
            },
            {
                "char_e": 606,
                "char_s": 604,
                "time_e": 92.82,
                "time_s": 92.69
            },
            {
                "char_e": 611,
                "char_s": 607,
                "time_e": 93.22,
                "time_s": 92.82
            },
            {
                "char_e": 616,
                "char_s": 613,
                "time_e": 93.72,
                "time_s": 93.46
            },
            {
                "char_e": 622,
                "char_s": 617,
                "time_e": 94.08,
                "time_s": 93.72
            },
            {
                "char_e": 626,
                "char_s": 623,
                "time_e": 94.53,
                "time_s": 94.08
            },
            {
                "char_e": 630,
                "char_s": 627,
                "time_e": 94.8,
                "time_s": 94.62
            },
            {
                "char_e": 635,
                "char_s": 631,
                "time_e": 95.45,
                "time_s": 94.8
            },
            {
                "char_e": 641,
                "char_s": 637,
                "time_e": 95.91,
                "time_s": 95.55
            },
            {
                "char_e": 646,
                "char_s": 642,
                "time_e": 96.31,
                "time_s": 95.91
            },
            {
                "char_e": 655,
                "char_s": 647,
                "time_e": 96.97,
                "time_s": 96.32
            },
            {
                "char_e": 657,
                "char_s": 656,
                "time_e": 97.06,
                "time_s": 96.97
            },
            {
                "char_e": 662,
                "char_s": 658,
                "time_e": 97.59,
                "time_s": 97.07
            },
            {
                "char_e": 665,
                "char_s": 663,
                "time_e": 97.87,
                "time_s": 97.69
            },
            {
                "char_e": 674,
                "char_s": 666,
                "time_e": 98.51,
                "time_s": 97.87
            }
        ],
        "chars": [
            [
                92.11,
                92.23
            ],
            [
                92.23,
                92.39
            ],
            [
                92.39,
                92.44
            ],
            [
                92.51,
                92.44
            ],
            [
                92.53,
                92.44
            ],
            [
                92.57,
                92.44
            ],
            [
                92.61,
                92.44
            ],
            [
                92.67,
                92.69
            ],
            [
                92.71,
                92.69
            ],
            [
                92.77,
                92.82
            ],
            [
                92.83,
                92.82
            ],
            [
                92.85,
                92.82
            ],
            [
                92.87,
                92.82
            ],
            [
                92.99,
                92.82
            ],
            [
                93.03,
                93.22
            ],
            [
                93.49,
                93.22
            ],
            [
                93.51,
                93.22
            ],
            [
                93.53,
                93.22
            ],
            [
                93.61,
                93.22
            ],
            [
                93.65,
                93.22
            ],
            [
                93.67,
                93.72
            ],
            [
                93.75,
                93.72
            ],
            [
                93.81,
                93.72
            ],
            [
                93.93,
                93.72
            ],
            [
                93.97,
                93.72
            ],
            [
                94.03,
                94.08
            ],
            [
                94.23,
                94.08
            ],
            [
                94.25,
                94.08
            ],
            [
                94.27,
                94.08
            ],
            [
                94.29,
                94.53
            ],
            [
                94.57,
                94.53
            ],
            [
                94.61,
                94.53
            ],
            [
                94.71,
                94.53
            ],
            [
                94.73,
                94.53
            ],
            [
                94.77,
                94.8
            ],
            [
                94.87,
                94.8
            ],
            [
                94.93,
                94.8
            ],
            [
                95.21,
                94.8
            ],
            [
                95.27,
                95.45
            ],
            [
                95.57,
                95.45
            ],
            [
                95.59,
                95.45
            ],
            [
                95.67,
                95.45
            ],
            [
                95.73,
                95.45
            ],
            [
                95.81,
                95.45
            ],
            [
                95.85,
                95.45
            ],
            [
                95.91,
                95.91
            ],
            [
                95.99,
                95.91
            ],
            [
                96.05,
                95.91
            ],
            [
                96.19,
                95.91
            ],
            [
                96.23,
                95.91
            ],
            [
                96.29,
                96.31
            ],
            [
                96.35,
                96.31
            ],
            [
                96.39,
                96.31
            ],
            [
                96.43,
                96.31
            ],
            [
                96.55,
                96.31
            ],
            [
                96.59,
                96.31
            ],
            [
                96.75,
                96.31
            ],
            [
                96.85,
                96.31
            ],
            [
                96.89,
                96.31
            ],
            [
                96.93,
                96.97
            ],
            [
                97.05,
                97.06
            ],
            [
                97.11,
                97.06
            ],
            [
                97.13,
                97.06
            ],
            [
                97.15,
                97.06
            ],
            [
                97.37,
                97.06
            ],
            [
                97.45,
                97.59
            ],
            [
                97.73,
                97.59
            ],
            [
                97.77,
                97.59
            ],
            [
                97.81,
                97.59
            ],
            [
                97.85,
                97.87
            ],
            [
                97.91,
                97.87
            ],
            [
                97.95,
                97.87
            ],
            [
                98.03,
                97.87
            ],
            [
                98.09,
                97.87
            ],
            [
                98.25,
                97.87
            ],
            [
                98.31,
                97.87
            ],
            [
                98.35,
                97.87
            ],
            [
                98.39,
                97.87
            ],
            [
                98.47,
                97.87
            ]
        ]
    },
    {
        "char_e": 792,
        "char_s": 678,
        "speaker": "Mići Princ",
        "text": "Samo dica znaju ča išću. Dica gube vrime oko jene krpene pupe ka jin postane jako važna pa plaču ko jin je ki zame.",
        "time_e": 105.69,
        "time_s": 98.54,
        "words": [
            {
                "char_e": 682,
                "char_s": 678,
                "time_e": 98.92,
                "time_s": 98.54
            },
            {
                "char_e": 687,
                "char_s": 683,
                "time_e": 99.28,
                "time_s": 98.92
            },
            {
                "char_e": 693,
                "char_s": 688,
                "time_e": 99.62,
                "time_s": 99.29
            },
            {
                "char_e": 696,
                "char_s": 694,
                "time_e": 99.79,
                "time_s": 99.62
            },
            {
                "char_e": 701,
                "char_s": 697,
                "time_e": 100.39,
                "time_s": 99.79
            },
            {
                "char_e": 707,
                "char_s": 703,
                "time_e": 100.78,
                "time_s": 100.47
            },
            {
                "char_e": 712,
                "char_s": 708,
                "time_e": 101.12,
                "time_s": 100.79
            },
            {
                "char_e": 718,
                "char_s": 713,
                "time_e": 101.44,
                "time_s": 101.12
            },
            {
                "char_e": 722,
                "char_s": 719,
                "time_e": 101.59,
                "time_s": 101.44
            },
            {
                "char_e": 727,
                "char_s": 723,
                "time_e": 101.87,
                "time_s": 101.6
            },
            {
                "char_e": 734,
                "char_s": 728,
                "time_e": 102.33,
                "time_s": 101.87
            },
            {
                "char_e": 739,
                "char_s": 735,
                "time_e": 102.73,
                "time_s": 102.33
            },
            {
                "char_e": 742,
                "char_s": 740,
                "time_e": 102.88,
                "time_s": 102.74
            },
            {
                "char_e": 746,
                "char_s": 743,
                "time_e": 103.02,
                "time_s": 102.88
            },
            {
                "char_e": 754,
                "char_s": 747,
                "time_e": 103.45,
                "time_s": 103.02
            },
            {
                "char_e": 759,
                "char_s": 755,
                "time_e": 103.74,
                "time_s": 103.45
            },
            {
                "char_e": 765,
                "char_s": 760,
                "time_e": 104.11,
                "time_s": 103.74
            },
            {
                "char_e": 768,
                "char_s": 766,
                "time_e": 104.25,
                "time_s": 104.11
            },
            {
                "char_e": 774,
                "char_s": 769,
                "time_e": 104.66,
                "time_s": 104.26
            },
            {
                "char_e": 777,
                "char_s": 775,
                "time_e": 104.78,
                "time_s": 104.67
            },
            {
                "char_e": 781,
                "char_s": 778,
                "time_e": 105.0,
                "time_s": 104.79
            },
            {
                "char_e": 784,
                "char_s": 782,
                "time_e": 105.06,
                "time_s": 105.0
            },
            {
                "char_e": 787,
                "char_s": 785,
                "time_e": 105.26,
                "time_s": 105.06
            },
            {
                "char_e": 792,
                "char_s": 788,
                "time_e": 105.69,
                "time_s": 105.26
            }
        ],
        "chars": [
            [
                98.54,
                98.74
            ],
            [
                98.74,
                98.84
            ],
            [
                98.84,
                98.88
            ],
            [
                98.88,
                98.92
            ],
            [
                98.92,
                98.92
            ],
            [
                98.98,
                98.92
            ],
            [
                99.04,
                98.92
            ],
            [
                99.16,
                98.92
            ],
            [
                99.2,
                98.92
            ],
            [
                99.26,
                99.28
            ],
            [
                99.32,
                99.28
            ],
            [
                99.4,
                99.28
            ],
            [
                99.44,
                99.28
            ],
            [
                99.52,
                99.28
            ],
            [
                99.54,
                99.62
            ],
            [
                99.8,
                99.79
            ],
            [
                99.82,
                99.79
            ],
            [
                99.84,
                99.79
            ],
            [
                99.86,
                99.79
            ],
            [
                99.88,
                99.79
            ],
            [
                100.06,
                99.79
            ],
            [
                100.2,
                99.79
            ],
            [
                100.24,
                100.39
            ],
            [
                100.48,
                100.39
            ],
            [
                100.5,
                100.39
            ],
            [
                100.52,
                100.39
            ],
            [
                100.56,
                100.39
            ],
            [
                100.68,
                100.39
            ],
            [
                100.72,
                100.39
            ],
            [
                100.78,
                100.78
            ],
            [
                100.84,
                100.78
            ],
            [
                100.9,
                100.78
            ],
            [
                101.0,
                100.78
            ],
            [
                101.04,
                100.78
            ],
            [
                101.08,
                101.12
            ],
            [
                101.16,
                101.12
            ],
            [
                101.2,
                101.12
            ],
            [
                101.24,
                101.12
            ],
            [
                101.36,
                101.12
            ],
            [
                101.4,
                101.12
            ],
            [
                101.42,
                101.12
            ],
            [
                101.44,
                101.44
            ],
            [
                101.56,
                101.44
            ],
            [
                101.58,
                101.59
            ],
            [
                101.6,
                101.59
            ],
            [
                101.62,
                101.59
            ],
            [
                101.64,
                101.59
            ],
            [
                101.78,
                101.59
            ],
            [
                101.82,
                101.87
            ],
            [
                101.92,
                101.87
            ],
            [
                101.94,
                101.87
            ],
            [
                101.98,
                101.87
            ],
            [
                102.1,
                101.87
            ],
            [
                102.14,
                101.87
            ],
            [
                102.22,
                101.87
            ],
            [
                102.26,
                101.87
            ],
            [
                102.3,
                102.33
            ],
            [
                102.42,
                102.33
            ],
            [
                102.48,
                102.33
            ],
            [
                102.62,
                102.33
            ],
            [
                102.66,
                102.33
            ],
            [
                102.72,
                102.73
            ],
            [
                102.8,
                102.73
            ],
            [
                102.84,
                102.88
            ],
            [
                102.9,
                102.88
            ],
            [
                102.92,
                102.88
            ],
            [
                102.94,
                102.88
            ],
            [
                102.96,
                102.88
            ],
            [
                102.98,
                103.02
            ],
            [
                103.06,
                103.02
            ],
            [
                103.08,
                103.02
            ],
            [
                103.18,
                103.02
            ],
            [
                103.22,
                103.02
            ],
            [
                103.26,
                103.02
            ],
            [
                103.36,
                103.02
            ],
            [
                103.4,
                103.02
            ],
            [
                103.44,
                103.45
            ],
            [
                103.48,
                103.45
            ],
            [
                103.52,
                103.45
            ],
            [
                103.64,
                103.45
            ],
            [
                103.68,
                103.45
            ],
            [
                103.72,
                103.74
            ],
            [
                103.8,
                103.74
            ],
            [
                103.84,
                103.74
            ],
            [
                103.96,
                103.74
            ],
            [
                104.0,
                103.74
            ],
            [
                104.04,
                103.74
            ],
            [
                104.1,
                104.11
            ],
            [
                104.16,
                104.11
            ],
            [
                104.2,
                104.11
            ],
            [
                104.24,
                104.25
            ],
            [
                104.26,
                104.25
            ],
            [
                104.4,
                104.25
            ],
            [
                104.44,
                104.25
            ],
            [
                104.58,
                104.25
            ],
            [
                104.62,
                104.25
            ],
            [
                104.66,
                104.66
            ],
            [
                104.72,
                104.66
            ],
            [
                104.76,
                104.78
            ],
            [
                104.86,
                104.78
            ],
            [
                104.88,
                104.78
            ],
            [
                104.9,
                104.78
            ],
            [
                104.92,
                104.78
            ],
            [
                104.98,
                104.78
            ],
            [
                105.0,
                105.0
            ],
            [
                105.04,
                105.06
            ],
            [
                105.16,
                105.06
            ],
            [
                105.18,
                105.06
            ],
            [
                105.2,
                105.26
            ],
            [
                105.36,
                105.26
            ],
            [
                105.38,
                105.26
            ],
            [
                105.4,
                105.26
            ],
            [
                105.54,
                105.26
            ],
            [
                105.58,
                105.26
            ],
            [
                105.66,
                105.26
            ]
        ]
    },
    {
        "char_e": 812,
        "char_s": 796,
        "speaker": "Skretničar",
        "text": "Deca imaju sreći.",
        "time_e": 107.41,
        "time_s": 106.09,
        "words": [
            {
                "char_e": 800,
                "char_s": 796,
                "time_e": 106.59,
                "time_s": 106.09
            },
            {
                "char_e": 806,
                "char_s": 801,
                "time_e": 107.01,
                "time_s": 106.67
            },
            {
                "char_e": 812,
                "char_s": 807,
                "time_e": 107.41,
                "time_s": 107.01
            }
        ],
        "chars": [
            [
                106.09,
                106.23
            ],
            [
                106.23,
                106.39
            ],
            [
                106.39,
                106.45
            ],
            [
                106.45,
                106.59
            ],
            [
                106.69,
                106.59
            ],
            [
                106.71,
                106.59
            ],
            [
                106.83,
                106.59
            ],
            [
                106.87,
                106.59
            ],
            [
                106.91,
                106.59
            ],
            [
                106.95,
                106.59
            ],
            [
                107.01,
                107.01
            ],
            [
                107.11,
                107.01
            ],
            [
                107.19,
                107.01
            ],
            [
                107.31,
                107.01
            ],
            [
                107.33,
                107.01
            ],
            [
                107.35,
                107.01
            ],
            [
                107.37,
                107.01
            ]
        ]
    }
]