[
    {
        "char_e": 11,
        "char_s": 2,
        "speaker": "Mići Princ",
        "text": "Dobar dan!",
        "time_e": 43.81,
        "time_s": 43.09620965614282,
        "words": [
            {
                "char_e": 7,
                "char_s": 2,
                "time_e": 43.38,
                "time_s": 43.09620965614282
            },
            {
                "char_e": 11,
                "char_s": 8,
                "time_e": 43.81,
                "time_s": 43.39
            }
        ],
        "chars": [
            [
                43.1,
                43.16
            ],
            [
                43.16,
                43.24
            ],
            [
                43.24,
                43.28
            ],
            [
                43.28,
                43.32
            ],
            [
                43.32,
                43.36
            ],
            [
                43.36,
                43.38
            ],
            [
                43.44,
                43.38
            ],
            [
                43.48,
                43.38
            ],
            [
                43.7,
                43.38
            ],
            [
                43.78,
                43.38
            ]
        ]
    },
    {
        "char_e": 22,
        "char_s": 15,
        "speaker": "Trgovac",
        "text": "Boh daj!",
        "time_e": 45.11,
        "time_s": 44.38,
        "words": [
            {
                "char_e": 18,
                "char_s": 15,
                "time_e": 44.67,
                "time_s": 44.38
            },
            {
                "char_e": 22,
                "char_s": 19,
                "time_e": 45.11,
                "time_s": 44.68
            }
        ],
        "chars": [
            [
                44.38,
                44.48
            ],
            [
                44.48,
                44.66
            ],
            [
                44.66,
                44.67
            ],
            [
                44.7,
                44.67
            ],
            [
                44.72,
                44.67
            ],
            [
                44.78,
                44.67
            ],
            [
                44.98,
                44.67
            ],
            [
                45.08,
                44.67
            ]
        ]
    },
    {
        "char_e": 138,
        "char_s": 24,
        "speaker": "Autor",
        "text": "Biv je to trgovac z onimi sakramenskimi tabletami za gasit žeju. Pogutneš jenu na šetimanu i ne bacelaš već za pit.",
        "time_e": 53.91,
        "time_s": 45.73,
        "words": [
            {
                "char_e": 27,
                "char_s": 24,
                "time_e": 46.01,
                "time_s": 45.73
            },
            {
                "char_e": 30,
                "char_s": 28,
                "time_e": 46.13,
                "time_s": 46.02
            },
            {
                "char_e": 33,
                "char_s": 31,
                "time_e": 46.31,
                "time_s": 46.14
            },
            {
                "char_e": 41,
                "char_s": 34,
                "time_e": 46.82,
                "time_s": 46.32
            },
            {
                "char_e": 43,
                "char_s": 42,
                "time_e": 46.97,
                "time_s": 46.83
            },
            {
                "char_e": 49,
                "char_s": 44,
                "time_e": 47.34,
                "time_s": 46.98
            },
            {
                "char_e": 63,
                "char_s": 50,
                "time_e": 48.32,
                "time_s": 47.35
            },
            {
                "char_e": 73,
                "char_s": 64,
                "time_e": 49.1,
                "time_s": 48.33
            },
            {
                "char_e": 76,
                "char_s": 74,
                "time_e": 49.51,
                "time_s": 49.32
            },
            {
                "char_e": 82,
                "char_s": 77,
                "time_e": 49.92,
                "time_s": 49.52
            },
            {
                "char_e": 87,
                "char_s": 83,
                "time_e": 50.44,
                "time_s": 49.93
            },
            {
                "char_e": 97,
                "char_s": 89,
                "time_e": 51.08,
                "time_s": 50.55
            },
            {
                "char_e": 102,
                "char_s": 98,
                "time_e": 51.38,
                "time_s": 51.09
            },
            {
                "char_e": 105,
                "char_s": 103,
                "time_e": 51.52,
                "time_s": 51.39
            },
            {
                "char_e": 114,
                "char_s": 106,
                "time_e": 52.34,
                "time_s": 51.53
            },
            {
                "char_e": 116,
                "char_s": 115,
                "time_e": 52.62,
                "time_s": 52.49
            },
            {
                "char_e": 119,
                "char_s": 117,
                "time_e": 52.74,
                "time_s": 52.63
            },
            {
                "char_e": 127,
                "char_s": 120,
                "time_e": 53.3,
                "time_s": 52.75
            },
            {
                "char_e": 131,
                "char_s": 128,
                "time_e": 53.44,
                "time_s": 53.31
            },
            {
                "char_e": 134,
                "char_s": 132,
                "time_e": 53.63,
                "time_s": 53.45
            },
            {
                "char_e": 138,
                "char_s": 135,
                "time_e": 53.91,
                "time_s": 53.64
            }
        ],
        "chars": [
            [
                45.73,
                45.85
            ],
            [
                45.85,
                45.97
            ],
            [
                45.97,
                46.01
            ],
            [
                46.03,
                46.01
            ],
            [
                46.07,
                46.01
            ],
            [
                46.09,
                46.01
            ],
            [
                46.11,
                46.13
            ],
            [
                46.17,
                46.13
            ],
            [
                46.21,
                46.13
            ],
            [
                46.27,
                46.31
            ],
            [
                46.37,
                46.31
            ],
            [
                46.43,
                46.31
            ],
            [
                46.55,
                46.31
            ],
            [
                46.59,
                46.31
            ],
            [
                46.69,
                46.31
            ],
            [
                46.71,
                46.82
            ],
            [
                46.83,
                46.82
            ],
            [
                46.87,
                46.82
            ],
            [
                46.95,
                46.82
            ],
            [
                46.97,
                46.97
            ],
            [
                47.03,
                46.97
            ],
            [
                47.11,
                46.97
            ],
            [
                47.17,
                46.97
            ],
            [
                47.23,
                46.97
            ],
            [
                47.29,
                46.97
            ],
            [
                47.33,
                47.34
            ],
            [
                47.45,
                47.34
            ],
            [
                47.51,
                47.34
            ],
            [
                47.63,
                47.34
            ],
            [
                47.69,
                47.34
            ],
            [
                47.73,
                47.34
            ],
            [
                47.81,
                47.34
            ],
            [
                47.87,
                47.34
            ],
            [
                47.95,
                47.34
            ],
            [
                48.05,
                47.34
            ],
            [
                48.11,
                47.34
            ],
            [
                48.15,
                47.34
            ],
            [
                48.21,
                47.34
            ],
            [
                48.27,
                47.34
            ],
            [
                48.29,
                48.32
            ],
            [
                48.39,
                48.32
            ],
            [
                48.43,
                48.32
            ],
            [
                48.53,
                48.32
            ],
            [
                48.57,
                48.32
            ],
            [
                48.61,
                48.32
            ],
            [
                48.79,
                48.32
            ],
            [
                48.81,
                48.32
            ],
            [
                48.93,
                48.32
            ],
            [
                48.97,
                49.1
            ],
            [
                49.35,
                49.1
            ],
            [
                49.43,
                49.1
            ],
            [
                49.47,
                49.1
            ],
            [
                49.51,
                49.51
            ],
            [
                49.57,
                49.51
            ],
            [
                49.61,
                49.51
            ],
            [
                49.73,
                49.51
            ],
            [
                49.85,
                49.51
            ],
            [
                49.91,
                49.92
            ],
            [
                50.21,
                49.92
            ],
            [
                50.23,
                49.92
            ],
            [
                50.25,
                49.92
            ],
            [
                50.27,
                49.92
            ],
            [
                50.29,
                50.44
            ],
            [
                50.51,
                50.44
            ],
            [
                50.53,
                50.44
            ],
            [
                50.59,
                50.44
            ],
            [
                50.63,
                50.44
            ],
            [
                50.73,
                50.44
            ],
            [
                50.77,
                50.44
            ],
            [
                50.87,
                50.44
            ],
            [
                50.91,
                50.44
            ],
            [
                50.95,
                50.44
            ],
            [
                51.05,
                51.08
            ],
            [
                51.09,
                51.08
            ],
            [
                51.15,
                51.08
            ],
            [
                51.17,
                51.08
            ],
            [
                51.27,
                51.08
            ],
            [
                51.33,
                51.38
            ],
            [
                51.41,
                51.38
            ],
            [
                51.43,
                51.38
            ],
            [
                51.47,
                51.38
            ],
            [
                51.51,
                51.52
            ],
            [
                51.59,
                51.52
            ],
            [
                51.65,
                51.52
            ],
            [
                51.75,
                51.52
            ],
            [
                51.79,
                51.52
            ],
            [
                51.91,
                51.52
            ],
            [
                51.95,
                51.52
            ],
            [
                52.11,
                51.52
            ],
            [
                52.15,
                52.34
            ],
            [
                52.51,
                52.34
            ],
            [
                52.53,
                52.34
            ],
            [
                52.55,
                52.62
            ],
            [
                52.65,
                52.62
            ],
            [
                52.71,
                52.74
            ],
            [
                52.75,
                52.74
            ],
            [
                52.81,
                52.74
            ],
            [
                52.85,
                52.74
            ],
            [
                52.95,
                52.74
            ],
            [
                52.99,
                52.74
            ],
            [
                53.09,
                52.74
            ],
            [
                53.15,
                52.74
            ],
            [
                53.25,
                53.3
            ],
            [
                53.31,
                53.3
            ],
            [
                53.33,
                53.3
            ],
            [
                53.37,
                53.44
            ],
            [
                53.45,
                53.44
            ],
            [
                53.49,
                53.44
            ],
            [
                53.53,
                53.44
            ],
            [
                53.57,
                53.63
            ],
            [
                53.69,
                53.63
            ],
            [
                53.71,
                53.63
            ],
            [
                53.73,
                53.63
            ],
            [
                53.83,
                53.63
            ],
            [
                53.87,
                53.63
            ]
        ]
    },
    {
        "char_e": 157,
        "char_s": 142,
        "speaker": "Mići Princ",
        "text": "Zač to prodavaš?",
        "time_e": 55.27,
        "time_s": 54.09,
        "words": [
            {
                "char_e": 145,
                "char_s": 142,
                "time_e": 54.21,
                "time_s": 54.09
            },
            {
                "char_e": 148,
                "char_s": 146,
                "time_e": 54.47,
                "time_s": 54.37
            },
            {
                "char_e": 157,
                "char_s": 149,
                "time_e": 55.27,
                "time_s": 54.48
            }
        ],
        "chars": [
            [
                54.09,
                54.17
            ],
            [
                54.17,
                54.21
            ],
            [
                54.33,
                54.21
            ],
            [
                54.35,
                54.21
            ],
            [
                54.37,
                54.21
            ],
            [
                54.39,
                54.21
            ],
            [
                54.45,
                54.47
            ],
            [
                54.53,
                54.47
            ],
            [
                54.57,
                54.47
            ],
            [
                54.61,
                54.47
            ],
            [
                54.71,
                54.47
            ],
            [
                54.75,
                54.47
            ],
            [
                54.91,
                54.47
            ],
            [
                54.93,
                54.47
            ],
            [
                55.13,
                54.47
            ],
            [
                55.23,
                54.47
            ]
        ]
    },
    {
        "char_e": 259,
        "char_s": 161,
        "speaker": "Trgovac",
        "text": "Tako altroke zašparaš vreme. Stručnjaki su to zračunali. Zašparaš pedeset i tri minute na šetemanu.",
        "time_e": 62.67,
        "time_s": 55.89,
        "words": [
            {
                "char_e": 165,
                "char_s": 161,
                "time_e": 56.22,
                "time_s": 55.89
            },
            {
                "char_e": 173,
                "char_s": 166,
                "time_e": 56.75,
                "time_s": 56.23
            },
            {
                "char_e": 182,
                "char_s": 174,
                "time_e": 57.33,
                "time_s": 56.76
            },
            {
                "char_e": 188,
                "char_s": 183,
                "time_e": 57.83,
                "time_s": 57.34
            },
            {
                "char_e": 200,
                "char_s": 190,
                "time_e": 58.48,
                "time_s": 57.87
            },
            {
                "char_e": 203,
                "char_s": 201,
                "time_e": 58.63,
                "time_s": 58.49
            },
            {
                "char_e": 206,
                "char_s": 204,
                "time_e": 58.78,
                "time_s": 58.64
            },
            {
                "char_e": 216,
                "char_s": 207,
                "time_e": 59.44,
                "time_s": 58.79
            },
            {
                "char_e": 226,
                "char_s": 218,
                "time_e": 60.2,
                "time_s": 59.57
            },
            {
                "char_e": 234,
                "char_s": 227,
                "time_e": 60.71,
                "time_s": 60.21
            },
            {
                "char_e": 236,
                "char_s": 235,
                "time_e": 60.81,
                "time_s": 60.72
            },
            {
                "char_e": 240,
                "char_s": 237,
                "time_e": 60.98,
                "time_s": 60.82
            },
            {
                "char_e": 247,
                "char_s": 241,
                "time_e": 61.46,
                "time_s": 60.99
            },
            {
                "char_e": 250,
                "char_s": 248,
                "time_e": 61.9,
                "time_s": 61.62
            },
            {
                "char_e": 259,
                "char_s": 251,
                "time_e": 62.67,
                "time_s": 61.91
            }
        ],
        "chars": [
            [
                55.89,
                55.99
            ],
            [
                55.99,
                56.13
            ],
            [
                56.13,
                56.17
            ],
            [
                56.17,
                56.22
            ],
            [
                56.23,
                56.22
            ],
            [
                56.27,
                56.22
            ],
            [
                56.33,
                56.22
            ],
            [
                56.43,
                56.22
            ],
            [
                56.47,
                56.22
            ],
            [
                56.49,
                56.22
            ],
            [
                56.61,
                56.22
            ],
            [
                56.67,
                56.75
            ],
            [
                56.77,
                56.75
            ],
            [
                56.79,
                56.75
            ],
            [
                56.81,
                56.75
            ],
            [
                56.89,
                56.75
            ],
            [
                56.99,
                56.75
            ],
            [
                57.03,
                56.75
            ],
            [
                57.11,
                56.75
            ],
            [
                57.17,
                56.75
            ],
            [
                57.27,
                56.75
            ],
            [
                57.31,
                57.33
            ],
            [
                57.39,
                57.33
            ],
            [
                57.41,
                57.33
            ],
            [
                57.51,
                57.33
            ],
            [
                57.65,
                57.33
            ],
            [
                57.69,
                57.83
            ],
            [
                57.89,
                57.83
            ],
            [
                57.91,
                57.83
            ],
            [
                57.95,
                57.83
            ],
            [
                58.01,
                57.83
            ],
            [
                58.05,
                57.83
            ],
            [
                58.09,
                57.83
            ],
            [
                58.19,
                57.83
            ],
            [
                58.23,
                57.83
            ],
            [
                58.25,
                57.83
            ],
            [
                58.29,
                57.83
            ],
            [
                58.37,
                57.83
            ],
            [
                58.43,
                57.83
            ],
            [
                58.47,
                58.48
            ],
            [
                58.51,
                58.48
            ],
            [
                58.55,
                58.48
            ],
            [
                58.59,
                58.63
            ],
            [
                58.67,
                58.63
            ],
            [
                58.69,
                58.63
            ],
            [
                58.75,
                58.78
            ],
            [
                58.81,
                58.78
            ],
            [
                58.87,
                58.78
            ],
            [
                58.89,
                58.78
            ],
            [
                58.99,
                58.78
            ],
            [
                59.05,
                58.78
            ],
            [
                59.13,
                58.78
            ],
            [
                59.19,
                58.78
            ],
            [
                59.29,
                58.78
            ],
            [
                59.33,
                59.44
            ],
            [
                59.57,
                59.44
            ],
            [
                59.59,
                59.44
            ],
            [
                59.65,
                59.44
            ],
            [
                59.69,
                59.44
            ],
            [
                59.81,
                59.44
            ],
            [
                59.91,
                59.44
            ],
            [
                59.95,
                59.44
            ],
            [
                60.05,
                59.44
            ],
            [
                60.09,
                59.44
            ],
            [
                60.17,
                59.44
            ],
            [
                60.19,
                60.2
            ],
            [
                60.27,
                60.71
            ],
            [
                60.75,
                60.71
            ],
            [
                60.77,
                60.71
            ],
            [
                60.79,
                60.71
            ],
            [
                60.81,
                60.81
            ],
            [
                60.83,
                60.81
            ],
            [
                60.85,
                60.81
            ],
            [
                60.87,
                60.81
            ],
            [
                60.89,
                60.81
            ],
            [
                60.91,
                60.81
            ],
            [
                60.93,
                60.81
            ],
            [
                60.95,
                60.81
            ],
            [
                60.97,
                60.98
            ],
            [
                60.99,
                60.98
            ],
            [
                61.03,
                60.98
            ],
            [
                61.05,
                60.98
            ],
            [
                61.13,
                60.98
            ],
            [
                61.17,
                60.98
            ],
            [
                61.29,
                60.98
            ],
            [
                61.33,
                61.46
            ],
            [
                61.67,
                61.46
            ],
            [
                61.81,
                61.46
            ],
            [
                61.85,
                61.9
            ],
            [
                62.13,
                61.9
            ],
            [
                62.15,
                61.9
            ],
            [
                62.17,
                61.9
            ],
            [
                62.27,
                61.9
            ],
            [
                62.29,
                61.9
            ],
            [
                62.31,
                61.9
            ],
            [
                62.33,
                61.9
            ],
            [
                62.51,
                61.9
            ],
            [
                62.57,
                61.9
            ],
            [
                62.63,
                61.9
            ]
        ]
    },
    {
        "char_e": 300,
        "char_s": 263,
        "speaker": "Mići Princ",
        "text": "I ča dilaš s tih pedeset i tri minute?",
        "time_e": 65.06,
        "time_s": 62.72,
        "words": [
            {
                "char_e": 264,
                "char_s": 263,
                "time_e": 62.86,
                "time_s": 62.72
            },
            {
                "char_e": 267,
                "char_s": 265,
                "time_e": 63.01,
                "time_s": 62.87
            },
            {
                "char_e": 273,
                "char_s": 268,
                "time_e": 63.44,
                "time_s": 63.15
            },
            {
                "char_e": 275,
                "char_s": 274,
                "time_e": 63.52,
                "time_s": 63.45
            },
            {
                "char_e": 279,
                "char_s": 276,
                "time_e": 63.71,
                "time_s": 63.53
            },
            {
                "char_e": 287,
                "char_s": 280,
                "time_e": 64.24,
                "time_s": 63.72
            },
            {
                "char_e": 289,
                "char_s": 288,
                "time_e": 64.31,
                "time_s": 64.25
            },
            {
                "char_e": 293,
                "char_s": 290,
                "time_e": 64.52,
                "time_s": 64.32
            },
            {
                "char_e": 300,
                "char_s": 294,
                "time_e": 65.06,
                "time_s": 64.53
            }
        ],
        "chars": [
            [
                62.72,
                62.8
            ],
            [
                62.8,
                62.86
            ],
            [
                62.98,
                63.01
            ],
            [
                63.04,
                63.01
            ],
            [
                63.16,
                63.01
            ],
            [
                63.18,
                63.01
            ],
            [
                63.22,
                63.01
            ],
            [
                63.32,
                63.01
            ],
            [
                63.36,
                63.44
            ],
            [
                63.46,
                63.44
            ],
            [
                63.5,
                63.44
            ],
            [
                63.52,
                63.52
            ],
            [
                63.54,
                63.52
            ],
            [
                63.56,
                63.52
            ],
            [
                63.62,
                63.52
            ],
            [
                63.68,
                63.52
            ],
            [
                63.7,
                63.71
            ],
            [
                63.78,
                64.24
            ],
            [
                64.28,
                64.24
            ],
            [
                64.3,
                64.31
            ],
            [
                64.32,
                64.31
            ],
            [
                64.34,
                64.31
            ],
            [
                64.36,
                64.31
            ],
            [
                64.38,
                64.31
            ],
            [
                64.4,
                64.31
            ],
            [
                64.42,
                64.31
            ],
            [
                64.44,
                64.31
            ],
            [
                64.46,
                64.31
            ],
            [
                64.48,
                64.31
            ],
            [
                64.5,
                64.31
            ],
            [
                64.52,
                64.52
            ],
            [
                64.56,
                64.52
            ],
            [
                64.6,
                64.52
            ],
            [
                64.68,
                64.52
            ],
            [
                64.72,
                64.52
            ],
            [
                64.9,
                64.52
            ],
            [
                64.92,
                64.52
            ],
            [
                65.02,
                64.52
            ]
        ]
    },
    {
        "char_e": 327,
        "char_s": 304,
        "speaker": "Trgovac",
        "text": "Delaš ča god te je voja.",
        "time_e": 67.31,
        "time_s": 65.13,
        "words": [
            {
                "char_e": 309,
                "char_s": 304,
                "time_e": 65.68,
                "time_s": 65.13
            },
            {
                "char_e": 312,
                "char_s": 310,
                "time_e": 65.9,
                "time_s": 65.69
            },
            {
                "char_e": 316,
                "char_s": 313,
                "time_e": 66.32,
                "time_s": 65.91
            },
            {
                "char_e": 319,
                "char_s": 317,
                "time_e": 66.56,
                "time_s": 66.36
            },
            {
                "char_e": 322,
                "char_s": 320,
                "time_e": 66.75,
                "time_s": 66.57
            },
            {
                "char_e": 327,
                "char_s": 323,
                "time_e": 67.31,
                "time_s": 66.76
            }
        ],
        "chars": [
            [
                65.13,
                65.39
            ],
            [
                65.39,
                65.47
            ],
            [
                65.47,
                65.51
            ],
            [
                65.51,
                65.65
            ],
            [
                65.65,
                65.68
            ],
            [
                65.79,
                65.68
            ],
            [
                65.81,
                65.68
            ],
            [
                65.83,
                65.9
            ],
            [
                65.91,
                65.9
            ],
            [
                66.05,
                65.9
            ],
            [
                66.11,
                66.32
            ],
            [
                66.37,
                66.32
            ],
            [
                66.39,
                66.32
            ],
            [
                66.41,
                66.32
            ],
            [
                66.43,
                66.56
            ],
            [
                66.57,
                66.56
            ],
            [
                66.59,
                66.56
            ],
            [
                66.63,
                66.56
            ],
            [
                66.75,
                66.75
            ],
            [
                66.93,
                66.75
            ],
            [
                66.97,
                66.75
            ],
            [
                67.11,
                66.75
            ],
            [
                67.13,
                66.75
            ],
            [
                67.27,
                66.75
            ]
        ]
    },
    {
        "char_e": 427,
        "char_s": 330,
        "speaker": "Mići Princ",
        "text": "Kada bin ja imev pedeset i tri minute slobodniga vrimena, šav bin skrozi pomalo do kakoviga zvira.“",
        "time_e": 75.1267258816287,
        "time_s": 67.93,
        "words": [
            {
                "char_e": 334,
                "char_s": 330,
                "time_e": 68.13,
                "time_s": 67.93
            },
            {
                "char_e": 338,
                "char_s": 335,
                "time_e": 68.33,
                "time_s": 68.14
            },
            {
                "char_e": 341,
                "char_s": 339,
                "time_e": 68.55,
                "time_s": 68.34
            },
            {
                "char_e": 346,
                "char_s": 342,
                "time_e": 68.8,
                "time_s": 68.56
            },
            {
                "char_e": 354,
                "char_s": 347,
                "time_e": 69.39,
                "time_s": 68.81
            },
            {
                "char_e": 356,
                "char_s": 355,
                "time_e": 69.46,
                "time_s": 69.4
            },
            {
                "char_e": 360,
                "char_s": 357,
                "time_e": 69.7,
                "time_s": 69.47
            },
            {
                "char_e": 367,
                "char_s": 361,
                "time_e": 70.21,
                "time_s": 69.71
            },
            {
                "char_e": 378,
                "char_s": 368,
                "time_e": 70.8,
                "time_s": 70.22
            },
            {
                "char_e": 386,
                "char_s": 379,
                "time_e": 71.33,
                "time_s": 70.81
            },
            {
                "char_e": 391,
                "char_s": 388,
                "time_e": 72.05,
                "time_s": 71.66
            },
            {
                "char_e": 395,
                "char_s": 392,
                "time_e": 72.32,
                "time_s": 72.06
            },
            {
                "char_e": 402,
                "char_s": 396,
                "time_e": 73.09,
                "time_s": 72.33
            },
            {
                "char_e": 409,
                "char_s": 403,
                "time_e": 73.71,
                "time_s": 73.1
            },
            {
                "char_e": 412,
                "char_s": 410,
                "time_e": 73.95,
                "time_s": 73.78
            },
            {
                "char_e": 421,
                "char_s": 413,
                "time_e": 74.56,
                "time_s": 73.96
            },
            {
                "char_e": 427,
                "char_s": 422,
                "time_e": 75.1267258816287,
                "time_s": 74.57
            }
        ],
        "chars": [
            [
                67.93,
                68.01
            ],
            [
                68.01,
                68.07
            ],
            [
                68.07,
                68.09
            ],
            [
                68.09,
                68.11
            ],
            [
                68.11,
                68.13
            ],
            [
                68.17,
                68.13
            ],
            [
                68.19,
                68.13
            ],
            [
                68.23,
                68.13
            ],
            [
                68.25,
                68.33
            ],
            [
                68.39,
                68.33
            ],
            [
                68.43,
                68.55
            ],
            [
                68.57,
                68.55
            ],
            [
                68.59,
                68.55
            ],
            [
                68.65,
                68.55
            ],
            [
                68.71,
                68.55
            ],
            [
                68.75,
                68.55
            ],
            [
                68.77,
                68.8
            ],
            [
                68.87,
                69.39
            ],
            [
                69.57,
                69.46
            ],
            [
                69.59,
                69.46
            ],
            [
                69.61,
                69.46
            ],
            [
                69.63,
                69.46
            ],
            [
                69.65,
                69.46
            ],
            [
                69.67,
                69.46
            ],
            [
                69.69,
                69.7
            ],
            [
                69.71,
                69.7
            ],
            [
                69.73,
                69.7
            ],
            [
                69.75,
                69.7
            ],
            [
                69.77,
                69.7
            ],
            [
                69.79,
                69.7
            ],
            [
                69.83,
                69.7
            ],
            [
                69.85,
                69.7
            ],
            [
                69.87,
                69.7
            ],
            [
                69.89,
                69.7
            ],
            [
                69.91,
                69.7
            ],
            [
                70.11,
                69.7
            ],
            [
                70.15,
                69.7
            ],
            [
                70.21,
                70.21
            ],
            [
                70.27,
                70.21
            ],
            [
                70.31,
                70.21
            ],
            [
                70.35,
                70.21
            ],
            [
                70.45,
                70.21
            ],
            [
                70.47,
                70.21
            ],
            [
                70.55,
                70.21
            ],
            [
                70.61,
                70.21
            ],
            [
                70.63,
                70.21
            ],
            [
                70.71,
                70.21
            ],
            [
                70.75,
                70.21
            ],
            [
                70.79,
                70.8
            ],
            [
                70.89,
                70.8
            ],
            [
                70.93,
                70.8
            ],
            [
                70.97,
                70.8
            ],
            [
                71.09,
                70.8
            ],
            [
                71.13,
                70.8
            ],
            [
                71.23,
                70.8
            ],
            [
                71.27,
                71.33
            ],
            [
                71.67,
                71.33
            ],
            [
                71.69,
                71.33
            ],
            [
                71.79,
                71.33
            ],
            [
                71.87,
                72.05
            ],
            [
                72.11,
                72.05
            ],
            [
                72.13,
                72.05
            ],
            [
                72.15,
                72.05
            ],
            [
                72.17,
                72.05
            ],
            [
                72.25,
                72.32
            ],
            [
                72.35,
                72.32
            ],
            [
                72.47,
                72.32
            ],
            [
                72.69,
                72.32
            ],
            [
                72.77,
                72.32
            ],
            [
                72.81,
                72.32
            ],
            [
                72.97,
                72.32
            ],
            [
                73.03,
                72.32
            ],
            [
                73.09,
                73.09
            ],
            [
                73.19,
                73.09
            ],
            [
                73.21,
                73.09
            ],
            [
                73.35,
                73.09
            ],
            [
                73.39,
                73.09
            ],
            [
                73.49,
                73.09
            ],
            [
                73.53,
                73.71
            ],
            [
                73.79,
                73.71
            ],
            [
                73.87,
                73.71
            ],
            [
                73.91,
                73.95
            ],
            [
                73.97,
                73.95
            ],
            [
                74.01,
                73.95
            ],
            [
                74.05,
                73.95
            ],
            [
                74.17,
                73.95
            ],
            [
                74.21,
                73.95
            ],
            [
                74.31,
                73.95
            ],
            [
                74.35,
                73.95
            ],
            [
                74.43,
                73.95
            ],
            [
                74.47,
                74.56
            ],
            [
                74.57,
                74.56
            ],
            [
                74.69,
                74.56
            ],
            [
                74.79,
                74.56
            ],
            [
                74.81,
                74.56
            ],
            [
                74.93,
                74.56
            ],
            [
                74.97,
                74.56
            ],
            [
                75.07,
                74.56
            ],
            [
                75.09,
                74.56
            ]
        ]
    }
]